position,response_index,region,prefix,actual_next_token_id,actual_next_token,arm,rank,token_id,token_text,raw_logit,probability_T0.6,probability_T1.0,log_probability_T0.6
1,0,<reasoning> 标签/边界,,27,<,student,1,27,<,37.75,1.0,0.9999991059303284,0.0
1,0,<reasoning> 标签/边界,,27,<,teacher,1,27,<,40.75,1.0,0.9999998807907104,0.0
1,0,<reasoning> 标签/边界,,27,<,student,2,366, <,23.75,7.35296754039716e-11,8.315279274029308e-07,-23.333332061767578
1,0,<reasoning> 标签/边界,,27,<,teacher,2,366, <,25.125,4.900597289081432e-12,1.6373770961308765e-07,-26.041664123535156
1,0,<reasoning> 标签/边界,,27,<,student,3,4159,<int,20.875,6.101936989542922e-13,4.691164434689199e-08,-28.125
1,0,<reasoning> 标签/边界,,27,<,teacher,3,11275,<tr,22.125,3.301996330984554e-14,8.152020392060422e-09,-31.041664123535156
1,0,<reasoning> 标签/边界,,27,<,student,4,11275,<tr,20.25,2.1531719820739453e-13,2.510999053129126e-08,-29.166664123535156
1,0,<reasoning> 标签/边界,,27,<,teacher,4,88752,<algorithm,21.875,2.1768072506209504e-14,6.348800152267131e-09,-31.458332061767578
1,0,<reasoning> 标签/边界,,27,<,student,5,88752,<algorithm,20.125,1.7482341258239636e-13,2.2159490242756874e-08,-29.375
1,0,<reasoning> 标签/边界,,27,<,teacher,5,144138,〈,21.375,9.460377156677614e-15,3.850741947530878e-09,-32.291664123535156
1,0,<reasoning> 标签/边界,,27,<,student,6,1784,><,19.375,5.008774495965547e-14,1.0467402056235642e-08,-30.625
1,0,<reasoning> 标签/边界,,27,<,teacher,6,4159,<int,21.25,7.68120477976069e-15,3.3982678893096363e-09,-32.5
1,0,<reasoning> 标签/边界,,27,<,student,7,30558,"<
",19.375,5.008774495965547e-14,1.0467402056235642e-08,-30.625
1,0,<reasoning> 标签/边界,,27,<,teacher,7,32264,<object,21.125,6.2366570038213144e-15,2.998960857425459e-09,-32.70833206176758
1,0,<reasoning> 标签/边界,,27,<,student,8,32264,<object,19.25,4.066811516993847e-14,9.23744991609965e-09,-30.833332061767578
1,0,<reasoning> 标签/边界,,27,<,teacher,8,30558,"<
",21.0,5.063775140439495e-15,2.646573848963385e-09,-32.916664123535156
1,0,<reasoning> 标签/边界,,27,<,student,9,87398,<::,18.625,1.435040678139394e-14,4.94445018262013e-09,-31.874998092651367
1,0,<reasoning> 标签/边界,,27,<,teacher,9,1784,><,20.875,4.111452609709696e-15,2.335593052293916e-09,-33.125
1,0,<reasoning> 标签/边界,,27,<,student,10,13680,<link,18.5,1.1651609886610074e-14,4.363462480228009e-09,-32.08333206176758
1,0,<reasoning> 标签/边界,,27,<,teacher,10,50279,<ll,20.875,4.111452609709696e-15,2.335593052293916e-09,-33.125
2,1,<reasoning> 标签/边界,<,19895,reason,student,1,19895,reason,36.75,1.0,0.9999990463256836,0.0
2,1,<reasoning> 标签/边界,<,19895,reason,teacher,1,19895,reason,35.25,1.0,0.9999982714653015,0.0
2,1,<reasoning> 标签/边界,<,19895,reason,student,2,32711, reasoning,21.75,1.3887944613766301e-11,3.0590203436986485e-07,-25.0
2,1,<reasoning> 标签/边界,<,19895,reason,teacher,2,25139,Reason,20.75,3.195578177073166e-11,5.043467012910696e-07,-24.166667938232422
2,1,<reasoning> 标签/边界,<,19895,reason,student,3,2165,ration,21.375,7.433680407342713e-12,2.102431864159371e-07,-25.625
2,1,<reasoning> 标签/边界,<,19895,reason,teacher,3,1311,action,20.25,1.3887944613766301e-11,3.059017217310611e-07,-25.0
2,1,<reasoning> 标签/边界,<,19895,reason,student,4,25139,Reason,21.375,7.433680407342713e-12,2.102431864159371e-07,-25.625
2,1,<reasoning> 标签/边界,<,19895,reason,teacher,4,32711, reasoning,20.0,9.155485397593921e-12,2.3823650963095133e-07,-25.416667938232422
2,1,<reasoning> 标签/边界,<,19895,reason,student,5,2874, reason,20.5,1.7292456529205413e-12,8.764248349280024e-08,-27.083335876464844
2,1,<reasoning> 标签/边界,<,19895,reason,teacher,5,2874, reason,19.875,7.433680407342713e-12,2.1024298746397108e-07,-25.625
2,1,<reasoning> 标签/边界,<,19895,reason,student,6,1311,action,19.375,2.6518839750001855e-13,2.8453348122070565e-08,-28.958335876464844
2,1,<reasoning> 标签/边界,<,19895,reason,teacher,6,2165,ration,19.875,7.433680407342713e-12,2.1024298746397108e-07,-25.625
2,1,<reasoning> 标签/边界,<,19895,reason,student,7,46692,reasonable,19.375,2.6518839750001855e-13,2.8453348122070565e-08,-28.958335876464844
2,1,<reasoning> 标签/边界,<,19895,reason,teacher,7,46692,reasonable,18.625,9.25600308204766e-13,6.023562804102767e-08,-27.70833396911621
2,1,<reasoning> 标签/边界,<,19895,reason,student,8,38229,_reason,18.875,1.1525055540993756e-13,1.7257828943684217e-08,-29.791667938232422
2,1,<reasoning> 标签/边界,<,19895,reason,teacher,8,38229,_reason,18.25,4.954381089411486e-13,4.139929643542928e-08,-28.33333396911621
2,1,<reasoning> 标签/边界,<,19895,reason,student,9,57703,.reason,17.75,1.7674243687516855e-14,5.602796449011294e-09,-31.666667938232422
2,1,<reasoning> 标签/边界,<,19895,reason,teacher,9,57703,.reason,16.875,5.008774495965547e-14,1.0467381628131989e-08,-30.625
2,1,<reasoning> 标签/边界,<,19895,reason,student,10,102401,理由,17.5,1.165156499386387e-14,4.363462480228009e-09,-32.083335876464844
2,1,<reasoning> 标签/边界,<,19895,reason,teacher,10,265,re,16.625,3.3019837948969344e-14,8.152005293027287e-09,-31.041667938232422
3,2,<reasoning> 标签/边界,<reason,287,ing,student,1,287,ing,52.75,1.0,1.0,0.0
3,2,<reasoning> 标签/边界,<reason,287,ing,teacher,1,287,ing,52.75,1.0,1.0,0.0
3,2,<reasoning> 标签/边界,<reason,287,ing,student,2,1718,ING,30.125,4.20222640427964e-17,1.493094675675266e-10,-37.70833206176758
3,2,<reasoning> 标签/边界,<reason,287,ing,teacher,2,1718,ING,29.125,7.936970858194324e-18,5.4927885156930145e-11,-39.375
3,2,<reasoning> 标签/边界,<reason,287,ing,student,3,1229,ning,26.625,1.230539340887114e-19,4.508755348242577e-12,-43.541664123535156
3,2,<reasoning> 标签/边界,<reason,287,ing,teacher,3,1229,ning,26.625,1.230539340887114e-19,4.508755348242577e-12,-43.541664123535156
3,2,<reasoning> 标签/边界,<reason,287,ing,student,4,819,ings,23.625,8.291309796333216e-22,2.2447771723041465e-13,-48.541664123535156
3,2,<reasoning> 标签/边界,<reason,287,ing,teacher,4,819,ings,24.125,1.907807870374204e-21,3.7010116651046976e-13,-47.70833206176758
3,2,<reasoning> 标签/边界,<reason,287,ing,student,5,74919,ingt,22.875,2.3754999993356537e-22,1.0603575851565739e-13,-49.791664123535156
3,2,<reasoning> 标签/边界,<reason,287,ing,teacher,5,19744,oning,22.0,5.525960543653601e-23,4.420228560345768e-14,-51.25
3,2,<reasoning> 标签/边界,<reason,287,ing,student,6,19744,oning,22.75,1.9287498933537385e-22,9.357622912219837e-14,-50.0
3,2,<reasoning> 标签/边界,<reason,287,ing,teacher,6,126604,инг,22.0,5.525960543653601e-23,4.420228560345768e-14,-51.25
3,2,<reasoning> 标签/边界,<reason,287,ing,student,7,5740,ining,22.5,1.271513522503601e-22,7.287724433256357e-14,-50.416664123535156
3,2,<reasoning> 标签/边界,<reason,287,ing,teacher,7,6968,ding,21.375,1.9499292624915484e-23,2.365977659830095e-14,-52.291664123535156
3,2,<reasoning> 标签/边界,<reason,287,ing,student,8,126604,инг,22.25,8.382323013996844e-23,5.6756852093598625e-14,-50.83333206176758
3,2,<reasoning> 标签/边界,<reason,287,ing,teacher,8,5311,ming,21.25,1.5832143333807154e-23,2.0879678940140776e-14,-52.5
3,2,<reasoning> 标签/边界,<reason,287,ing,student,9,3173,ging,21.625,2.9578336485818217e-23,3.0379751448858516e-14,-51.875
3,2,<reasoning> 标签/边界,<reason,287,ing,teacher,9,74919,ingt,21.25,1.5832143333807154e-23,2.0879678940140776e-14,-52.5
3,2,<reasoning> 标签/边界,<reason,287,ing,student,10,24030,inging,21.125,1.2854708542768944e-23,1.842625309061638e-14,-52.70833206176758
3,2,<reasoning> 标签/边界,<reason,287,ing,teacher,10,3173,ging,20.875,8.474335907754004e-24,1.4350379676339627e-14,-53.125
4,3,<reasoning> 标签/边界,<reasoning,397,">
",student,1,397,">
",49.25,1.0,0.9999938607215881,0.0
4,3,<reasoning> 标签/边界,<reasoning,397,">
",teacher,1,397,">
",49.25,1.0,0.9999645948410034,0.0
4,3,<reasoning> 标签/边界,<reasoning,397,">
",student,2,29,>,37.25,2.061161463728922e-09,6.144177405076334e-06,-19.999996185302734
4,3,<reasoning> 标签/边界,<reasoning,397,">
",teacher,2,29,>,39.0,3.8089460474566295e-08,3.53562536474783e-05,-17.083328247070312
4,3,<reasoning> 标签/边界,<reasoning,397,">
",student,3,1339,">

",26.0,1.4828269616835864e-17,7.991914074967355e-11,-38.749996185302734
4,3,<reasoning> 标签/边界,<reasoning,397,">
",teacher,3,16357,>The,27.125,9.669246375866342e-17,2.461607861992121e-10,-36.874996185302734
4,3,<reasoning> 标签/边界,<reasoning,397,">
",student,4,1433,">
",25.125,3.4494109831563548e-18,3.331525333383212e-11,-40.20832824707031
4,3,<reasoning> 标签/边界,<reasoning,397,">
",teacher,4,1433,">
",25.75,9.775385559857716e-18,6.223919296610703e-11,-39.166664123535156
4,3,<reasoning> 标签/边界,<reasoning,397,">
",student,5,16357,>The,24.0,5.289842764743457e-19,1.0815880309433812e-11,-42.08332824707031
4,3,<reasoning> 标签/边界,<reasoning,397,">
",teacher,5,1339,">

",25.0,2.800694794556796e-18,2.939971183169021e-11,-40.416664123535156
4,3,<reasoning> 标签/边界,<reasoning,397,">
",student,6,23431,">'
",21.875,1.532201512033605e-20,1.2917726784078543e-12,-45.624996185302734
4,3,<reasoning> 标签/边界,<reasoning,397,">
",teacher,6,23431,">'
",24.875,2.2739887802845744e-18,2.5945155746054382e-11,-40.624996185302734
4,3,<reasoning> 标签/边界,<reasoning,397,">
",student,7,19134,">""
",21.75,1.2440518531810507e-20,1.1399853500418389e-12,-45.83332824707031
4,3,<reasoning> 标签/边界,<reasoning,397,">
",teacher,7,19134,">""
",23.875,4.2950045327472363e-19,9.544688824025815e-12,-42.291664123535156
4,3,<reasoning> 标签/边界,<reasoning,397,">
",student,8,43373,">\
",20.5,1.5490206020858334e-21,3.2661129660202515e-13,-47.916664123535156
4,3,<reasoning> 标签/边界,<reasoning,397,">
",teacher,8,1472,></,23.0,9.991209596177142e-20,3.978818143013374e-12,-43.749996185302734
4,3,<reasoning> 标签/边界,<reasoning,397,">
",student,9,39071,">>
",20.0,6.732024359443804e-22,1.9809975600020013e-13,-48.749996185302734
4,3,<reasoning> 标签/边界,<reasoning,397,">
",teacher,9,41993,>This,22.625,5.347909422028002e-20,2.7345992224120375e-12,-44.374996185302734
4,3,<reasoning> 标签/边界,<reasoning,397,">
",student,10,65330,>In,20.0,6.732024359443804e-22,1.9809975600020013e-13,-48.749996185302734
4,3,<reasoning> 标签/边界,<reasoning,397,">
",teacher,10,54521,>You,22.625,5.347909422028002e-20,2.7345992224120375e-12,-44.374996185302734
5,4,reasoning 正文,"<reasoning>
",40,I,student,1,40,I,38.0,0.9997498393058777,0.9919665455818176,-0.00025018901214934886
5,4,reasoning 正文,"<reasoning>
",40,I,teacher,1,40,I,42.75,0.9999701380729675,0.9980729222297668,-2.992108420585282e-05
5,4,reasoning 正文,"<reasoning>
",40,I,student,2,785,The,33.0,0.00024030973145272583,0.006683818995952606,-8.333581924438477
5,4,reasoning 正文,"<reasoning>
",40,I,teacher,2,785,The,36.5,2.9928554795333184e-05,0.001926734228618443,-10.41669750213623
5,4,reasoning 正文,"<reasoning>
",40,I,student,3,32313,Okay,31.0,8.572786100558005e-06,0.0009045565966516733,-11.66691780090332
5,4,reasoning 正文,"<reasoning>
",40,I,teacher,3,24617,Starting,27.625,1.1275753768191787e-11,2.694375211831357e-07,-25.20836639404297
5,4,reasoning 正文,"<reasoning>
",40,I,student,4,1249,To,29.5,7.036970828266931e-07,0.00020183375454507768,-14.16691780090332
5,4,reasoning 正文,"<reasoning>
",40,I,teacher,4,1249,To,26.5,1.729192743854524e-12,8.747364432792892e-08,-27.08336639404297
5,4,reasoning 正文,"<reasoning>
",40,I,student,5,71486,Alright,29.375,5.713579867006047e-07,0.0001781176688382402,-14.375249862670898
5,4,reasoning 正文,"<reasoning>
",40,I,teacher,5,358, I,25.75,4.954220085388872e-13,4.13196232784685e-08,-28.33336639404297
5,4,reasoning 正文,"<reasoning>
",40,I,student,6,13936,Welcome,27.5,2.5103716438934498e-08,2.7315229090163484e-05,-17.5002498626709
5,4,reasoning 正文,"<reasoning>
",40,I,teacher,6,13936,Welcome,24.625,7.597542657934026e-14,1.341451660863413e-08,-30.20836639404297
5,4,reasoning 正文,"<reasoning>
",40,I,student,7,5050,My,26.5,4.741473880187641e-09,1.0048711374111008e-05,-19.16691780090332
5,4,reasoning 正文,"<reasoning>
",40,I,teacher,7,641,In,23.75,1.76737049745624e-14,5.592002860765888e-09,-31.666698455810547
5,4,reasoning 正文,"<reasoning>
",40,I,student,8,641,In,26.375,3.849779606213133e-09,8.867956239555497e-06,-19.3752498626709
5,4,reasoning 正文,"<reasoning>
",40,I,teacher,8,5338,First,23.25,7.680970151634301e-15,3.3917211261780267e-09,-32.500030517578125
5,4,reasoning 正文,"<reasoning>
",40,I,student,9,1655,At,26.125,2.537928089907382e-09,6.906371709192172e-06,-19.79191780090332
5,4,reasoning 正文,"<reasoning>
",40,I,teacher,9,3479,Start,23.0,5.063601075168834e-15,2.6414750387004915e-09,-32.91669845581055
5,4,reasoning 正文,"<reasoning>
",40,I,student,10,5338,First,25.875,1.6731094287791848e-09,5.378687546908623e-06,-20.208581924438477
5,4,reasoning 正文,"<reasoning>
",40,I,teacher,10,22464,Looking,22.75,3.3381274107342805e-15,2.0571828684978755e-09,-33.33336639404297
6,5,reasoning 正文,"<reasoning>
I",1184, need,student,1,1184, need,49.5,1.0,1.0,0.0
6,5,reasoning 正文,"<reasoning>
I",1184, need,teacher,1,1184, need,49.5,1.0,0.9999997615814209,0.0
6,5,reasoning 正文,"<reasoning>
I",1184, need,student,2,85106,需要,31.625,1.1525055540993756e-13,1.7257828943684217e-08,-29.791667938232422
6,5,reasoning 正文,"<reasoning>
I",1184, need,teacher,2,1079, am,34.0,6.0356602528399694e-12,1.8553915026586765e-07,-25.833335876464844
6,5,reasoning 正文,"<reasoning>
I",1184, need,student,3,14656, Need,30.375,1.4350379676339627e-14,4.94445018262013e-09,-31.875
6,5,reasoning 正文,"<reasoning>
I",1184, need,teacher,3,85106,需要,32.0,2.1531637150323801e-13,2.510999053129126e-08,-29.166667938232422
6,5,reasoning 正文,"<reasoning>
I",1184, need,student,4,1079, am,29.875,6.236633286898791e-15,2.998960857425459e-09,-32.708335876464844
6,5,reasoning 正文,"<reasoning>
I",1184, need,teacher,4,14656, Need,30.875,3.3019837948969344e-14,8.152020392060422e-09,-31.041667938232422
6,5,reasoning 正文,"<reasoning>
I",1184, need,student,5,17046,need,27.75,1.806446255483361e-16,3.581747953784742e-10,-36.25
6,5,reasoning 正文,"<reasoning>
I",1184, need,teacher,5,17046,need,27.75,1.806446255483361e-16,3.581747953784742e-10,-36.25
6,5,reasoning 正文,"<reasoning>
I",1184, need,student,6,3880, needs,27.0,5.175554941819762e-17,1.6918980105806725e-10,-37.5
6,5,reasoning 正文,"<reasoning>
I",1184, need,teacher,6,3880, needs,27.125,6.374327915716516e-17,1.917171560394948e-10,-37.29166793823242
6,5,reasoning 正文,"<reasoning>
I",1184, need,student,7,23657,Need,23.625,1.8665965124885263e-19,5.7893564074651405e-12,-43.125
6,5,reasoning 正文,"<reasoning>
I",1184, need,teacher,7,23657,Need,23.75,2.298941717438002e-19,6.5602007333354084e-12,-42.91666793823242
6,5,reasoning 正文,"<reasoning>
I",1184, need,student,8,71506,_need,23.375,1.2305346879961685e-19,4.508755348242577e-12,-43.54166793823242
6,5,reasoning 正文,"<reasoning>
I",1184, need,teacher,8,128360, cần,23.25,9.991172114555636e-20,3.978962558742749e-12,-43.75
6,5,reasoning 正文,"<reasoning>
I",1184, need,student,9,128360, cần,23.0,6.586577492644069e-20,3.098819161342914e-12,-44.16666793823242
6,5,reasoning 正文,"<reasoning>
I",1184, need,teacher,9,71506,_need,22.75,4.3421346991110935e-20,2.4133626954497833e-12,-44.583335876464844
6,5,reasoning 正文,"<reasoning>
I",1184, need,student,10,118976,需要用,22.0,1.244042240437604e-20,1.1399918552548738e-12,-45.833335876464844
6,5,reasoning 正文,"<reasoning>
I",1184, need,teacher,10,1191, start,22.375,2.3241768653519783e-20,1.6586784029604118e-12,-45.208335876464844
7,6,reasoning 正文,"<reasoning>
I need",311, to,student,1,311, to,57.5,1.0,1.0,0.0
7,6,reasoning 正文,"<reasoning>
I need",311, to,teacher,1,311, to,58.75,1.0,1.0,0.0
7,6,reasoning 正文,"<reasoning>
I need",311, to,student,2,983,to,24.875,2.42794702218882e-24,6.7786390819349774e-15,-54.374996185302734
7,6,reasoning 正文,"<reasoning>
I need",311, to,teacher,2,983,to,26.75,6.880630197650392e-24,1.266416662428502e-14,-53.33333206176758
7,6,reasoning 正文,"<reasoning>
I need",311, to,student,3,31709,	to,23.375,1.9929802863621437e-25,1.5125188877038631e-15,-56.874996185302734
7,6,reasoning 正文,"<reasoning>
I need",311, to,teacher,3,31709,	to,24.5,1.6181689277240008e-25,1.334793164161545e-15,-57.08333206176758
7,6,reasoning 正文,"<reasoning>
I need",311, to,student,4,2014, To,22.25,3.056334341499507e-26,4.910429989734471e-16,-58.749996185302734
7,6,reasoning 正文,"<reasoning>
I need",311, to,teacher,4,2014, To,23.375,2.4815425525642784e-26,4.3334390869987217e-16,-58.95833206176758
7,6,reasoning 正文,"<reasoning>
I need",311, to,student,5,2346,_to,21.5,8.756544018715803e-27,2.3195229636950566e-16,-59.999996185302734
7,6,reasoning 正文,"<reasoning>
I need",311, to,teacher,5,2346,_to,22.75,8.75651089272076e-27,2.3195229636950566e-16,-60.0
7,6,reasoning 正文,"<reasoning>
I need",311, to,student,6,2389,.to,19.75,4.738489664657329e-28,4.030726386134531e-17,-62.916664123535156
7,6,reasoning 正文,"<reasoning>
I need",311, to,teacher,6,2389,.to,22.0,2.508782404955906e-27,1.0956650428909173e-16,-61.25
7,6,reasoning 正文,"<reasoning>
I need",311, to,student,7,1249,To,19.625,3.8473573053057374e-28,3.5571036123381036e-17,-63.124996185302734
7,6,reasoning 正文,"<reasoning>
I need",311, to,teacher,7,1249,To,20.0,8.94987348876526e-29,1.482821336855421e-17,-64.58332824707031
7,6,reasoning 正文,"<reasoning>
I need",311, to,student,8,264, a,17.75,1.6904042099061981e-29,5.454994750713651e-18,-66.25
7,6,reasoning 正文,"<reasoning>
I need",311, to,teacher,8,264, a,19.75,5.90009059760205e-29,1.1548223864099742e-17,-65.0
7,6,reasoning 正文,"<reasoning>
I need",311, to,student,9,4686,-to,17.25,7.346504159531798e-30,3.3086215341773792e-18,-67.08332824707031
7,6,reasoning 正文,"<reasoning>
I need",311, to,teacher,9,6395, zu,18.75,1.1143859478563727e-29,4.24835413113866e-18,-66.66666412353516
7,6,reasoning 正文,"<reasoning>
I need",311, to,student,10,128252, إلى,16.75,3.192769045985933e-30,2.006780491108507e-18,-67.91666412353516
7,6,reasoning 正文,"<reasoning>
I need",311, to,teacher,10,4686,-to,18.625,9.048082073307534e-30,3.7491597304496456e-18,-66.875
8,7,reasoning 正文,"<reasoning>
I need to",2182, put,student,1,2182, put,43.75,1.0,0.9999784827232361,0.0
8,7,reasoning 正文,"<reasoning>
I need to",2182, put,teacher,1,1477, find,47.75,0.9998416304588318,0.9947797656059265,-0.00015841660206206143
8,7,reasoning 正文,"<reasoning>
I need to",2182, put,student,2,1992, place,32.5,7.194133289090132e-09,1.3007012057641987e-05,-18.75
8,7,reasoning 正文,"<reasoning>
I need to",2182, put,teacher,2,2182, put,42.5,0.0001584362325957045,0.005220125894993544,-8.750158309936523
8,7,reasoning 正文,"<reasoning>
I need to",2182, put,student,3,1477, find,32.0,3.1265614541808873e-09,7.889151675044559e-06,-19.583332061767578
8,7,reasoning 正文,"<reasoning>
I need to",2182, put,teacher,3,24523, locate,31.875,3.2301693871777948e-12,1.268533935672167e-07,-26.458486557006836
8,7,reasoning 正文,"<reasoning>
I need to",2182, put,student,4,45062,	put,28.75,1.3887944613766301e-11,3.058956110635336e-07,-25.0
8,7,reasoning 正文,"<reasoning>
I need to",2182, put,teacher,4,3903,find,30.25,2.1528311360159702e-13,2.4978914936468755e-08,-29.16682243347168
8,7,reasoning 正文,"<reasoning>
I need to",2182, put,student,5,628,put,27.75,2.6231005215149317e-12,1.1253281684275862e-07,-26.666664123535156
8,7,reasoning 正文,"<reasoning>
I need to",2182, put,teacher,5,1992, place,28.75,1.7671512853294907e-14,5.573549621828988e-09,-31.66682243347168
8,7,reasoning 正文,"<reasoning>
I need to",2182, put,student,6,9521, puts,27.625,2.1297852804275097e-12,9.930985811479331e-08,-26.875
8,7,reasoning 正文,"<reasoning>
I need to",2182, put,teacher,6,45062,	put,27.75,3.3377199878866512e-15,2.0503940767468976e-09,-33.33348846435547
8,7,reasoning 正文,"<reasoning>
I need to",2182, put,student,7,10224, Put,27.25,1.1399918552548738e-12,6.825460729942279e-08,-27.5
8,7,reasoning 正文,"<reasoning>
I need to",2182, put,teacher,7,4583, complete,27.0,9.562727747584377e-16,9.685376944901236e-10,-34.58348846435547
8,7,reasoning 正文,"<reasoning>
I need to",2182, put,student,8,4583, complete,26.25,2.1531719820739453e-13,2.5109462953309958e-08,-29.166664123535156
8,7,reasoning 正文,"<reasoning>
I need to",2182, put,teacher,8,9521, puts,26.75,6.304130589608408e-16,7.542979019170559e-10,-35.00015640258789
8,7,reasoning 正文,"<reasoning>
I need to",2182, put,student,9,34380, PUT,26.125,1.7482341258239636e-13,2.215902483726495e-08,-29.375
8,7,reasoning 正文,"<reasoning>
I need to",2182, put,teacher,9,628,put,26.625,5.118559219764653e-16,6.656655782144583e-10,-35.20848846435547
8,7,reasoning 正文,"<reasoning>
I need to",2182, put,student,10,3597,.put,25.5,6.16894095485307e-14,1.1860871396152106e-08,-30.416664123535156
8,7,reasoning 正文,"<reasoning>
I need to",2182, put,teacher,10,9271, finding,26.625,5.118559219764653e-16,6.656655782144583e-10,-35.20848846435547
9,8,reasoning 正文,"<reasoning>
I need to put",264, a,student,1,264, a,53.0,1.0,0.9999645948410034,0.0
9,8,reasoning 正文,"<reasoning>
I need to put",264, a,teacher,1,264, a,54.75,1.0,1.0,0.0
9,8,reasoning 正文,"<reasoning>
I need to put",264, a,student,2,1045, some,42.75,3.8089460474566295e-08,3.53562536474783e-05,-17.083328247070312
9,8,reasoning 正文,"<reasoning>
I need to put",264, a,teacher,2,1045, some,36.75,9.357622912219837e-14,1.5229980832032197e-08,-30.0
9,8,reasoning 正文,"<reasoning>
I need to put",264, a,student,3,26785, soap,29.125,5.232386799395524e-18,4.2776331088401065e-11,-39.791664123535156
9,8,reasoning 正文,"<reasoning>
I need to put",264, a,teacher,3,26785, soap,27.25,1.244042240437604e-20,1.1399918552548738e-12,-45.833335876464844
9,8,reasoning 正文,"<reasoning>
I need to put",264, a,student,4,279, the,25.375,1.0100883405644017e-20,1.0060027897523804e-12,-46.041664123535156
9,8,reasoning 正文,"<reasoning>
I need to put",264, a,teacher,4,64,a,22.5,4.5359849149006476e-24,9.86286180222444e-15,-53.75
9,8,reasoning 正文,"<reasoning>
I need to put",264, a,student,5,14689,some,21.5,1.583220328723595e-23,2.0878923386751826e-14,-52.499996185302734
9,8,reasoning 正文,"<reasoning>
I need to put",264, a,teacher,5,279, the,21.5,8.567357794051986e-25,3.6283439801114165e-15,-55.41666793823242
9,8,reasoning 正文,"<reasoning>
I need to put",264, a,student,6,64,a,20.75,4.5360022698405625e-24,9.862522989045538e-15,-53.749996185302734
9,8,reasoning 正文,"<reasoning>
I need to put",264, a,teacher,6,11323,	a,19.875,5.709962586454673e-26,7.144633971630562e-16,-58.125
9,8,reasoning 正文,"<reasoning>
I need to put",264, a,student,7,2494, something,20.0,1.2995864157705571e-24,4.658726102644856e-15,-54.999996185302734
9,8,reasoning 正文,"<reasoning>
I need to put",264, a,teacher,7,825, one,19.75,4.6361142777173003e-26,6.305116853596367e-16,-58.333335876464844
9,8,reasoning 正文,"<reasoning>
I need to put",264, a,student,8,101883,一些,20.0,1.2995864157705571e-24,4.658726102644856e-15,-54.999996185302734
9,8,reasoning 正文,"<reasoning>
I need to put",264, a,teacher,8,458, an,19.625,3.764234390387928e-26,5.564245721995e-16,-58.54166793823242
9,8,reasoning 正文,"<reasoning>
I need to put",264, a,student,9,4329, Some,19.875,1.0551828120139542e-24,4.111311578723978e-15,-55.20832824707031
9,8,reasoning 正文,"<reasoning>
I need to put",264, a,teacher,9,4306,_a,19.625,3.764234390387928e-26,5.564245721995e-16,-58.54166793823242
9,8,reasoning 正文,"<reasoning>
I need to put",264, a,student,10,35012,soap,19.875,1.0551828120139542e-24,4.111311578723978e-15,-55.20832824707031
9,8,reasoning 正文,"<reasoning>
I need to put",264, a,teacher,10,4325, someone,19.0,1.3282688929203757e-26,2.978326396525934e-16,-59.583335876464844
10,9,reasoning 正文,"<reasoning>
I need to put a",26785, soap,student,1,26785, soap,44.75,1.0,0.9999993443489075,0.0
10,9,reasoning 正文,"<reasoning>
I need to put a",26785, soap,teacher,1,26785, soap,46.0,1.0,0.9999996423721313,0.0
10,9,reasoning 正文,"<reasoning>
I need to put a",26785, soap,student,2,35012,soap,30.5,4.84738707506871e-11,6.475945610873168e-07,-23.749996185302734
10,9,reasoning 正文,"<reasoning>
I need to put a",26785, soap,teacher,2,35012,soap,31.125,1.7104763785913413e-11,3.466327598289354e-07,-24.791664123535156
10,9,reasoning 正文,"<reasoning>
I need to put a",26785, soap,student,3,63232, SOAP,25.5,1.1651653932323331e-14,4.363462480228009e-09,-32.08332824707031
10,9,reasoning 正文,"<reasoning>
I need to put a",26785, soap,teacher,3,60631, Soap,26.25,5.063775140439495e-15,2.646573848963385e-09,-32.916664123535156
10,9,reasoning 正文,"<reasoning>
I need to put a",26785, soap,student,4,60631, Soap,25.125,6.2366807207438375e-15,2.998960857425459e-09,-32.70832824707031
10,9,reasoning 正文,"<reasoning>
I need to put a",26785, soap,teacher,4,63232, SOAP,25.625,1.7868323076171812e-15,1.4166087192180044e-09,-33.95833206176758
10,9,reasoning 正文,"<reasoning>
I need to put a",26785, soap,student,5,114765,皂,23.625,5.119379782932306e-16,6.691586174056852e-10,-35.20832824707031
10,9,reasoning 正文,"<reasoning>
I need to put a",26785, soap,teacher,5,19174, soup,24.5,2.7401957888995964e-16,4.5990555808117506e-10,-35.83333206176758
10,9,reasoning 正文,"<reasoning>
I need to put a",26785, soap,student,6,19174, soup,23.5,4.156599518737909e-16,5.905304023556823e-10,-35.416664123535156
10,9,reasoning 正文,"<reasoning>
I need to put a",26785, soap,teacher,6,114765,皂,24.0,1.1908857074943875e-16,2.789468100949932e-10,-36.666664123535156
10,9,reasoning 正文,"<reasoning>
I need to put a",26785, soap,student,7,95531,Soap,22.375,6.374352400262648e-17,1.917171560394948e-10,-37.291664123535156
10,9,reasoning 正文,"<reasoning>
I need to put a",26785, soap,teacher,7,95531,Soap,23.375,4.20222640427964e-17,1.493094675675266e-10,-37.70833206176758
10,9,reasoning 正文,"<reasoning>
I need to put a",26785, soap,student,8,28739, soy,22.125,4.202242617019646e-17,1.493094675675266e-10,-37.70832824707031
10,9,reasoning 正文,"<reasoning>
I need to put a",26785, soap,teacher,8,28739, soy,22.5,9.775385559857716e-18,6.224144116773189e-11,-39.166664123535156
10,9,reasoning 正文,"<reasoning>
I need to put a",26785, soap,student,9,11087, sock,20.625,3.4494109831563548e-18,3.3315444153414475e-11,-40.20832824707031
10,9,reasoning 正文,"<reasoning>
I need to put a",26785, soap,teacher,9,11087, sock,21.75,2.800694794556796e-18,2.940077695190446e-11,-40.416664123535156
10,9,reasoning 正文,"<reasoning>
I need to put a",26785, soap,student,10,82569,SOAP,19.625,6.515086986487496e-19,1.2256066821147993e-11,-41.874996185302734
10,9,reasoning 正文,"<reasoning>
I need to put a",26785, soap,teacher,10,82569,SOAP,20.125,1.8665965124885263e-19,5.7893564074651405e-12,-43.125
11,10,reasoning 正文,"<reasoning>
I need to put a soap",65,b,student,1,65,b,47.0,0.9999545812606812,0.9975271224975586,-4.541770613286644e-05
11,10,reasoning 正文,"<reasoning>
I need to put a soap",65,b,teacher,1,65,b,48.5,0.9998416304588318,0.9947794675827026,-0.00015841660206206143
11,10,reasoning 正文,"<reasoning>
I need to put a soap",65,b,student,2,16486, bottle,41.0,4.5397850044537336e-05,0.0024726218543946743,-10.000045776367188
11,10,reasoning 正文,"<reasoning>
I need to put a soap",65,b,teacher,2,16486, bottle,43.25,0.0001584362325957045,0.00522012310102582,-8.750158309936523
11,10,reasoning 正文,"<reasoning>
I need to put a soap",65,b,student,3,100822,瓶,32.25,2.106572034865639e-11,3.918151207926712e-07,-24.5833740234375
11,10,reasoning 正文,"<reasoning>
I need to put a soap",65,b,teacher,3,100822,瓶,34.0,3.1950848217165984e-11,5.017149646846519e-07,-24.16682243347168
11,10,reasoning 正文,"<reasoning>
I need to put a soap",65,b,student,4,53985, Bottle,25.5,2.740080910056125e-16,4.587683288814759e-10,-35.8333740234375
11,10,reasoning 正文,"<reasoning>
I need to put a soap",65,b,teacher,4,53985, Bottle,27.25,4.1559338037809265e-16,5.874477571055081e-10,-35.41682434082031
11,10,reasoning 正文,"<reasoning>
I need to put a soap",65,b,student,5,2011,box,23.625,1.2039075321130546e-17,7.035440285907413e-11,-38.9583740234375
11,10,reasoning 正文,"<reasoning>
I need to put a soap",65,b,teacher,5,87838, bottleneck,25.125,1.2037697238230032e-17,7.016063424680752e-11,-38.95848846435547
11,10,reasoning 正文,"<reasoning>
I need to put a soap",65,b,student,6,87838, bottleneck,23.625,1.2039075321130546e-17,7.035440285907413e-11,-38.9583740234375
11,10,reasoning 正文,"<reasoning>
I need to put a soap",65,b,teacher,6,10936, bott,24.625,5.2315484518447014e-18,4.2554574447573046e-11,-39.79182434082031
11,10,reasoning 正文,"<reasoning>
I need to put a soap",65,b,student,7,10936, bott,22.875,3.449252991659357e-18,3.323306560498729e-11,-40.2083740234375
11,10,reasoning 正文,"<reasoning>
I need to put a soap",65,b,teacher,7,2011,box,23.75,1.216983479159201e-18,1.7739384614023912e-11,-41.25015640258789
11,10,reasoning 正文,"<reasoning>
I need to put a soap",65,b,student,8,26376, bottles,21.625,4.2948078188578135e-19,9.52143312110687e-12,-42.291709899902344
11,10,reasoning 正文,"<reasoning>
I need to put a soap",65,b,teacher,8,26376, bottles,23.25,5.288995421603473e-19,1.0759481847144592e-11,-42.08348846435547
11,10,reasoning 正文,"<reasoning>
I need to put a soap",65,b,student,9,77489,bubble,21.125,1.8665183180712458e-19,5.775041035660511e-12,-43.12504196166992
11,10,reasoning 正文,"<reasoning>
I need to put a soap",65,b,teacher,9,118579,瓶子,21.875,5.347052514612185e-20,2.7204228453259205e-12,-44.37515640258789
11,10,reasoning 正文,"<reasoning>
I need to put a soap",65,b,student,10,118579,瓶子,20.625,8.11186558421432e-20,3.5027395480641266e-12,-43.9583740234375
11,10,reasoning 正文,"<reasoning>
I need to put a soap",65,b,teacher,10,77489,bubble,21.5,2.862070768827618e-20,1.8697174884729773e-12,-45.00015640258789
12,11,reasoning 正文,"<reasoning>
I need to put a soapb",62118,ottle,student,1,62118,ottle,39.25,1.0,0.9999921917915344,0.0
12,11,reasoning 正文,"<reasoning>
I need to put a soapb",62118,ottle,teacher,1,62118,ottle,40.5,1.0,0.9999982118606567,0.0
12,11,reasoning 正文,"<reasoning>
I need to put a soapb",62118,ottle,student,2,1716,ott,27.5,3.1265614541808873e-09,7.889264452387579e-06,-19.583332061767578
12,11,reasoning 正文,"<reasoning>
I need to put a soapb",62118,ottle,teacher,2,1716,ott,27.25,2.5664279035275683e-10,1.7603430251256214e-06,-22.083335876464844
12,11,reasoning 正文,"<reasoning>
I need to put a soapb",62118,ottle,student,3,9605,owl,22.5,7.515308904706974e-13,5.3157449997343065e-08,-27.916664123535156
12,11,reasoning 正文,"<reasoning>
I need to put a soapb",62118,ottle,teacher,3,9605,owl,21.625,2.1767989496980673e-14,6.348787717769255e-09,-31.458335876464844
12,11,reasoning 正文,"<reasoning>
I need to put a soapb",62118,ottle,student,4,23798,OTT,20.25,1.7674311450152635e-14,5.602753372357938e-09,-31.666664123535156
12,11,reasoning 正文,"<reasoning>
I need to put a soapb",62118,ottle,teacher,4,23798,OTT,20.0,1.450790302881522e-15,1.2501505386453005e-09,-34.16666793823242
12,11,reasoning 正文,"<reasoning>
I need to put a soapb",62118,ottle,student,5,100822,瓶,18.5,9.564223819527465e-16,9.736126349579877e-10,-34.58333206176758
12,11,reasoning 正文,"<reasoning>
I need to put a soapb",62118,ottle,teacher,5,100822,瓶,18.625,1.466715634020646e-16,3.160875172714128e-10,-36.458335876464844
12,11,reasoning 正文,"<reasoning>
I need to put a soapb",62118,ottle,student,6,460,ore,18.0,4.156599518737909e-16,5.905259059524326e-10,-35.416664123535156
12,11,reasoning 正文,"<reasoning>
I need to put a soapb",62118,ottle,teacher,6,16486, bottle,18.125,6.374327915716516e-17,1.9171678133922399e-10,-37.29166793823242
12,11,reasoning 正文,"<reasoning>
I need to put a soapb",62118,ottle,student,7,16486, bottle,17.125,9.66920997991939e-17,2.4616780835984287e-10,-36.875
12,11,reasoning 正文,"<reasoning>
I need to put a soapb",62118,ottle,teacher,7,1272,ote,17.125,1.2039535233551125e-17,7.052866624057685e-11,-38.958335876464844
12,11,reasoning 正文,"<reasoning>
I need to put a soapb",62118,ottle,student,8,52922, ott,17.125,9.66920997991939e-17,2.4616780835984287e-10,-36.875
12,11,reasoning 正文,"<reasoning>
I need to put a soapb",62118,ottle,teacher,8,2133,oute,16.75,6.444298627424009e-18,4.847359319493094e-11,-39.583335876464844
12,11,reasoning 正文,"<reasoning>
I need to put a soapb",62118,ottle,student,9,1238,ible,16.625,4.20222640427964e-17,1.4930832958892637e-10,-37.70833206176758
12,11,reasoning 正文,"<reasoning>
I need to put a soapb",62118,ottle,teacher,9,460,ore,16.5,4.24835413113866e-18,3.77512743288122e-11,-40.0
12,11,reasoning 正文,"<reasoning>
I need to put a soapb",62118,ottle,student,10,1272,ote,16.625,4.20222640427964e-17,1.4930832958892637e-10,-37.70833206176758
12,11,reasoning 正文,"<reasoning>
I need to put a soapb",62118,ottle,teacher,10,1238,ible,16.375,3.4493843065816e-18,3.331538170336934e-11,-40.208335876464844
13,12,reasoning 正文,"<reasoning>
I need to put a soapbottle",389, on,student,1,389, on,56.0,1.0,1.0,0.0
13,12,reasoning 正文,"<reasoning>
I need to put a soapbottle",389, on,teacher,1,389, on,56.0,1.0,1.0,0.0
13,12,reasoning 正文,"<reasoning>
I need to put a soapbottle",389, on,student,2,8630, onto,33.0,2.2492984729756322e-17,1.0261879540562902e-10,-38.33332824707031
13,12,reasoning 正文,"<reasoning>
I need to put a soapbottle",389, on,teacher,2,8630, onto,31.0,8.024125502665055e-19,1.3887944613766301e-11,-41.666664123535156
13,12,reasoning 正文,"<reasoning>
I need to put a soapbottle",389, on,student,3,13073, на,28.375,1.0100883405644017e-20,1.006039218945376e-12,-46.041664123535156
13,12,reasoning 正文,"<reasoning>
I need to put a soapbottle",389, on,teacher,3,3488,.on,28.25,8.20128413154873e-21,8.878265418850451e-13,-46.249996185302734
13,12,reasoning 正文,"<reasoning>
I need to put a soapbottle",389, on,student,4,3488,.on,27.5,2.3497073022043517e-21,4.1937956471276017e-13,-47.499996185302734
13,12,reasoning 正文,"<reasoning>
I need to put a soapbottle",389, on,teacher,4,13073, на,28.25,8.20128413154873e-21,8.878265418850451e-13,-46.249996185302734
13,12,reasoning 正文,"<reasoning>
I need to put a soapbottle",389, on,student,5,128248, على,27.0,1.0211799116940715e-21,2.5436656904062604e-13,-48.33332824707031
13,12,reasoning 正文,"<reasoning>
I need to put a soapbottle",389, on,teacher,5,1913, On,28.25,8.20128413154873e-21,8.878265418850451e-13,-46.249996185302734
13,12,reasoning 正文,"<reasoning>
I need to put a soapbottle",389, on,student,6,24630,	on,26.75,6.732024359443804e-22,1.9810088085995409e-13,-48.749996185302734
13,12,reasoning 正文,"<reasoning>
I need to put a soapbottle",389, on,teacher,6,24630,	on,27.875,4.389831354947579e-21,6.101936989542922e-13,-46.874996185302734
13,12,reasoning 正文,"<reasoning>
I need to put a soapbottle",389, on,student,7,1913, On,26.75,6.732024359443804e-22,1.9810088085995409e-13,-48.749996185302734
13,12,reasoning 正文,"<reasoning>
I need to put a soapbottle",389, on,teacher,7,128248, على,27.125,1.2577077245993132e-21,2.882350662401084e-13,-48.124996185302734
13,12,reasoning 正文,"<reasoning>
I need to put a soapbottle",389, on,student,8,263,on,26.5,4.43801836167404e-22,1.5428111533547645e-13,-49.166664123535156
13,12,reasoning 正文,"<reasoning>
I need to put a soapbottle",389, on,teacher,8,263,on,26.625,5.465982123743327e-22,1.7482341258239636e-13,-48.95832824707031
13,12,reasoning 正文,"<reasoning>
I need to put a soapbottle",389, on,student,9,7219, auf,26.125,2.3754999993356537e-22,1.0603575851565739e-13,-49.791664123535156
13,12,reasoning 正文,"<reasoning>
I need to put a soapbottle",389, on,teacher,9,7219, auf,26.375,3.6033929216596433e-22,1.3615260449021532e-13,-49.374996185302734
13,12,reasoning 正文,"<reasoning>
I need to put a soapbottle",389, on,student,10,4470,_on,25.25,5.525982000670223e-23,4.420228560345768e-14,-51.249996185302734
13,12,reasoning 正文,"<reasoning>
I need to put a soapbottle",389, on,teacher,10,4470,_on,25.875,1.5660301345201792e-22,8.258073180356443e-14,-50.20832824707031
14,13,reasoning 正文,"<reasoning>
I need to put a soapbottle on",279, the,student,1,279, the,50.25,1.0,1.0,0.0
14,13,reasoning 正文,"<reasoning>
I need to put a soapbottle on",279, the,teacher,1,279, the,49.75,1.0,1.0,0.0
14,13,reasoning 正文,"<reasoning>
I need to put a soapbottle on",279, the,student,2,1782,the,25.375,9.882652480537214e-19,1.573710259328287e-11,-41.458335876464844
14,13,reasoning 正文,"<reasoning>
I need to put a soapbottle on",279, the,teacher,2,1782,the,25.25,1.8463295793546055e-18,2.2897348947448215e-11,-40.83333206176758
14,13,reasoning 正文,"<reasoning>
I need to put a soapbottle on",279, the,student,3,264, a,23.375,3.525541029046464e-20,2.1297852804275097e-12,-44.79166793823242
14,13,reasoning 正文,"<reasoning>
I need to put a soapbottle on",279, the,teacher,3,264, a,22.125,1.0100883405644017e-20,1.006039218945376e-12,-46.041664123535156
14,13,reasoning 正文,"<reasoning>
I need to put a soapbottle on",279, the,student,4,26214, toilet,21.25,1.0211720357067937e-21,2.5436656904062604e-13,-48.333335876464844
14,13,reasoning 正文,"<reasoning>
I need to put a soapbottle on",279, the,teacher,4,26214, toilet,22.0,8.201252627599619e-21,8.878265418850451e-13,-46.25
14,13,reasoning 正文,"<reasoning>
I need to put a soapbottle on",279, the,student,5,16068,_the,18.25,6.880603376379614e-24,1.266416662428502e-14,-53.333335876464844
14,13,reasoning 正文,"<reasoning>
I need to put a soapbottle on",279, the,teacher,5,16068,_the,18.5,2.4015757965577343e-23,2.6810039512872516e-14,-52.08333206176758
14,13,reasoning 正文,"<reasoning>
I need to put a soapbottle on",279, the,student,6,10603,-the,18.25,6.880603376379614e-24,1.266416662428502e-14,-53.333335876464844
14,13,reasoning 正文,"<reasoning>
I need to put a soapbottle on",279, the,teacher,6,32088,	the,18.375,1.9499292624915484e-23,2.365977659830095e-14,-52.291664123535156
14,13,reasoning 正文,"<reasoning>
I need to put a soapbottle on",279, the,student,7,32088,	the,18.25,6.880603376379614e-24,1.266416662428502e-14,-53.333335876464844
14,13,reasoning 正文,"<reasoning>
I need to put a soapbottle on",279, the,teacher,7,41801,.the,18.0,1.0437219055170186e-23,1.62611098224923e-14,-52.916664123535156
14,13,reasoning 正文,"<reasoning>
I need to put a soapbottle on",279, the,student,8,41801,.the,17.75,2.99030190126327e-24,7.68120477976069e-15,-54.16666793823242
14,13,reasoning 正文,"<reasoning>
I need to put a soapbottle on",279, the,teacher,8,10603,-the,17.875,8.474335907754004e-24,1.4350379676339627e-14,-53.125
14,13,reasoning 正文,"<reasoning>
I need to put a soapbottle on",279, the,student,9,32429,/to,16.625,4.585776138908774e-25,2.493721959682363e-15,-56.04166793823242
14,13,reasoning 正文,"<reasoning>
I need to put a soapbottle on",279, the,teacher,9,81894, Toilet,16.5,8.567390334564327e-25,3.6283439801114165e-15,-55.416664123535156
14,13,reasoning 正文,"<reasoning>
I need to put a soapbottle on",279, the,student,10,576, The,16.375,3.0231262556180967e-25,1.9421125050902077e-15,-56.458335876464844
14,13,reasoning 正文,"<reasoning>
I need to put a soapbottle on",279, the,teacher,10,576, The,16.375,6.95615820590658e-25,3.2020024398469365e-15,-55.625
15,14,reasoning 正文,"<reasoning>
I need to put a soapbottle on the",26214, toilet,student,1,26214, toilet,45.5,1.0,1.0,0.0
15,14,reasoning 正文,"<reasoning>
I need to put a soapbottle on the",26214, toilet,teacher,1,26214, toilet,46.25,1.0,1.0,0.0
15,14,reasoning 正文,"<reasoning>
I need to put a soapbottle on the",26214, toilet,student,2,81894, Toilet,26.625,2.1768155515438335e-14,6.348800152267131e-09,-31.458328247070312
15,14,reasoning 正文,"<reasoning>
I need to put a soapbottle on the",26214, toilet,teacher,2,81894, Toilet,27.125,1.4350435580514145e-14,4.94445018262013e-09,-31.874996185302734
15,14,reasoning 正文,"<reasoning>
I need to put a soapbottle on the",26214, toilet,student,3,62187, toilets,25.125,1.7868390838807592e-15,1.4166087192180044e-09,-33.95832824707031
15,14,reasoning 正文,"<reasoning>
I need to put a soapbottle on the",26214, toilet,teacher,3,62187, toilets,25.75,1.450795808595679e-15,1.2501528701136522e-09,-34.166664123535156
15,14,reasoning 正文,"<reasoning>
I need to put a soapbottle on the",26214, toilet,student,4,106927,厕所,23.75,1.8064531376260574e-16,3.581747953784742e-10,-36.249996185302734
15,14,reasoning 正文,"<reasoning>
I need to put a soapbottle on the",26214, toilet,teacher,4,106927,厕所,24.625,2.2248675612349805e-16,4.05865202557365e-10,-36.041664123535156
15,14,reasoning 正文,"<reasoning>
I need to put a soapbottle on the",26214, toilet,student,5,137787,トイレ,22.875,4.202242617019646e-17,1.493094675675266e-10,-37.70832824707031
15,14,reasoning 正文,"<reasoning>
I need to put a soapbottle on the",26214, toilet,teacher,5,137787,トイレ,22.875,1.2039626223418506e-17,7.052879807956103e-11,-38.95832824707031
15,14,reasoning 正文,"<reasoning>
I need to put a soapbottle on the",26214, toilet,student,6,115508,马桶,21.875,7.937000636696376e-18,5.4927885156930145e-11,-39.374996185302734
15,14,reasoning 正文,"<reasoning>
I need to put a soapbottle on the",26214, toilet,teacher,6,115508,马桶,22.25,4.2483702611606045e-18,3.775134718719819e-11,-39.999996185302734
15,14,reasoning 正文,"<reasoning>
I need to put a soapbottle on the",26214, toilet,student,7,25507, tooth,21.125,2.2739887802845744e-18,2.5946095966178362e-11,-40.624996185302734
15,14,reasoning 正文,"<reasoning>
I need to put a soapbottle on the",26214, toilet,teacher,7,14852, bathroom,21.125,6.515086986487496e-19,1.2256066821147993e-11,-41.874996185302734
15,14,reasoning 正文,"<reasoning>
I need to put a soapbottle on the",26214, toilet,student,8,14852, bathroom,21.0,1.8463366103898122e-18,2.2897348947448215e-11,-40.83332824707031
15,14,reasoning 正文,"<reasoning>
I need to put a soapbottle on the",26214, toilet,teacher,8,25507, tooth,21.0,5.289842764743457e-19,1.0815941892117209e-11,-42.08332824707031
15,14,reasoning 正文,"<reasoning>
I need to put a soapbottle on the",26214, toilet,student,9,21357, toy,20.5,8.024125502665055e-19,1.3887944613766301e-11,-41.666664123535156
15,14,reasoning 正文,"<reasoning>
I need to put a soapbottle on the",26214, toilet,teacher,9,21357, toy,20.875,4.2950045327472363e-19,9.545034901359273e-12,-42.291664123535156
15,14,reasoning 正文,"<reasoning>
I need to put a soapbottle on the",26214, toilet,student,10,48675, toile,20.0,3.4872748138044516e-19,8.423464183116014e-12,-42.499996185302734
15,14,reasoning 正文,"<reasoning>
I need to put a soapbottle on the",26214, toilet,teacher,10,48675, toile,20.75,3.4872748138044516e-19,8.423464183116014e-12,-42.499996185302734
16,15,reasoning 正文,"<reasoning>
I need to put a soapbottle on the toilet",13,.,student,1,13,.,49.75,1.0,1.0,0.0
16,15,reasoning 正文,"<reasoning>
I need to put a soapbottle on the toilet",13,.,teacher,1,13,.,51.0,1.0,1.0,0.0
16,15,reasoning 正文,"<reasoning>
I need to put a soapbottle on the toilet",13,.,student,2,1773,。,22.25,1.244047006419649e-20,1.1399918552548738e-12,-45.83333206176758
16,15,reasoning 正文,"<reasoning>
I need to put a soapbottle on the toilet",13,.,teacher,2,1773,。,23.5,1.244042240437604e-20,1.1399918552548738e-12,-45.833335876464844
16,15,reasoning 正文,"<reasoning>
I need to put a soapbottle on the toilet",13,.,student,3,11,",",21.875,6.658904097454174e-21,7.835042293777295e-13,-46.45833206176758
16,15,reasoning 正文,"<reasoning>
I need to put a soapbottle on the toilet",13,.,teacher,3,11,",",23.0,5.406592635830454e-21,6.914400150527522e-13,-46.66666793823242
16,15,reasoning 正文,"<reasoning>
I need to put a soapbottle on the toilet",13,.,student,4,624,".
",17.0,1.97133342543291e-24,5.982128261852607e-15,-54.58333206176758
16,15,reasoning 正文,"<reasoning>
I need to put a soapbottle on the toilet",13,.,teacher,4,624,".
",18.875,5.586619056327484e-24,1.1176086437054457e-14,-53.54166793823242
16,15,reasoning 正文,"<reasoning>
I need to put a soapbottle on the toilet",13,.,student,5,659, .,16.625,1.055178769101815e-24,4.111452609709696e-15,-55.20833206176758
16,15,reasoning 正文,"<reasoning>
I need to put a soapbottle on the toilet",13,.,teacher,5,568,).,17.125,3.0231262556180967e-25,1.9421125050902077e-15,-56.458335876464844
16,15,reasoning 正文,"<reasoning>
I need to put a soapbottle on the toilet",13,.,student,6,568,).,16.375,6.95615820590658e-25,3.2020024398469365e-15,-55.625
16,15,reasoning 正文,"<reasoning>
I need to put a soapbottle on the toilet",13,.,teacher,6,659, .,17.0,2.454589270844656e-25,1.71390848833098e-15,-56.66666793823242
16,15,reasoning 正文,"<reasoning>
I need to put a soapbottle on the toilet",13,.,student,7,11568,.The,15.6875,2.211774679470201e-25,1.610068072349115e-15,-56.77083206176758
16,15,reasoning 正文,"<reasoning>
I need to put a soapbottle on the toilet",13,.,teacher,7,18831,\.,16.875,1.9929727675316408e-25,1.5125188877038631e-15,-56.875
16,15,reasoning 正文,"<reasoning>
I need to put a soapbottle on the toilet",13,.,student,8,304, in,15.5,1.6181689277240008e-25,1.334793164161545e-15,-57.08333206176758
16,15,reasoning 正文,"<reasoning>
I need to put a soapbottle on the toilet",13,.,teacher,8,11568,.The,16.75,1.6181627647481788e-25,1.334793164161545e-15,-57.083335876464844
16,15,reasoning 正文,"<reasoning>
I need to put a soapbottle on the toilet",13,.,student,9,311, to,15.125,8.661434510639766e-26,9.173890920400186e-16,-57.70833206176758
16,15,reasoning 正文,"<reasoning>
I need to put a soapbottle on the toilet",13,.,teacher,9,323, and,15.3125,1.4740953779287195e-26,3.170411763743936e-16,-59.47916793823242
16,15,reasoning 正文,"<reasoning>
I need to put a soapbottle on the toilet",13,.,student,10,3274,.To,14.875,5.709962586454673e-26,7.144633971630562e-16,-58.125
16,15,reasoning 正文,"<reasoning>
I need to put a soapbottle on the toilet",13,.,teacher,10,3274,.To,15.1875,1.196873169873732e-26,2.7978787326076143e-16,-59.6875
17,16,reasoning 正文,"<reasoning>
I need to put a soapbottle on the toilet.",5512, First,student,1,5512, First,43.0,0.9998416304588318,0.9947632551193237,-0.00015841660206206143
17,16,reasoning 正文,"<reasoning>
I need to put a soapbottle on the toilet.",5512, First,teacher,1,5512, First,36.25,0.923732578754425,0.8091626763343811,-0.0793326273560524
17,16,reasoning 正文,"<reasoning>
I need to put a soapbottle on the toilet.",5512, First,student,2,2014, To,37.75,0.0001584362325957045,0.005220038816332817,-8.750158309936523
17,16,reasoning 正文,"<reasoning>
I need to put a soapbottle on the toilet.",5512, First,teacher,2,576, The,34.75,0.07582459598779678,0.18054859340190887,-2.5793325901031494
17,16,reasoning 正文,"<reasoning>
I need to put a soapbottle on the toilet.",5512, First,student,3,1156, first,31.0,2.06082728659851e-09,6.112034043326275e-06,-20.000158309936523
17,16,reasoning 正文,"<reasoning>
I need to put a soapbottle on the toilet.",5512, First,teacher,3,60631, Soap,31.625,0.00041482041706331074,0.00793275237083435,-7.787664890289307
17,16,reasoning 正文,"<reasoning>
I need to put a soapbottle on the toilet.",5512, First,student,4,5338,First,30.625,1.1030814039969528e-09,4.200735475023976e-06,-20.625158309936523
17,16,reasoning 正文,"<reasoning>
I need to put a soapbottle on the toilet.",5512, First,teacher,4,10548, According,29.625,1.4798326446907595e-05,0.0010735811665654182,-11.120996475219727
17,16,reasoning 正文,"<reasoning>
I need to put a soapbottle on the toilet.",5512, First,student,5,576, The,30.0,3.892410005423841e-10,2.248491682621534e-06,-21.66682243347168
17,16,reasoning 正文,"<reasoning>
I need to put a soapbottle on the toilet.",5512, First,teacher,5,8704, Since,29.5,1.2015269021503627e-05,0.0009474321268498898,-11.32933235168457
17,16,reasoning 正文,"<reasoning>
I need to put a soapbottle on the toilet.",5512, First,student,6,76695, Firstly,29.75,2.566031553907777e-10,1.7511271153125563e-06,-22.0834903717041
17,16,reasoning 正文,"<reasoning>
I need to put a soapbottle on the toilet.",5512, First,teacher,6,20205, Based,28.0,9.862732213150593e-07,0.00021140057651791722,-13.82933235168457
17,16,reasoning 正文,"<reasoning>
I need to put a soapbottle on the toilet.",5512, First,student,7,101140,首先,29.375,1.3734977044599361e-10,1.2035309282509843e-06,-22.7084903717041
17,16,reasoning 正文,"<reasoning>
I need to put a soapbottle on the toilet.",5512, First,teacher,7,2014, To,27.125,2.2943079613924056e-07,8.812487794784829e-05,-15.287664413452148
17,16,reasoning 正文,"<reasoning>
I need to put a soapbottle on the toilet.",5512, First,student,8,8704, Since,28.75,4.8466015922787875e-11,6.44203680622013e-07,-23.750158309936523
17,16,reasoning 正文,"<reasoning>
I need to put a soapbottle on the toilet.",5512, First,teacher,8,1156, first,25.0,6.645457073517491e-09,1.0525015568418894e-05,-18.82933235168457
17,16,reasoning 正文,"<reasoning>
I need to put a soapbottle on the toilet.",5512, First,student,9,24150, Currently,28.0,1.38857458517605e-11,3.0430024366978614e-07,-25.000158309936523
17,16,reasoning 正文,"<reasoning>
I need to put a soapbottle on the toilet.",5512, First,teacher,9,76695, Firstly,24.375,2.344962224398728e-09,5.6336343732255045e-06,-19.870996475219727
17,16,reasoning 正文,"<reasoning>
I need to put a soapbottle on the toilet.",5512, First,student,10,12978,_first,27.625,7.432504264826001e-12,2.0914229992285982e-07,-25.625158309936523
17,16,reasoning 正文,"<reasoning>
I need to put a soapbottle on the toilet.",5512, First,teacher,10,101140,首先,24.375,2.344962224398728e-09,5.6336343732255045e-06,-19.870996475219727
18,17,reasoning 正文,"<reasoning>
I need to put a soapbottle on the toilet. First",11,",",student,1,11,",",48.5,1.0,1.0,0.0
18,17,reasoning 正文,"<reasoning>
I need to put a soapbottle on the toilet. First",11,",",teacher,1,11,",",51.0,1.0,1.0,0.0
18,17,reasoning 正文,"<reasoning>
I need to put a soapbottle on the toilet. First",11,",",student,2,3837,，,18.5,1.928757213982939e-22,9.357622912219837e-14,-49.999996185302734
18,17,reasoning 正文,"<reasoning>
I need to put a soapbottle on the toilet. First",11,",",teacher,2,3837,，,21.0,1.9287498933537385e-22,9.357622912219837e-14,-50.0
18,17,reasoning 正文,"<reasoning>
I need to put a soapbottle on the toilet. First",11,",",student,3,13,.,18.125,1.0323893348564489e-22,6.431393774746635e-14,-50.624996185302734
18,17,reasoning 正文,"<reasoning>
I need to put a soapbottle on the toilet. First",11,",",teacher,3,13,.,20.125,4.4867167648372504e-23,3.9008374438584403e-14,-51.458335876464844
18,17,reasoning 正文,"<reasoning>
I need to put a soapbottle on the toilet. First",11,",",student,4,68785,،,16.625,8.474368251051118e-24,1.4350379676339627e-14,-53.124996185302734
18,17,reasoning 正文,"<reasoning>
I need to put a soapbottle on the toilet. First",11,",",teacher,4,68785,،,19.125,8.474335907754004e-24,1.4350379676339627e-14,-53.125
18,17,reasoning 正文,"<reasoning>
I need to put a soapbottle on the toilet. First",11,",",student,5,358, I,16.625,8.474368251051118e-24,1.4350379676339627e-14,-53.124996185302734
18,17,reasoning 正文,"<reasoning>
I need to put a soapbottle on the toilet. First",11,",",teacher,5,37768,",I",18.375,2.4279377530731837e-24,6.7786390819349774e-15,-54.375
18,17,reasoning 正文,"<reasoning>
I need to put a soapbottle on the toilet. First",11,",",student,6,37768,",I",15.5,1.2995864157705571e-24,4.658885768355414e-15,-54.999996185302734
18,17,reasoning 正文,"<reasoning>
I need to put a soapbottle on the toilet. First",11,",",teacher,6,358, I,17.875,1.0551747261896757e-24,4.111452609709696e-15,-55.208335876464844
18,17,reasoning 正文,"<reasoning>
I need to put a soapbottle on the toilet. First",11,",",student,7,345,",
",13.875,8.661467790709205e-26,9.173890920400186e-16,-57.70832824707031
18,17,reasoning 正文,"<reasoning>
I need to put a soapbottle on the toilet. First",11,",",teacher,7,345,",
",15.0,8.75651089272076e-27,2.3195229636950566e-16,-60.0
18,17,reasoning 正文,"<reasoning>
I need to put a soapbottle on the toilet. First",11,",",student,8,323, and,13.75,7.032542128244934e-26,8.095930321944762e-16,-57.916664123535156
18,17,reasoning 正文,"<reasoning>
I need to put a soapbottle on the toilet. First",11,",",teacher,8,1154," ,",14.8125,6.4064002706860795e-27,1.9229520639579438e-16,-60.3125
18,17,reasoning 正文,"<reasoning>
I need to put a soapbottle on the toilet. First",11,",",student,9,1154," ,",12.625,1.0784753169101645e-26,2.6283636170603873e-16,-59.791664123535156
18,17,reasoning 正文,"<reasoning>
I need to put a soapbottle on the toilet. First",11,",",teacher,9,2572,".,",14.1875,2.260598405637417e-27,1.0292820120234137e-16,-61.35416793823242
18,17,reasoning 正文,"<reasoning>
I need to put a soapbottle on the toilet. First",11,",",student,10,25,:,12.4375,7.890294626097446e-27,2.1789900068804215e-16,-60.104164123535156
18,17,reasoning 正文,"<reasoning>
I need to put a soapbottle on the toilet. First",11,",",teacher,10,15012,",a",14.0625,1.8354642000745064e-27,9.083381479519124e-17,-61.5625
19,18,reasoning 正文,"<reasoning>
I need to put a soapbottle on the toilet. First,",358, I,student,1,358, I,57.25,1.0,1.0,0.0
19,18,reasoning 正文,"<reasoning>
I need to put a soapbottle on the toilet. First,",358, I,teacher,1,358, I,60.0,1.0,1.0,0.0
19,18,reasoning 正文,"<reasoning>
I need to put a soapbottle on the toilet. First,",358, I,student,2,35946,我,34.75,5.175554941819762e-17,1.6918980105806725e-10,-37.5
19,18,reasoning 正文,"<reasoning>
I need to put a soapbottle on the toilet. First,",358, I,teacher,2,35946,我,37.0,2.249281267618891e-17,1.0261879540562902e-10,-38.333335876464844
19,18,reasoning 正文,"<reasoning>
I need to put a soapbottle on the toilet. First,",358, I,student,3,40,I,33.75,9.775385559857716e-18,6.224144116773189e-11,-39.166664123535156
19,18,reasoning 正文,"<reasoning>
I need to put a soapbottle on the toilet. First,",358, I,teacher,3,40,I,35.0,8.024095000379967e-19,1.3887944613766301e-11,-41.66666793823242
19,18,reasoning 正文,"<reasoning>
I need to put a soapbottle on the toilet. First,",358, I,student,4,7959,_I,25.375,8.474335907754004e-24,1.4350379676339627e-14,-53.125
19,18,reasoning 正文,"<reasoning>
I need to put a soapbottle on the toilet. First,",358, I,teacher,4,7959,_I,28.75,2.4015666457712337e-23,2.6810039512872516e-14,-52.083335876464844
19,18,reasoning 正文,"<reasoning>
I need to put a soapbottle on the toilet. First,",358, I,student,5,104515,我要,25.25,6.880630197650392e-24,1.266416662428502e-14,-53.33333206176758
19,18,reasoning 正文,"<reasoning>
I need to put a soapbottle on the toilet. First,",358, I,teacher,5,104515,我要,26.75,8.567357794051986e-25,3.6283439801114165e-15,-55.41666793823242
19,18,reasoning 正文,"<reasoning>
I need to put a soapbottle on the toilet. First,",358, I,student,6,2447,.I,23.75,5.647965021837223e-25,2.825757392698391e-15,-55.83333206176758
19,18,reasoning 正文,"<reasoning>
I need to put a soapbottle on the toilet. First,",358, I,teacher,6,600, i,26.5,5.647943328162329e-25,2.825757392698391e-15,-55.833335876464844
19,18,reasoning 正文,"<reasoning>
I need to put a soapbottle on the toilet. First,",358, I,student,7,105351,我会,23.75,5.647965021837223e-25,2.825757392698391e-15,-55.83333206176758
19,18,reasoning 正文,"<reasoning>
I need to put a soapbottle on the toilet. First,",358, I,teacher,7,2447,.I,26.25,3.7233630754801197e-25,2.200702134766289e-15,-56.25
19,18,reasoning 正文,"<reasoning>
I need to put a soapbottle on the toilet. First,",358, I,student,8,24486,	I,23.5,3.7233630754801197e-25,2.200702134766289e-15,-56.25
19,18,reasoning 正文,"<reasoning>
I need to put a soapbottle on the toilet. First,",358, I,teacher,8,24486,	I,25.875,1.9929727675316408e-25,1.5125188877038631e-15,-56.875
19,18,reasoning 正文,"<reasoning>
I need to put a soapbottle on the toilet. First,",358, I,student,9,108763,我没有,22.5,7.032542128244934e-26,8.095930321944762e-16,-57.916664123535156
19,18,reasoning 正文,"<reasoning>
I need to put a soapbottle on the toilet. First,",358, I,teacher,9,105351,我会,25.625,1.3138468515694636e-25,1.1779508261755447e-15,-57.29166793823242
19,18,reasoning 正文,"<reasoning>
I need to put a soapbottle on the toilet. First,",358, I,student,10,21477,-I,22.25,4.636131842198393e-26,6.305116853596367e-16,-58.33333206176758
19,18,reasoning 正文,"<reasoning>
I need to put a soapbottle on the toilet. First,",358, I,teacher,10,37768,",I",25.125,5.709962586454673e-26,7.144633971630562e-16,-58.125
20,19,reasoning 正文,"<reasoning>
I need to put a soapbottle on the toilet. First, I",1265, should,student,1,1265, should,48.0,0.9999974966049194,0.9995691180229187,-2.50339189733495e-06
20,19,reasoning 正文,"<reasoning>
I need to put a soapbottle on the toilet. First, I",1265, should,teacher,1,1265, should,53.5,1.0,1.0,0.0
20,19,reasoning 正文,"<reasoning>
I need to put a soapbottle on the toilet. First, I",1265, should,student,2,1184, need,40.25,2.456741640344262e-06,0.0004305568872950971,-12.916674613952637
20,19,reasoning 正文,"<reasoning>
I need to put a soapbottle on the toilet. First, I",1265, should,teacher,2,99730,应该,36.25,3.266131668507727e-13,3.224186784223093e-08,-28.75
20,19,reasoning 正文,"<reasoning>
I need to put a soapbottle on the toilet. First, I",1265, should,student,3,99730,应该,32.5,6.0356489771373756e-12,1.854591857863852e-07,-25.833337783813477
20,19,reasoning 正文,"<reasoning>
I need to put a soapbottle on the toilet. First, I",1265, should,teacher,3,1184, need,36.0,2.1531719820739453e-13,2.510999053129126e-08,-29.166664123535156
20,19,reasoning 正文,"<reasoning>
I need to put a soapbottle on the toilet. First, I",1265, should,student,4,1969, must,32.5,6.0356489771373756e-12,1.854591857863852e-07,-25.833337783813477
20,19,reasoning 正文,"<reasoning>
I need to put a soapbottle on the toilet. First, I",1265, should,teacher,4,5445,should,33.25,2.200702134766289e-15,1.6052279505629485e-09,-33.75
20,19,reasoning 正文,"<reasoning>
I need to put a soapbottle on the toilet. First, I",1265, should,student,5,5445,should,28.375,6.236609569976268e-15,2.9976683357801903e-09,-32.70833969116211
20,19,reasoning 正文,"<reasoning>
I need to put a soapbottle on the toilet. First, I",1265, should,teacher,5,12260, Should,32.5,6.305116853596367e-16,7.582560135332983e-10,-35.0
20,19,reasoning 正文,"<reasoning>
I need to put a soapbottle on the toilet. First, I",1265, should,student,6,12260, Should,27.5,1.4507847971673648e-15,1.2496140788798016e-09,-34.16667175292969
20,19,reasoning 正文,"<reasoning>
I need to put a soapbottle on the toilet. First, I",1265, should,teacher,6,50511,应,30.75,3.411944664491378e-17,1.3176514046531196e-10,-37.916664123535156
20,19,reasoning 正文,"<reasoning>
I need to put a soapbottle on the toilet. First, I",1265, should,student,7,686, will,26.75,4.156568019700183e-16,5.902759392384382e-10,-35.41667175292969
20,19,reasoning 正文,"<reasoning>
I need to put a soapbottle on the toilet. First, I",1265, should,teacher,7,1969, must,30.5,2.2492898702972617e-17,1.0261879540562902e-10,-38.33333206176758
20,19,reasoning 正文,"<reasoning>
I need to put a soapbottle on the toilet. First, I",1265, should,student,8,104024,应当,26.5,2.740175142471507e-16,4.5970732776012824e-10,-35.83333969116211
20,19,reasoning 正文,"<reasoning>
I need to put a soapbottle on the toilet. First, I",1265, should,teacher,8,104024,应当,30.125,1.2039580728484816e-17,7.052879807956103e-11,-38.95833206176758
20,19,reasoning 正文,"<reasoning>
I need to put a soapbottle on the toilet. First, I",1265, should,student,9,50511,应,25.5,5.1755350894850606e-17,1.69116887160925e-10,-37.500003814697266
20,19,reasoning 正文,"<reasoning>
I need to put a soapbottle on the toilet. First, I",1265, should,teacher,9,686, will,28.75,1.2171738340976647e-18,1.783247334519178e-11,-41.25
20,19,reasoning 正文,"<reasoning>
I need to put a soapbottle on the toilet. First, I",1265, should,student,10,106484,應該,24.375,7.93694025251166e-18,5.4904213120376966e-11,-39.375003814697266
20,19,reasoning 正文,"<reasoning>
I need to put a soapbottle on the toilet. First, I",1265, should,teacher,10,14996,Should,27.875,2.8314379442993066e-19,7.433680407342713e-12,-42.70833206176758
21,20,reasoning 正文,"<reasoning>
I need to put a soapbottle on the toilet. First, I should",24523, locate,student,1,1779, check,39.25,0.5834584832191467,0.5089890360832214,-0.5387819409370422
21,20,reasoning 正文,"<reasoning>
I need to put a soapbottle on the toilet. First, I should",24523, locate,teacher,1,1401, look,43.5,0.9998360872268677,0.9920645356178284,-0.00016389934171456844
21,20,reasoning 正文,"<reasoning>
I need to put a soapbottle on the toilet. First, I should",24523, locate,student,2,24523, locate,39.0,0.38464057445526123,0.396401047706604,-0.9554460644721985
21,20,reasoning 正文,"<reasoning>
I need to put a soapbottle on the toilet. First, I should",24523, locate,teacher,2,2711, search,38.0,0.00010444688086863607,0.0040543414652347565,-9.166831970214844
21,20,reasoning 正文,"<reasoning>
I need to put a soapbottle on the toilet. First, I should",24523, locate,student,3,1477, find,37.5,0.03157322108745575,0.08844903856515884,-3.4554460048675537
21,20,reasoning 正文,"<reasoning>
I need to put a soapbottle on the toilet. First, I should",24523, locate,teacher,3,24523, locate,37.5,4.5392484025796875e-05,0.0024590822868049145,-10.000164031982422
21,20,reasoning 正文,"<reasoning>
I need to put a soapbottle on the toilet. First, I should",24523, locate,student,4,1401, look,34.75,0.0003227017296012491,0.005654357839375734,-8.038782119750977
21,20,reasoning 正文,"<reasoning>
I need to put a soapbottle on the toilet. First, I should",24523, locate,teacher,4,1779, check,36.75,1.3005163964407984e-05,0.0011615883558988571,-11.250164031982422
21,20,reasoning 正文,"<reasoning>
I need to put a soapbottle on the toilet. First, I should",24523, locate,student,5,7071, figure,32.25,5.003132628189633e-06,0.0004641379346139729,-12.205446243286133
21,20,reasoning 正文,"<reasoning>
I need to put a soapbottle on the toilet. First, I should",24523, locate,teacher,5,1477, find,35.25,1.0675288422135054e-06,0.0002591853844933212,-13.750164031982422
21,20,reasoning 正文,"<reasoning>
I need to put a soapbottle on the toilet. First, I should",24523, locate,student,6,8253, determine,29.375,4.1519019333691176e-08,2.6184859962086193e-05,-16.997114181518555
21,20,reasoning 正文,"<reasoning>
I need to put a soapbottle on the toilet. First, I should",24523, locate,teacher,6,7201,look,29.75,1.1151835704881208e-10,1.0592314083623933e-06,-22.916831970214844
21,20,reasoning 正文,"<reasoning>
I need to put a soapbottle on the toilet. First, I should",24523, locate,student,7,10542, identify,28.5,9.658318589345072e-09,1.0915473467321135e-05,-18.455446243286133
21,20,reasoning 正文,"<reasoning>
I need to put a soapbottle on the toilet. First, I should",24523, locate,teacher,7,109547,查找,27.375,2.1294357336471004e-12,9.852386995135021e-08,-26.875164031982422
21,20,reasoning 正文,"<reasoning>
I need to put a soapbottle on the toilet. First, I should",24523, locate,student,8,22401,locate,27.0,7.928031009463155e-10,2.4355713321710937e-06,-20.955446243286133
21,20,reasoning 正文,"<reasoning>
I need to put a soapbottle on the toilet. First, I should",24523, locate,teacher,8,1430, try,27.0,1.13980483038012e-12,6.77143958682791e-08,-27.500164031982422
21,20,reasoning 正文,"<reasoning>
I need to put a soapbottle on the toilet. First, I should",24523, locate,student,9,2711, search,26.75,5.226473698272116e-10,1.8968248696182854e-06,-21.372114181518555
21,20,reasoning 正文,"<reasoning>
I need to put a soapbottle on the toilet. First, I should",24523, locate,teacher,9,9192, Look,26.5,4.953558722063656e-13,4.107085871396521e-08,-28.333499908447266
21,20,reasoning 正文,"<reasoning>
I need to put a soapbottle on the toilet. First, I should",24523, locate,student,10,4363, likely,24.25,8.103037338336172e-12,1.5570086020488816e-07,-25.538782119750977
21,20,reasoning 正文,"<reasoning>
I need to put a soapbottle on the toilet. First, I should",24523, locate,teacher,10,22401,locate,26.25,3.265595801583976e-13,3.198601916665211e-08,-28.750164031982422
22,21,reasoning 正文,"<reasoning>
I need to put a soapbottle on the toilet. First, I should locate",279, the,student,1,279, the,47.25,0.9997597932815552,0.9933071136474609,-0.00024029705673456192
22,21,reasoning 正文,"<reasoning>
I need to put a soapbottle on the toilet. First, I should locate",279, the,teacher,1,279, the,47.25,0.9486644268035889,0.851952850818634,-0.05270013585686684
22,21,reasoning 正文,"<reasoning>
I need to put a soapbottle on the toilet. First, I should locate",279, the,student,2,264, a,42.25,0.0002403110993327573,0.006692851427942514,-8.333576202392578
22,21,reasoning 正文,"<reasoning>
I need to put a soapbottle on the toilet. First, I should locate",279, the,teacher,2,264, a,45.5,0.05133555084466934,0.14804720878601074,-2.969371795654297
22,21,reasoning 正文,"<reasoning>
I need to put a soapbottle on the toilet. First, I should locate",279, the,student,3,1380, where,30.25,4.953180877606544e-13,4.1122280691752167e-08,-28.333576202392578
22,21,reasoning 正文,"<reasoning>
I need to put a soapbottle on the toilet. First, I should locate",279, the,teacher,3,1380, where,22.875,2.1572444377367497e-18,2.210483185383083e-11,-40.67770004272461
22,21,reasoning 正文,"<reasoning>
I need to put a soapbottle on the toilet. First, I should locate",279, the,student,4,458, an,21.5,2.2983893158851816e-19,6.5162914127114835e-12,-42.916908264160156
22,21,reasoning 正文,"<reasoning>
I need to put a soapbottle on the toilet. First, I should locate",279, the,teacher,4,458, an,20.25,2.715569973761088e-20,1.6012685968846974e-12,-45.05270004272461
22,21,reasoning 正文,"<reasoning>
I need to put a soapbottle on the toilet. First, I should locate",279, the,student,5,323, and,19.625,1.009841721188413e-20,9.993055645127202e-13,-46.041908264160156
22,21,reasoning 正文,"<reasoning>
I need to put a soapbottle on the toilet. First, I should locate",279, the,teacher,5,1782,the,20.0,1.7902117466685387e-20,1.2470691796925837e-12,-45.46936798095703
22,21,reasoning 正文,"<reasoning>
I need to put a soapbottle on the toilet. First, I should locate",279, the,student,6,3425, whether,19.375,6.657278412900695e-21,7.782599976795257e-13,-46.45857620239258
22,21,reasoning 正文,"<reasoning>
I need to put a soapbottle on the toilet. First, I should locate",279, the,teacher,6,894, any,17.75,4.210174380100569e-22,1.3144013330003423e-13,-49.21936798095703
22,21,reasoning 正文,"<reasoning>
I need to put a soapbottle on the toilet. First, I should locate",279, the,student,7,894, any,19.375,6.657278412900695e-21,7.782599976795257e-13,-46.45857620239258
22,21,reasoning 正文,"<reasoning>
I need to put a soapbottle on the toilet. First, I should locate",279, the,teacher,7,64,a,17.0,1.2062352194876898e-22,6.20879216095549e-14,-50.46936798095703
22,21,reasoning 正文,"<reasoning>
I need to put a soapbottle on the toilet. First, I should locate",279, the,student,8,1782,the,19.125,4.388759816781025e-21,6.061094551604307e-13,-46.875240325927734
22,21,reasoning 正文,"<reasoning>
I need to put a soapbottle on the toilet. First, I should locate",279, the,teacher,8,576, The,16.5,5.242283006692504e-23,3.765822763758357e-14,-51.30270004272461
22,21,reasoning 正文,"<reasoning>
I need to put a soapbottle on the toilet. First, I should locate",279, the,student,9,2987, either,17.875,5.464627050034774e-22,1.7365327383521423e-13,-48.95857620239258
22,21,reasoning 正文,"<reasoning>
I need to put a soapbottle on the toilet. First, I should locate",279, the,teacher,9,432, it,16.25,3.455921686315817e-23,2.9328258300664184e-14,-51.71936798095703
22,21,reasoning 正文,"<reasoning>
I need to put a soapbottle on the toilet. First, I should locate",279, the,student,10,1128, what,17.25,1.928286421794703e-22,9.294989230341708e-14,-50.000240325927734
22,21,reasoning 正文,"<reasoning>
I need to put a soapbottle on the toilet. First, I should locate",279, the,teacher,10,323, and,15.9375,2.0529076383756424e-23,2.145701320885752e-14,-52.24020004272461
23,22,reasoning 正文,"<reasoning>
I need to put a soapbottle on the toilet. First, I should locate the",26785, soap,student,1,26785, soap,47.25,1.0,0.9999993443489075,0.0
23,22,reasoning 正文,"<reasoning>
I need to put a soapbottle on the toilet. First, I should locate the",26785, soap,teacher,1,26785, soap,48.75,1.0,0.9999993443489075,0.0
23,22,reasoning 正文,"<reasoning>
I need to put a soapbottle on the toilet. First, I should locate the",26785, soap,student,2,35012,soap,33.0,4.8473686869998645e-11,6.475945610873168e-07,-23.75
23,22,reasoning 正文,"<reasoning>
I need to put a soapbottle on the toilet. First, I should locate the",26785, soap,teacher,2,35012,soap,34.5,4.8473686869998645e-11,6.475945610873168e-07,-23.75
23,22,reasoning 正文,"<reasoning>
I need to put a soapbottle on the toilet. First, I should locate the",26785, soap,student,3,114765,皂,27.5,5.0637560821981814e-15,2.646573848963385e-09,-32.91666793823242
23,22,reasoning 正文,"<reasoning>
I need to put a soapbottle on the toilet. First, I should locate the",26785, soap,teacher,3,114765,皂,28.5,2.200702134766289e-15,1.6052279505629485e-09,-33.75
23,22,reasoning 正文,"<reasoning>
I need to put a soapbottle on the toilet. First, I should locate the",26785, soap,student,4,60631, Soap,25.375,1.466715634020646e-16,3.16088155649652e-10,-36.458335876464844
23,22,reasoning 正文,"<reasoning>
I need to put a soapbottle on the toilet. First, I should locate the",26785, soap,teacher,4,60631, Soap,27.625,5.119340607658495e-16,6.691586174056852e-10,-35.208335876464844
23,22,reasoning 正文,"<reasoning>
I need to put a soapbottle on the toilet. First, I should locate the",26785, soap,student,5,19174, soup,24.625,4.202210522411879e-17,1.493094675675266e-10,-37.708335876464844
23,22,reasoning 正文,"<reasoning>
I need to put a soapbottle on the toilet. First, I should locate the",26785, soap,teacher,5,95531,Soap,26.375,6.374327915716516e-17,1.917171560394948e-10,-37.29166793823242
23,22,reasoning 正文,"<reasoning>
I need to put a soapbottle on the toilet. First, I should locate the",26785, soap,student,6,63232, SOAP,24.125,1.8262754953019312e-17,9.056077415747765e-11,-38.54166793823242
23,22,reasoning 正文,"<reasoning>
I need to put a soapbottle on the toilet. First, I should locate the",26785, soap,teacher,6,19174, soup,26.25,5.175554941819762e-17,1.6918980105806725e-10,-37.5
23,22,reasoning 正文,"<reasoning>
I need to put a soapbottle on the toilet. First, I should locate the",26785, soap,student,7,95531,Soap,24.0,1.482821336855421e-17,7.99195987166712e-11,-38.75
23,22,reasoning 正文,"<reasoning>
I need to put a soapbottle on the toilet. First, I should locate the",26785, soap,teacher,7,63232, SOAP,25.125,7.936970858194324e-18,5.4927885156930145e-11,-39.375
23,22,reasoning 正文,"<reasoning>
I need to put a soapbottle on the toilet. First, I should locate the",26785, soap,student,8,28739, soy,21.75,3.4872613721194976e-19,8.423464183116014e-12,-42.5
23,22,reasoning 正文,"<reasoning>
I need to put a soapbottle on the toilet. First, I should locate the",26785, soap,teacher,8,28739, soy,22.5,9.991172114555636e-20,3.978962558742749e-12,-43.75
23,22,reasoning 正文,"<reasoning>
I need to put a soapbottle on the toilet. First, I should locate the",26785, soap,student,9,82569,SOAP,21.0,9.991172114555636e-20,3.978962558742749e-12,-43.75
23,22,reasoning 正文,"<reasoning>
I need to put a soapbottle on the toilet. First, I should locate the",26785, soap,teacher,9,82569,SOAP,22.25,6.586577492644069e-20,3.098819161342914e-12,-44.16666793823242
23,22,reasoning 正文,"<reasoning>
I need to put a soapbottle on the toilet. First, I should locate the",26785, soap,student,10,26214, toilet,20.75,6.586577492644069e-20,3.098819161342914e-12,-44.16666793823242
23,22,reasoning 正文,"<reasoning>
I need to put a soapbottle on the toilet. First, I should locate the",26785, soap,teacher,10,11087, sock,22.0,4.3421346991110935e-20,2.4133626954497833e-12,-44.583335876464844
24,23,reasoning 正文,"<reasoning>
I need to put a soapbottle on the toilet. First, I should locate the soap",65,b,student,1,65,b,54.0,1.0,1.0,0.0
24,23,reasoning 正文,"<reasoning>
I need to put a soapbottle on the toilet. First, I should locate the soap",65,b,teacher,1,65,b,54.0,1.0,0.9999997615814209,0.0
24,23,reasoning 正文,"<reasoning>
I need to put a soapbottle on the toilet. First, I should locate the soap",65,b,student,2,16486, bottle,36.0,9.357622912219837e-14,1.5229980832032197e-08,-30.0
24,23,reasoning 正文,"<reasoning>
I need to put a soapbottle on the toilet. First, I should locate the soap",65,b,teacher,2,16486, bottle,38.75,9.155449835762663e-12,2.3823696437830222e-07,-25.416671752929688
24,23,reasoning 正文,"<reasoning>
I need to put a soapbottle on the toilet. First, I should locate the soap",65,b,student,3,100822,瓶,31.0,2.249281267618891e-17,1.0261879540562902e-10,-38.333335876464844
24,23,reasoning 正文,"<reasoning>
I need to put a soapbottle on the toilet. First, I should locate the soap",65,b,teacher,3,100822,瓶,33.25,9.564187820627207e-16,9.736200734522527e-10,-34.583335876464844
24,23,reasoning 正文,"<reasoning>
I need to put a soapbottle on the toilet. First, I should locate the soap",65,b,student,4,53985, Bottle,24.625,5.465940219452041e-22,1.7482341258239636e-13,-48.958335876464844
24,23,reasoning 正文,"<reasoning>
I need to put a soapbottle on the toilet. First, I should locate the soap",65,b,teacher,4,53985, Bottle,26.5,1.244042240437604e-20,1.1399918552548738e-12,-45.833335876464844
24,23,reasoning 正文,"<reasoning>
I need to put a soapbottle on the toilet. First, I should locate the soap",65,b,student,5,77489,bubble,24.125,2.3754909116580256e-22,1.0603575851565739e-13,-49.79166793823242
24,23,reasoning 正文,"<reasoning>
I need to put a soapbottle on the toilet. First, I should locate the soap",65,b,teacher,5,77489,bubble,24.5,4.438001196060742e-22,1.5428111533547645e-13,-49.16666793823242
24,23,reasoning 正文,"<reasoning>
I need to put a soapbottle on the toilet. First, I should locate the soap",65,b,student,6,2011,box,22.75,2.4015666457712337e-23,2.6810039512872516e-14,-52.083335876464844
24,23,reasoning 正文,"<reasoning>
I need to put a soapbottle on the toilet. First, I should locate the soap",65,b,teacher,6,87838, bottleneck,23.25,5.525960543653601e-23,4.420228560345768e-14,-51.25
24,23,reasoning 正文,"<reasoning>
I need to put a soapbottle on the toilet. First, I should locate the soap",65,b,student,7,9923,б,21.75,4.5359849149006476e-24,9.86286180222444e-15,-53.75
24,23,reasoning 正文,"<reasoning>
I need to put a soapbottle on the toilet. First, I should locate the soap",65,b,teacher,7,2011,box,22.75,2.4015666457712337e-23,2.6810039512872516e-14,-52.083335876464844
24,23,reasoning 正文,"<reasoning>
I need to put a soapbottle on the toilet. First, I should locate the soap",65,b,student,8,87838, bottleneck,21.125,1.6005931560594833e-24,5.279209923760627e-15,-54.79166793823242
24,23,reasoning 正文,"<reasoning>
I need to put a soapbottle on the toilet. First, I should locate the soap",65,b,teacher,8,118579,瓶子,22.375,1.285465963339282e-23,1.842625309061638e-14,-52.708335876464844
24,23,reasoning 正文,"<reasoning>
I need to put a soapbottle on the toilet. First, I should locate the soap",65,b,student,9,17250,bell,21.0,1.2995814853898995e-24,4.658885768355414e-15,-55.0
24,23,reasoning 正文,"<reasoning>
I need to put a soapbottle on the toilet. First, I should locate the soap",65,b,teacher,9,10936, bott,22.25,1.043717882326402e-23,1.62611098224923e-14,-52.91666793823242
24,23,reasoning 正文,"<reasoning>
I need to put a soapbottle on the toilet. First, I should locate the soap",65,b,student,10,70529,bate,21.0,1.2995814853898995e-24,4.658885768355414e-15,-55.0
24,23,reasoning 正文,"<reasoning>
I need to put a soapbottle on the toilet. First, I should locate the soap",65,b,teacher,10,92918,bote,22.25,1.043717882326402e-23,1.62611098224923e-14,-52.91666793823242
25,24,reasoning 正文,"<reasoning>
I need to put a soapbottle on the toilet. First, I should locate the soapb",62118,ottle,student,1,62118,ottle,40.0,1.0,0.9999997615814209,0.0
25,24,reasoning 正文,"<reasoning>
I need to put a soapbottle on the toilet. First, I should locate the soapb",62118,ottle,teacher,1,62118,ottle,40.75,1.0,0.9999993443489075,0.0
25,24,reasoning 正文,"<reasoning>
I need to put a soapbottle on the toilet. First, I should locate the soapb",62118,ottle,student,2,1716,ott,24.75,9.15552009206344e-12,2.3823696437830222e-07,-25.416664123535156
25,24,reasoning 正文,"<reasoning>
I need to put a soapbottle on the toilet. First, I should locate the soapb",62118,ottle,teacher,2,1716,ott,26.5,4.8473686869998645e-11,6.475945610873168e-07,-23.75
25,24,reasoning 正文,"<reasoning>
I need to put a soapbottle on the toilet. First, I should locate the soapb",62118,ottle,student,3,9605,owl,20.875,1.4350379676339627e-14,4.94445018262013e-09,-31.875
25,24,reasoning 正文,"<reasoning>
I need to put a soapbottle on the toilet. First, I should locate the soapb",62118,ottle,teacher,3,9605,owl,21.375,9.460377156677614e-15,3.850741947530878e-09,-32.291664123535156
25,24,reasoning 正文,"<reasoning>
I need to put a soapbottle on the toilet. First, I should locate the soapb",62118,ottle,student,4,100822,瓶,18.75,4.156599518737909e-16,5.905304023556823e-10,-35.416664123535156
25,24,reasoning 正文,"<reasoning>
I need to put a soapbottle on the toilet. First, I should locate the soapb",62118,ottle,teacher,4,100822,瓶,19.125,2.2248675612349805e-16,4.05865202557365e-10,-36.041664123535156
25,24,reasoning 正文,"<reasoning>
I need to put a soapbottle on the toilet. First, I should locate the soapb",62118,ottle,student,5,16486, bottle,17.75,7.850792369564467e-17,2.1724398668876432e-10,-37.08333206176758
25,24,reasoning 正文,"<reasoning>
I need to put a soapbottle on the toilet. First, I should locate the soapb",62118,ottle,teacher,5,23798,OTT,18.875,1.4667211926743624e-16,3.16088155649652e-10,-36.45833206176758
25,24,reasoning 正文,"<reasoning>
I need to put a soapbottle on the toilet. First, I should locate the soapb",62118,ottle,student,6,23798,OTT,17.25,3.411944664491378e-17,1.3176514046531196e-10,-37.916664123535156
25,24,reasoning 正文,"<reasoning>
I need to put a soapbottle on the toilet. First, I should locate the soapb",62118,ottle,teacher,6,16486, bottle,17.875,2.7702750207350052e-17,1.1628233792526643e-10,-38.125
25,24,reasoning 正文,"<reasoning>
I need to put a soapbottle on the toilet. First, I should locate the soapb",62118,ottle,student,7,55975,uckle,16.75,1.482821336855421e-17,7.99195987166712e-11,-38.75
25,24,reasoning 正文,"<reasoning>
I need to put a soapbottle on the toilet. First, I should locate the soapb",62118,ottle,teacher,7,2133,oute,17.25,9.775385559857716e-18,6.224144116773189e-11,-39.166664123535156
25,24,reasoning 正文,"<reasoning>
I need to put a soapbottle on the toilet. First, I should locate the soapb",62118,ottle,student,8,2133,oute,16.625,1.2039580728484816e-17,7.052879807956103e-11,-38.95833206176758
25,24,reasoning 正文,"<reasoning>
I need to put a soapbottle on the toilet. First, I should locate the soapb",62118,ottle,teacher,8,55975,uckle,16.875,5.232386799395524e-18,4.2777878461741636e-11,-39.791664123535156
25,24,reasoning 正文,"<reasoning>
I need to put a soapbottle on the toilet. First, I should locate the soapb",62118,ottle,student,9,460,ore,16.375,7.936970858194324e-18,5.4927885156930145e-11,-39.375
25,24,reasoning 正文,"<reasoning>
I need to put a soapbottle on the toilet. First, I should locate the soapb",62118,ottle,teacher,9,52922, ott,16.75,4.24835413113866e-18,3.775134718719819e-11,-40.0
25,24,reasoning 正文,"<reasoning>
I need to put a soapbottle on the toilet. First, I should locate the soapb",62118,ottle,student,10,52922, ott,15.9375,3.828095921944356e-18,3.546410734522887e-11,-40.104164123535156
25,24,reasoning 正文,"<reasoning>
I need to put a soapbottle on the toilet. First, I should locate the soapb",62118,ottle,teacher,10,1238,ible,16.25,1.8463295793546055e-18,2.2897348947448215e-11,-40.83333206176758
26,25,reasoning 正文,"<reasoning>
I need to put a soapbottle on the toilet. First, I should locate the soapbottle",13,.,student,1,13,.,44.0,0.9999914169311523,0.9990890622138977,-8.583032467868179e-06
26,25,reasoning 正文,"<reasoning>
I need to put a soapbottle on the toilet. First, I should locate the soapbottle",13,.,teacher,1,13,.,46.25,1.0,0.9999985694885254,0.0
26,25,reasoning 正文,"<reasoning>
I need to put a soapbottle on the toilet. First, I should locate the soapbottle",13,.,student,2,304, in,37.0,8.5748870333191e-06,0.000911051407456398,-11.666672706604004
26,25,reasoning 正文,"<reasoning>
I need to put a soapbottle on the toilet. First, I should locate the soapbottle",13,.,teacher,2,304, in,32.75,1.691904394363064e-10,1.3709578752241214e-06,-22.499996185302734
26,25,reasoning 正文,"<reasoning>
I need to put a soapbottle on the toilet. First, I should locate the soapbottle",13,.,student,3,311, to,21.125,2.7702644328231645e-17,1.1617636713756596e-10,-38.125003814697266
26,25,reasoning 正文,"<reasoning>
I need to put a soapbottle on the toilet. First, I should locate the soapbottle",13,.,teacher,3,1773,。,22.875,1.2039626223418506e-17,7.052866624057685e-11,-38.95832824707031
26,25,reasoning 正文,"<reasoning>
I need to put a soapbottle on the toilet. First, I should locate the soapbottle",13,.,student,4,4221, among,20.5,9.775311113602586e-18,6.218472264896135e-11,-39.16667175292969
26,25,reasoning 正文,"<reasoning>
I need to put a soapbottle on the toilet. First, I should locate the soapbottle",13,.,teacher,4,14696, somewhere,22.5,6.44434743108015e-18,4.847359319493094e-11,-39.58332824707031
26,25,reasoning 正文,"<reasoning>
I need to put a soapbottle on the toilet. First, I should locate the soapbottle",13,.,student,5,1773,。,20.375,7.93694025251166e-18,5.487782797630736e-11,-39.375003814697266
26,25,reasoning 正文,"<reasoning>
I need to put a soapbottle on the toilet. First, I should locate the soapbottle",13,.,teacher,5,3143, near,22.375,5.232386799395524e-18,4.277779866446174e-11,-39.791664123535156
26,25,reasoning 正文,"<reasoning>
I need to put a soapbottle on the toilet. First, I should locate the soapbottle",13,.,student,6,14696, somewhere,19.625,2.2739714094917108e-18,2.5922451685200798e-11,-40.625003814697266
26,25,reasoning 正文,"<reasoning>
I need to put a soapbottle on the toilet. First, I should locate the soapbottle",13,.,teacher,6,14046, nearby,21.0,5.289842764743457e-19,1.0815921075435497e-11,-42.08332824707031
26,25,reasoning 正文,"<reasoning>
I need to put a soapbottle on the toilet. First, I should locate the soapbottle",13,.,student,7,773, so,19.375,1.499092496492222e-18,2.018842384932107e-11,-41.04167175292969
26,25,reasoning 正文,"<reasoning>
I need to put a soapbottle on the toilet. First, I should locate the soapbottle",13,.,teacher,7,4221, among,20.625,2.8314488010448464e-19,7.433666529554905e-12,-42.70832824707031
26,25,reasoning 正文,"<reasoning>
I need to put a soapbottle on the toilet. First, I should locate the soapbottle",13,.,student,8,323, and,18.75,5.289802439688595e-19,1.0806085193326709e-11,-42.083335876464844
26,25,reasoning 正文,"<reasoning>
I need to put a soapbottle on the toilet. First, I should locate the soapbottle",13,.,teacher,8,11,",",20.625,2.8314488010448464e-19,7.433666529554905e-12,-42.70832824707031
26,25,reasoning 正文,"<reasoning>
I need to put a soapbottle on the toilet. First, I should locate the soapbottle",13,.,student,9,11,",",18.625,4.294971962510617e-19,9.536336997850725e-12,-42.29167175292969
26,25,reasoning 正文,"<reasoning>
I need to put a soapbottle on the toilet. First, I should locate the soapbottle",13,.,teacher,9,553, by,20.25,1.515565358951515e-19,5.109078958509539e-12,-43.33332824707031
26,25,reasoning 正文,"<reasoning>
I need to put a soapbottle on the toilet. First, I should locate the soapbottle",13,.,student,10,389, on,17.625,8.112174484474321e-20,3.5082221416099513e-12,-43.958335876464844
26,25,reasoning 正文,"<reasoning>
I need to put a soapbottle on the toilet. First, I should locate the soapbottle",13,.,teacher,10,311, to,19.75,6.586602695803357e-20,3.0988133066511825e-12,-44.166664123535156
27,26,reasoning 正文,"<reasoning>
I need to put a soapbottle on the toilet. First, I should locate the soapbottle.",8704, Since,student,1,8704, Since,38.0,0.9241412281990051,0.8173579573631287,-0.07889040559530258
27,26,reasoning 正文,"<reasoning>
I need to put a soapbottle on the toilet. First, I should locate the soapbottle.",8704, Since,teacher,1,8704, Since,35.0,0.8145933747291565,0.6501685380935669,-0.20506617426872253
27,26,reasoning 正文,"<reasoning>
I need to put a soapbottle on the toilet. First, I should locate the soapbottle.",8704, Since,student,2,576, The,36.5,0.07585813850164413,0.18237720429897308,-2.578890323638916
27,26,reasoning 正文,"<reasoning>
I need to put a soapbottle on the toilet. First, I should locate the soapbottle.",8704, Since,teacher,2,576, The,34.0,0.15385662019252777,0.23918364942073822,-1.8717341423034668
27,26,reasoning 正文,"<reasoning>
I need to put a soapbottle on the toilet. First, I should locate the soapbottle.",8704, Since,student,3,21131, Looking,29.125,3.481756607470743e-07,0.00011430065205786377,-14.870558738708496
27,26,reasoning 正文,"<reasoning>
I need to put a soapbottle on the toilet. First, I should locate the soapbottle.",8704, Since,teacher,3,20205, Based,33.0,0.02905983477830887,0.08799074590206146,-3.538398265838623
27,26,reasoning 正文,"<reasoning>
I need to put a soapbottle on the toilet. First, I should locate the soapbottle.",8704, Since,student,4,1084, It,29.125,3.481756607470743e-07,0.00011430065205786377,-14.870558738708496
27,26,reasoning 正文,"<reasoning>
I need to put a soapbottle on the toilet. First, I should locate the soapbottle.",8704, Since,teacher,4,60631, Soap,31.5,0.0023853767197579145,0.01963339000940323,-6.038398265838623
27,26,reasoning 正文,"<reasoning>
I need to put a soapbottle on the toilet. First, I should locate the soapbottle.",8704, Since,student,5,758, In,27.625,2.8580023681001876e-08,2.550392491684761e-05,-17.37055778503418
27,26,reasoning 正文,"<reasoning>
I need to put a soapbottle on the toilet. First, I should locate the soapbottle.",8704, Since,teacher,5,10548, According,29.625,0.00010480618220753968,0.0030108769424259663,-9.163397789001465
27,26,reasoning 正文,"<reasoning>
I need to put a soapbottle on the toilet. First, I should locate the soapbottle.",8704, Since,student,6,12549,Since,26.0,1.904798097029925e-09,5.022020104661351e-06,-20.078889846801758
27,26,reasoning 正文,"<reasoning>
I need to put a soapbottle on the toilet. First, I should locate the soapbottle.",8704, Since,teacher,6,95531,Soap,23.25,2.5468749331736262e-09,5.129389592184452e-06,-19.78839874267578
27,26,reasoning 正文,"<reasoning>
I need to put a soapbottle on the toilet. First, I should locate the soapbottle.",8704, Since,student,7,20205, Based,25.375,6.721377343588131e-10,2.6880936729867244e-06,-21.12055778503418
27,26,reasoning 正文,"<reasoning>
I need to put a soapbottle on the toilet. First, I should locate the soapbottle.",8704, Since,teacher,7,28715,Based,22.125,3.9057593270719337e-10,1.665269110162626e-06,-21.66339874267578
27,26,reasoning 正文,"<reasoning>
I need to put a soapbottle on the toilet. First, I should locate the soapbottle.",8704, Since,student,8,16246, Given,24.75,2.37175223904984e-10,1.4388330100700841e-06,-22.162221908569336
27,26,reasoning 正文,"<reasoning>
I need to put a soapbottle on the toilet. First, I should locate the soapbottle.",8704, Since,teacher,8,12549,Since,21.75,2.0906022746292052e-10,1.144521547757904e-06,-22.28839874267578
27,26,reasoning 正文,"<reasoning>
I need to put a soapbottle on the toilet. First, I should locate the soapbottle.",8704, Since,student,9,2014, To,23.625,3.6371999162509994e-11,4.671206568218622e-07,-24.037221908569336
27,26,reasoning 正文,"<reasoning>
I need to put a soapbottle on the toilet. First, I should locate the soapbottle.",8704, Since,teacher,9,16246, Given,21.75,2.0906022746292052e-10,1.144521547757904e-06,-22.28839874267578
27,26,reasoning 正文,"<reasoning>
I need to put a soapbottle on the toilet. First, I should locate the soapbottle.",8704, Since,student,10,60631, Soap,23.625,3.6371999162509994e-11,4.671206568218622e-07,-24.037221908569336
27,26,reasoning 正文,"<reasoning>
I need to put a soapbottle on the toilet. First, I should locate the soapbottle.",8704, Since,teacher,10,1084, It,21.625,1.6974316396911604e-10,1.0100367262566579e-06,-22.496734619140625
28,27,reasoning 正文,"<reasoning>
I need to put a soapbottle on the toilet. First, I should locate the soapbottle. Since",358, I,student,1,279, the,42.5,0.49996036291122437,0.4986915588378906,-0.6932264566421509
28,27,reasoning 正文,"<reasoning>
I need to put a soapbottle on the toilet. First, I should locate the soapbottle. Since",358, I,teacher,1,26785, soap,42.25,1.0,0.9999986886978149,0.0
28,27,reasoning 正文,"<reasoning>
I need to put a soapbottle on the toilet. First, I should locate the soapbottle. Since",358, I,student,2,358, I,42.5,0.49996036291122437,0.4986915588378906,-0.6932264566421509
28,27,reasoning 正文,"<reasoning>
I need to put a soapbottle on the toilet. First, I should locate the soapbottle. Since",358, I,teacher,2,279, the,28.125,5.970149374867617e-11,7.338207979046274e-07,-23.541664123535156
28,27,reasoning 正文,"<reasoning>
I need to put a soapbottle on the toilet. First, I should locate the soapbottle. Since",358, I,student,3,432, it,37.25,7.922465010778978e-05,0.0026168935000896454,-9.443222999572754
28,27,reasoning 正文,"<reasoning>
I need to put a soapbottle on the toilet. First, I should locate the soapbottle. Since",358, I,teacher,3,35012,soap,27.875,3.935760051199111e-11,5.715002657780133e-07,-23.958332061767578
28,27,reasoning 正文,"<reasoning>
I need to put a soapbottle on the toilet. First, I should locate the soapbottle. Since",358, I,student,4,1052, there,24.25,3.084227887190441e-14,5.915035572456873e-09,-31.10988998413086
28,27,reasoning 正文,"<reasoning>
I need to put a soapbottle on the toilet. First, I should locate the soapbottle. Since",358, I,teacher,4,63232, SOAP,24.0,6.16894095485307e-14,1.186109788164913e-08,-30.416664123535156
28,27,reasoning 正文,"<reasoning>
I need to put a soapbottle on the toilet. First, I should locate the soapbottle. Since",358, I,student,5,35946,我,24.0,2.0332534619730072e-14,4.606634185222447e-09,-31.526554107666016
28,27,reasoning 正文,"<reasoning>
I need to put a soapbottle on the toilet. First, I should locate the soapbottle. Since",358, I,teacher,5,60631, Soap,23.375,2.1768072506209504e-14,6.348787717769255e-09,-31.458332061767578
28,27,reasoning 正文,"<reasoning>
I need to put a soapbottle on the toilet. First, I should locate the soapbottle. Since",358, I,student,6,26785, soap,23.625,1.0883221407409494e-14,3.166090278838851e-09,-32.151554107666016
28,27,reasoning 正文,"<reasoning>
I need to put a soapbottle on the toilet. First, I should locate the soapbottle. Since",358, I,teacher,6,114765,皂,23.0,1.1651609886610074e-14,4.3634540425330215e-09,-32.08333206176758
28,27,reasoning 正文,"<reasoning>
I need to put a soapbottle on the toilet. First, I should locate the soapbottle. Since",358, I,student,7,40,I,23.25,5.825368721337201e-15,2.1760200308307276e-09,-32.776554107666016
28,27,reasoning 正文,"<reasoning>
I need to put a soapbottle on the toilet. First, I should locate the soapbottle. Since",358, I,teacher,7,432, it,22.625,6.2366570038213144e-15,2.998955306310336e-09,-32.70833206176758
28,27,reasoning 正文,"<reasoning>
I need to put a soapbottle on the toilet. First, I should locate the soapbottle. Since",358, I,student,8,847, my,20.875,1.1123462979959067e-16,2.0240137343918718e-10,-36.73488998413086
28,27,reasoning 正文,"<reasoning>
I need to put a soapbottle on the toilet. First, I should locate the soapbottle. Since",358, I,teacher,8,95531,Soap,22.125,2.7104433860503747e-15,1.8189582062788645e-09,-33.541664123535156
28,27,reasoning 正文,"<reasoning>
I need to put a soapbottle on the toilet. First, I should locate the soapbottle. Since",358, I,student,9,108763,我没有,19.75,1.705838163550333e-17,6.571011096356827e-11,-38.60988998413086
28,27,reasoning 正文,"<reasoning>
I need to put a soapbottle on the toilet. First, I should locate the soapbottle. Since",358, I,teacher,9,19174, soup,19.5,3.411944664491378e-17,1.3176489066513142e-10,-37.916664123535156
28,27,reasoning 正文,"<reasoning>
I need to put a soapbottle on the toilet. First, I should locate the soapbottle. Since",358, I,student,10,264, a,18.25,1.4002372788593518e-18,1.4661907105084637e-11,-41.10988998413086
28,27,reasoning 正文,"<reasoning>
I need to put a soapbottle on the toilet. First, I should locate the soapbottle. Since",358, I,teacher,10,82569,SOAP,18.25,4.24835413113866e-18,3.77512743288122e-11,-40.0
29,28,reasoning 正文,"<reasoning>
I need to put a soapbottle on the toilet. First, I should locate the soapbottle. Since I",1079, am,student,1,1079, am,40.25,0.9998952746391296,0.9957863688468933,-0.00010477947944309562
29,28,reasoning 正文,"<reasoning>
I need to put a soapbottle on the toilet. First, I should locate the soapbottle. Since I",1079, am,teacher,1,1079, am,36.75,0.9932978749275208,0.9515208005905151,-0.006724703591316938
29,28,reasoning 正文,"<reasoning>
I need to put a soapbottle on the toilet. First, I should locate the soapbottle. Since I",1079, am,student,2,2776,'m,34.75,0.00010445345105836168,0.0040695518255233765,-9.166769027709961
29,28,reasoning 正文,"<reasoning>
I need to put a soapbottle on the toilet. First, I should locate the soapbottle. Since I",1079, am,teacher,2,2776,'m,33.75,0.006692787166684866,0.04737342894077301,-5.006724834442139
29,28,reasoning 正文,"<reasoning>
I need to put a soapbottle on the toilet. First, I should locate the soapbottle. Since I",1079, am,student,3,1513, don,31.375,3.767179634905915e-07,0.00013925234088674188,-14.791769027709961
29,28,reasoning 正文,"<reasoning>
I need to put a soapbottle on the toilet. First, I should locate the soapbottle. Since I",1079, am,teacher,3,1513, don,29.75,8.517460628354456e-06,0.0008676748257130384,-11.673392295837402
29,28,reasoning 正文,"<reasoning>
I need to put a soapbottle on the toilet. First, I should locate the soapbottle. Since I",1079, am,student,4,8990, haven,27.625,7.272367152921788e-10,3.274901246186346e-06,-21.04176902770996
29,28,reasoning 正文,"<reasoning>
I need to put a soapbottle on the toilet. First, I should locate the soapbottle. Since I",1079, am,teacher,4,1414, know,28.375,8.610956001575687e-07,0.00021938244753982872,-13.965060234069824
29,28,reasoning 正文,"<reasoning>
I need to put a soapbottle on the toilet. First, I should locate the soapbottle. Since I",1079, am,student,5,4249,’m,26.125,5.969522792748094e-11,7.307292548830446e-07,-23.54176902770996
29,28,reasoning 正文,"<reasoning>
I need to put a soapbottle on the toilet. First, I should locate the soapbottle. Since I",1079, am,teacher,5,4249,’m,24.625,1.662304072169718e-09,5.1593806347227655e-06,-20.21506118774414
29,28,reasoning 正文,"<reasoning>
I need to put a soapbottle on the toilet. First, I should locate the soapbottle. Since I",1079, am,student,6,309,am,25.125,1.1275000898203213e-11,2.6882025849772617e-07,-25.208433151245117
29,28,reasoning 正文,"<reasoning>
I need to put a soapbottle on the toilet. First, I should locate the soapbottle. Since I",1079, am,teacher,6,8990, haven,24.375,1.0958611795786055e-09,4.018129857286112e-06,-20.631725311279297
29,28,reasoning 正文,"<reasoning>
I need to put a soapbottle on the toilet. First, I should locate the soapbottle. Since I",1079, am,student,7,5023, currently,25.0,9.154559922619487e-12,2.3723303854694677e-07,-25.41676902770996
29,28,reasoning 正文,"<reasoning>
I need to put a soapbottle on the toilet. First, I should locate the soapbottle. Since I",1079, am,teacher,7,614, have,24.25,8.897672598706663e-10,3.545986828612513e-06,-20.84006118774414
29,28,reasoning 正文,"<reasoning>
I need to put a soapbottle on the toilet. First, I should locate the soapbottle. Since I",1079, am,student,8,22880,_am,24.125,2.1295697410356196e-12,9.889345164992847e-08,-26.87510108947754
29,28,reasoning 正文,"<reasoning>
I need to put a soapbottle on the toilet. First, I should locate the soapbottle. Since I",1079, am,teacher,8,309,am,23.875,4.762580885220302e-10,2.4371188374061603e-06,-21.46506118774414
29,28,reasoning 正文,"<reasoning>
I need to put a soapbottle on the toilet. First, I should locate the soapbottle. Since I",1079, am,student,9,646, can,24.0,1.7290772763231543e-12,8.727315758960685e-08,-27.083433151245117
29,28,reasoning 正文,"<reasoning>
I need to put a soapbottle on the toilet. First, I should locate the soapbottle. Since I",1079, am,teacher,9,2669, already,23.25,1.6805576374956388e-10,1.3044956403973629e-06,-22.506725311279297
29,28,reasoning 正文,"<reasoning>
I need to put a soapbottle on the toilet. First, I should locate the soapbottle. Since I",1079, am,student,10,57491,'am,23.75,1.1398766045639386e-12,6.796840068545862e-08,-27.50010108947754
29,28,reasoning 正文,"<reasoning>
I need to put a soapbottle on the toilet. First, I should locate the soapbottle. Since I",1079, am,teacher,10,22880,_am,22.125,2.577218473354126e-11,4.235077426528733e-07,-24.381725311279297
30,29,reasoning 正文,"<reasoning>
I need to put a soapbottle on the toilet. First, I should locate the soapbottle. Since I am",304, in,student,1,5023, currently,35.5,0.49999985098838806,0.49994269013404846,-0.6931475400924683
30,29,reasoning 正文,"<reasoning>
I need to put a soapbottle on the toilet. First, I should locate the soapbottle. Since I am",304, in,teacher,1,304, in,37.75,0.9999986886978149,0.9996980428695679,-1.311301275563892e-06
30,29,reasoning 正文,"<reasoning>
I need to put a soapbottle on the toilet. First, I should locate the soapbottle. Since I am",304, in,student,2,304, in,35.5,0.49999985098838806,0.49994269013404846,-0.6931475400924683
30,29,reasoning 正文,"<reasoning>
I need to put a soapbottle on the toilet. First, I should locate the soapbottle. Since I am",304, in,teacher,2,5023, currently,29.625,1.3150116728866124e-06,0.0002959552512038499,-13.541665077209473
30,29,reasoning 正文,"<reasoning>
I need to put a soapbottle on the toilet. First, I should locate the soapbottle. Since I am",304, in,student,3,5916, starting,27.0,3.519376718941203e-07,0.00010172249312745407,-14.859811782836914
30,29,reasoning 正文,"<reasoning>
I need to put a soapbottle on the toilet. First, I should locate the soapbottle. Since I am",304, in,teacher,3,5916, starting,25.25,8.957730668335273e-10,3.725526767084375e-06,-20.83333396911621
30,29,reasoning 正文,"<reasoning>
I need to put a soapbottle on the toilet. First, I should locate the soapbottle. Since I am",304, in,student,4,537, not,24.0,2.371337348705538e-09,5.06446440340369e-06,-19.859811782836914
30,29,reasoning 正文,"<reasoning>
I need to put a soapbottle on the toilet. First, I should locate the soapbottle. Since I am",304, in,teacher,4,518, at,24.125,1.373712532615201e-10,1.2095015335944481e-06,-22.70833396911621
30,29,reasoning 正文,"<reasoning>
I need to put a soapbottle on the toilet. First, I should locate the soapbottle. Since I am",304, in,student,5,518, at,24.0,2.371337348705538e-09,5.06446440340369e-06,-19.859811782836914
30,29,reasoning 正文,"<reasoning>
I need to put a soapbottle on the toilet. First, I should locate the soapbottle. Since I am",304, in,teacher,5,3229, told,23.375,3.9357524184158166e-11,5.71328030218865e-07,-23.95833396911621
30,29,reasoning 正文,"<reasoning>
I need to put a soapbottle on the toilet. First, I should locate the soapbottle. Since I am",304, in,student,6,2669, already,22.25,1.2832182538780046e-10,8.800719797363854e-07,-22.776479721069336
30,29,reasoning 正文,"<reasoning>
I need to put a soapbottle on the toilet. First, I should locate the soapbottle. Since I am",304, in,teacher,6,1431, now,22.75,1.3887917725552423e-11,3.058098343444726e-07,-25.000001907348633
30,29,reasoning 正文,"<reasoning>
I need to put a soapbottle on the toilet. First, I should locate the soapbottle. Since I am",304, in,student,7,15102, initially,22.0,8.45948588956702e-11,6.854007779111271e-07,-23.193147659301758
30,29,reasoning 正文,"<reasoning>
I need to put a soapbottle on the toilet. First, I should locate the soapbottle. Since I am",304, in,teacher,7,1101, just,22.25,6.035671962223432e-12,1.8548306002230674e-07,-25.83333396911621
30,29,reasoning 正文,"<reasoning>
I need to put a soapbottle on the toilet. First, I should locate the soapbottle. Since I am",304, in,student,8,58202,currently,21.25,2.423683129193499e-11,3.2376038916481775e-07,-24.443147659301758
30,29,reasoning 正文,"<reasoning>
I need to put a soapbottle on the toilet. First, I should locate the soapbottle. Since I am",304, in,teacher,8,2669, already,21.125,9.25600308204766e-13,6.021758736096672e-08,-27.70833396911621
30,29,reasoning 正文,"<reasoning>
I need to put a soapbottle on the toilet. First, I should locate the soapbottle. Since I am",304, in,student,9,1101, just,21.125,1.96787898476547e-11,2.8571753318828996e-07,-24.651479721069336
30,29,reasoning 正文,"<reasoning>
I need to put a soapbottle on the toilet. First, I should locate the soapbottle. Since I am",304, in,teacher,9,537, not,19.75,9.357605293934534e-14,1.5225390725959187e-08,-30.000001907348633
30,29,reasoning 正文,"<reasoning>
I need to put a soapbottle on the toilet. First, I should locate the soapbottle. Since I am",304, in,student,10,1431, now,21.0,1.5977944661793586e-11,2.521448436709761e-07,-24.859811782836914
30,29,reasoning 正文,"<reasoning>
I need to put a soapbottle on the toilet. First, I should locate the soapbottle. Since I am",304, in,teacher,10,7167, beginning,18.75,1.7674277568834745e-14,5.6011084659246535e-09,-31.66666603088379
31,30,reasoning 正文,"<reasoning>
I need to put a soapbottle on the toilet. First, I should locate the soapbottle. Since I am in",264, a,student,1,264, a,40.75,0.9996354579925537,0.9914207458496094,-0.00036459474358707666
31,30,reasoning 正文,"<reasoning>
I need to put a soapbottle on the toilet. First, I should locate the soapbottle. Since I am in",264, a,teacher,1,264, a,39.5,0.9955776333808899,0.9626700282096863,-0.004432139918208122
31,30,reasoning 正文,"<reasoning>
I need to put a soapbottle on the toilet. First, I should locate the soapbottle. Since I am in",264, a,student,2,279, the,36.0,0.00036448362516239285,0.008577468805015087,-7.917028903961182
31,30,reasoning 正文,"<reasoning>
I need to put a soapbottle on the toilet. First, I should locate the soapbottle. Since I am in",264, a,teacher,2,279, the,36.25,0.004422295372933149,0.037326764315366745,-5.421096324920654
31,30,reasoning 正文,"<reasoning>
I need to put a soapbottle on the toilet. First, I should locate the soapbottle. Since I am in",264, a,student,3,458, an,27.5,2.5655030877480556e-10,1.7452435940867872e-06,-22.083696365356445
31,30,reasoning 正文,"<reasoning>
I need to put a soapbottle on the toilet. First, I should locate the soapbottle. Since I am in",264, a,teacher,3,458, an,26.875,7.240962274224216e-10,3.165989483022713e-06,-21.046096801757812
31,30,reasoning 正文,"<reasoning>
I need to put a soapbottle on the toilet. First, I should locate the soapbottle. Since I am in",264, a,student,4,2918, Text,18.75,1.1904497502243476e-16,2.765538908988674e-10,-36.667030334472656
31,30,reasoning 正文,"<reasoning>
I need to put a soapbottle on the toilet. First, I should locate the soapbottle. Since I am in",264, a,teacher,4,8753, AL,21.375,7.564228513305335e-14,1.2938687454777664e-08,-30.21276092529297
31,30,reasoning 正文,"<reasoning>
I need to put a soapbottle on the toilet. First, I should locate the soapbottle. Since I am in",264, a,student,5,1467, text,18.375,6.372018427446268e-17,1.900725132841785e-10,-37.292030334472656
31,30,reasoning 正文,"<reasoning>
I need to put a soapbottle on the toilet. First, I should locate the soapbottle. Since I am in",264, a,teacher,5,2918, Text,20.125,9.418535423149146e-15,3.7069962655067457e-09,-32.29609680175781
31,30,reasoning 正文,"<reasoning>
I need to put a soapbottle on the toilet. First, I should locate the soapbottle. Since I am in",264, a,student,6,8753, AL,18.25,5.1736600364725254e-17,1.6773840649797478e-10,-37.5003662109375
31,30,reasoning 正文,"<reasoning>
I need to put a soapbottle on the toilet. First, I should locate the soapbottle. Since I am in",264, a,teacher,6,1467, text,17.875,2.2150271559702537e-16,3.907144885406666e-10,-36.04609680175781
31,30,reasoning 正文,"<reasoning>
I need to put a soapbottle on the toilet. First, I should locate the soapbottle. Since I am in",264, a,student,7,419, this,15.875,9.87907078848486e-19,1.5602101208211927e-11,-41.45869827270508
31,30,reasoning 正文,"<reasoning>
I need to put a soapbottle on the toilet. First, I should locate the soapbottle. Since I am in",264, a,teacher,7,969,AL,16.875,4.1836565304000697e-17,1.4373582879478874e-10,-37.71276092529297
31,30,reasoning 正文,"<reasoning>
I need to put a soapbottle on the toilet. First, I should locate the soapbottle. Since I am in",264, a,student,8,4065, front,15.375,4.29343185560762e-19,9.463153351207954e-12,-42.292030334472656
31,30,reasoning 正文,"<reasoning>
I need to put a soapbottle on the toilet. First, I should locate the soapbottle. Since I am in",264, a,teacher,8,1674, Al,15.8125,7.120192869024763e-18,4.967377204012635e-11,-39.48359680175781
31,30,reasoning 正文,"<reasoning>
I need to put a soapbottle on the toilet. First, I should locate the soapbottle. Since I am in",264, a,student,9,9345,-text,14.625,1.2300887859472141e-19,4.47007708626046e-12,-43.542030334472656
31,30,reasoning 正文,"<reasoning>
I need to put a soapbottle on the toilet. First, I should locate the soapbottle. Since I am in",264, a,teacher,9,9345,-text,15.75,6.41584526871341e-18,4.666419681220724e-11,-39.58776092529297
31,30,reasoning 正文,"<reasoning>
I need to put a soapbottle on the toilet. First, I should locate the soapbottle. Since I am in",264, a,student,10,64,a,14.0,4.340561117242682e-20,2.3926598549661726e-12,-44.58369827270508
31,30,reasoning 正文,"<reasoning>
I need to put a soapbottle on the toilet. First, I should locate the soapbottle. Since I am in",264, a,teacher,10,4326,_text,15.4375,3.811164775576314e-18,3.414025312453717e-11,-40.10859680175781
32,31,reasoning 正文,"<reasoning>
I need to put a soapbottle on the toilet. First, I should locate the soapbottle. Since I am in a",3054, room,student,1,3054, room,36.5,1.0,0.9999395608901978,0.0
32,31,reasoning 正文,"<reasoning>
I need to put a soapbottle on the toilet. First, I should locate the soapbottle. Since I am in a",3054, room,teacher,1,14852, bathroom,36.25,0.999319314956665,0.9875616431236267,-0.0006809299811720848
32,31,reasoning 正文,"<reasoning>
I need to put a soapbottle on the toilet. First, I should locate the soapbottle. Since I am in a",3054, room,student,2,102327,房间,26.5,5.777741662882363e-08,4.539720248430967e-05,-16.666667938232422
32,31,reasoning 正文,"<reasoning>
I need to put a soapbottle on the toilet. First, I should locate the soapbottle. Since I am in a",3054, room,teacher,2,3054, room,31.875,0.0006807298050262034,0.01243156474083662,-7.29234504699707
32,31,reasoning 正文,"<reasoning>
I need to put a soapbottle on the toilet. First, I should locate the soapbottle. Since I am in a",3054, room,student,3,14852, bathroom,24.5,2.061153470123145e-09,6.143843165773433e-06,-20.0
32,31,reasoning 正文,"<reasoning>
I need to put a soapbottle on the toilet. First, I should locate the soapbottle. Since I am in a",3054, room,teacher,3,14260, typical,23.125,3.158729944274796e-10,1.96992323253653e-06,-21.875680923461914
32,31,reasoning 正文,"<reasoning>
I need to put a soapbottle on the toilet. First, I should locate the soapbottle. Since I am in a",3054, room,student,4,6149, middle,23.625,4.794736829794033e-10,2.561135033829487e-06,-21.458332061767578
32,31,reasoning 正文,"<reasoning>
I need to put a soapbottle on the toilet. First, I should locate the soapbottle. Since I am in a",3054, room,teacher,4,113051,浴室,22.75,1.690746292970502e-10,1.3539071233026334e-06,-22.500680923461914
32,31,reasoning 正文,"<reasoning>
I need to put a soapbottle on the toilet. First, I should locate the soapbottle. Since I am in a",3054, room,student,5,9780, kitchen,23.375,3.16088155649652e-10,1.994613967326586e-06,-21.875
32,31,reasoning 正文,"<reasoning>
I need to put a soapbottle on the toilet. First, I should locate the soapbottle. Since I am in a",3054, room,teacher,5,6149, middle,22.25,7.347962516224271e-11,8.211861199924897e-07,-23.334012985229492
32,31,reasoning 正文,"<reasoning>
I need to put a soapbottle on the toilet. First, I should locate the soapbottle. Since I am in a",3054, room,student,6,14260, typical,22.875,1.3737151693948846e-10,1.2097945045752567e-06,-22.708332061767578
32,31,reasoning 正文,"<reasoning>
I need to put a soapbottle on the toilet. First, I should locate the soapbottle. Since I am in a",3054, room,teacher,6,102327,房间,22.125,5.966085264708099e-11,7.246941891025926e-07,-23.54234504699707
32,31,reasoning 正文,"<reasoning>
I need to put a soapbottle on the toilet. First, I should locate the soapbottle. Since I am in a",3054, room,student,7,2966,room,22.375,5.970125782628344e-11,7.337774263760366e-07,-23.541667938232422
32,31,reasoning 正文,"<reasoning>
I need to put a soapbottle on the toilet. First, I should locate the soapbottle. Since I am in a",3054, room,teacher,7,8885, bath,21.75,3.193415323843318e-11,4.980745984539681e-07,-24.16734504699707
32,31,reasoning 正文,"<reasoning>
I need to put a soapbottle on the toilet. First, I should locate the soapbottle. Since I am in a",3054, room,student,8,501, new,22.375,5.970125782628344e-11,7.337774263760366e-07,-23.541667938232422
32,31,reasoning 正文,"<reasoning>
I need to put a soapbottle on the toilet. First, I should locate the soapbottle. Since I am in a",3054, room,teacher,8,13829, bedroom,21.5,2.105226409865324e-11,3.87900882969916e-07,-24.584012985229492
32,31,reasoning 正文,"<reasoning>
I need to put a soapbottle on the toilet. First, I should locate the soapbottle. Since I am in a",3054, room,student,9,10420, Room,21.5,1.3887944613766301e-11,3.058839297409577e-07,-25.0
32,31,reasoning 正文,"<reasoning>
I need to put a soapbottle on the toilet. First, I should locate the soapbottle. Since I am in a",3054, room,teacher,9,36832, Bathroom,21.125,1.1268465327507471e-11,2.6660009666557016e-07,-25.209012985229492
32,31,reasoning 正文,"<reasoning>
I need to put a soapbottle on the toilet. First, I should locate the soapbottle. Since I am in a",3054, room,student,10,35850,(room,21.5,1.3887944613766301e-11,3.058839297409577e-07,-25.0
32,31,reasoning 正文,"<reasoning>
I need to put a soapbottle on the toilet. First, I should locate the soapbottle. Since I am in a",3054, room,teacher,10,39883, bathrooms,21.125,1.1268465327507471e-11,2.6660009666557016e-07,-25.209012985229492
33,32,reasoning 正文,"<reasoning>
I need to put a soapbottle on the toilet. First, I should locate the soapbottle. Since I am in a room",448, with,student,1,448, with,46.25,1.0,1.0,0.0
33,32,reasoning 正文,"<reasoning>
I need to put a soapbottle on the toilet. First, I should locate the soapbottle. Since I am in a room",448, with,teacher,1,448, with,43.25,1.0,0.9999936819076538,0.0
33,32,reasoning 正文,"<reasoning>
I need to put a soapbottle on the toilet. First, I should locate the soapbottle. Since I am in a room",448, with,student,2,4197,with,25.75,1.450795808595679e-15,1.2501528701136522e-09,-34.166664123535156
33,32,reasoning 正文,"<reasoning>
I need to put a soapbottle on the toilet. First, I should locate the soapbottle. Since I am in a room",448, with,teacher,2,429, that,31.25,2.061161463728922e-09,6.144171493360773e-06,-19.999996185302734
33,32,reasoning 正文,"<reasoning>
I need to put a soapbottle on the toilet. First, I should locate the soapbottle. Since I am in a room",448, with,student,3,429, that,24.75,2.740206376811437e-16,4.5990555808117506e-10,-35.83332824707031
33,32,reasoning 正文,"<reasoning>
I need to put a soapbottle on the toilet. First, I should locate the soapbottle. Since I am in a room",448, with,teacher,3,1380, where,26.75,1.1399961920635637e-12,6.8255644691817e-08,-27.499996185302734
33,32,reasoning 正文,"<reasoning>
I need to put a soapbottle on the toilet. First, I should locate the soapbottle. Since I am in a room",448, with,student,4,3085, With,24.75,2.740206376811437e-16,4.5990555808117506e-10,-35.83332824707031
33,32,reasoning 正文,"<reasoning>
I need to put a soapbottle on the toilet. First, I should locate the soapbottle. Since I am in a room",448, with,teacher,4,11,",",25.875,2.6519043037909196e-13,2.845318469724134e-08,-28.958328247070312
33,32,reasoning 正文,"<reasoning>
I need to put a soapbottle on the toilet. First, I should locate the soapbottle. Since I am in a room",448, with,student,5,128250, với,24.25,1.1908857074943875e-16,2.789468100949932e-10,-36.666664123535156
33,32,reasoning 正文,"<reasoning>
I need to put a soapbottle on the toilet. First, I should locate the soapbottle. Since I am in a room",448, with,teacher,5,323, and,24.125,1.4350435580514145e-14,4.94442220499991e-09,-31.874996185302734
33,32,reasoning 正文,"<reasoning>
I need to put a soapbottle on the toilet. First, I should locate the soapbottle. Since I am in a room",448, with,student,6,6615,_with,24.0,7.850822148066519e-17,2.1724398668876432e-10,-37.08332824707031
33,32,reasoning 正文,"<reasoning>
I need to put a soapbottle on the toilet. First, I should locate the soapbottle. Since I am in a room",448, with,teacher,6,4197,with,23.375,4.11146827981922e-15,2.3355797296176206e-09,-33.124996185302734
33,32,reasoning 正文,"<reasoning>
I need to put a soapbottle on the toilet. First, I should locate the soapbottle. Since I am in a room",448, with,student,7,323, and,23.125,1.8262824436190766e-17,9.056077415747765e-11,-38.541664123535156
33,32,reasoning 正文,"<reasoning>
I need to put a soapbottle on the toilet. First, I should locate the soapbottle. Since I am in a room",448, with,teacher,7,6615,_with,22.25,6.305140676398009e-16,7.582516836635023e-10,-34.999996185302734
33,32,reasoning 正文,"<reasoning>
I need to put a soapbottle on the toilet. First, I should locate the soapbottle. Since I am in a room",448, with,student,8,8482, containing,22.375,5.232386799395524e-18,4.2777878461741636e-11,-39.791664123535156
33,32,reasoning 正文,"<reasoning>
I need to put a soapbottle on the toilet. First, I should locate the soapbottle. Since I am in a room",448, with,teacher,8,3085, With,22.125,5.119379782932306e-16,6.691548426474014e-10,-35.20832824707031
33,32,reasoning 正文,"<reasoning>
I need to put a soapbottle on the toilet. First, I should locate the soapbottle. Since I am in a room",448, with,student,9,2354,With,22.0,2.800694794556796e-18,2.940077695190446e-11,-40.416664123535156
33,32,reasoning 正文,"<reasoning>
I need to put a soapbottle on the toilet. First, I should locate the soapbottle. Since I am in a room",448, with,teacher,9,2041, without,22.0,4.156599518737909e-16,5.905270161754572e-10,-35.416664123535156
33,32,reasoning 正文,"<reasoning>
I need to put a soapbottle on the toilet. First, I should locate the soapbottle. Since I am in a room",448, with,student,10,2041, without,21.5,1.2171784869886103e-18,1.783247334519178e-11,-41.249996185302734
33,32,reasoning 正文,"<reasoning>
I need to put a soapbottle on the toilet. First, I should locate the soapbottle. Since I am in a room",448, with,teacher,10,8482, containing,21.0,7.850822148066519e-17,2.1724275156564943e-10,-37.08332824707031
34,33,reasoning 正文,"<reasoning>
I need to put a soapbottle on the toilet. First, I should locate the soapbottle. Since I am in a room with",5248, multiple,student,1,5257, various,40.25,0.541090726852417,0.4657963514328003,-0.6141682863235474
34,33,reasoning 正文,"<reasoning>
I need to put a soapbottle on the toilet. First, I should locate the soapbottle. Since I am in a room with",5248, multiple,teacher,1,5257, various,37.25,0.8283374309539795,0.6560032367706299,-0.18833467364311218
34,33,reasoning 正文,"<reasoning>
I need to put a soapbottle on the toilet. First, I should locate the soapbottle. Since I am in a room with",5248, multiple,student,2,5248, multiple,40.0,0.35670992732048035,0.36276257038116455,-1.0308324098587036
34,33,reasoning 正文,"<reasoning>
I need to put a soapbottle on the toilet. First, I should locate the soapbottle. Since I am in a room with",5248, multiple,teacher,2,3807, several,36.0,0.10314012318849564,0.1879480481147766,-2.2716667652130127
34,33,reasoning 正文,"<reasoning>
I need to put a soapbottle on the toilet. First, I should locate the soapbottle. Since I am in a room with",5248, multiple,student,3,3807, several,39.25,0.10219910740852356,0.1713569015264511,-2.280832290649414
34,33,reasoning 正文,"<reasoning>
I need to put a soapbottle on the toilet. First, I should locate the soapbottle. Since I am in a room with",5248, multiple,teacher,3,5248, multiple,35.75,0.06799408048391342,0.14637410640716553,-2.6883347034454346
34,33,reasoning 正文,"<reasoning>
I need to put a soapbottle on the toilet. First, I should locate the soapbottle. Since I am in a room with",5248, multiple,student,4,101213,多个,31.25,1.655215555729228e-07,5.748384501202963e-05,-15.614164352416992
34,33,reasoning 正文,"<reasoning>
I need to put a soapbottle on the toilet. First, I should locate the soapbottle. Since I am in a room with",5248, multiple,teacher,4,264, a,32.75,0.00045814059558324516,0.007287538610398769,-7.6883344650268555
34,33,reasoning 正文,"<reasoning>
I need to put a soapbottle on the toilet. First, I should locate the soapbottle. Since I am in a room with",5248, multiple,student,5,1657, many,30.25,3.1262946009746884e-08,2.114712515322026e-05,-17.280832290649414
34,33,reasoning 正文,"<reasoning>
I need to put a soapbottle on the toilet. First, I should locate the soapbottle. Since I am in a room with",5248, multiple,teacher,5,1657, many,31.625,7.025813829386607e-05,0.0023659176658838987,-9.563334465026855
34,33,reasoning 正文,"<reasoning>
I need to put a soapbottle on the toilet. First, I should locate the soapbottle. Since I am in a room with",5248, multiple,student,6,264, a,28.625,2.0836090630638182e-09,4.164116035099141e-06,-19.989164352416992
34,33,reasoning 正文,"<reasoning>
I need to put a soapbottle on the toilet. First, I should locate the soapbottle. Since I am in a room with",5248, multiple,teacher,6,101213,多个,26.75,2.0799530986437276e-08,1.8063994502881542e-05,-17.688335418701172
34,33,reasoning 正文,"<reasoning>
I need to put a soapbottle on the toilet. First, I should locate the soapbottle. Since I am in a room with",5248, multiple,student,7,35673,multiple,26.875,1.1275178707359501e-10,7.236147894218448e-07,-22.905832290649414
34,33,reasoning 正文,"<reasoning>
I need to put a soapbottle on the toilet. First, I should locate the soapbottle. Since I am in a room with",5248, multiple,teacher,7,12114, numerous,24.125,2.6182744861102947e-10,1.3085513046462438e-06,-22.063335418701172
34,33,reasoning 正文,"<reasoning>
I need to put a soapbottle on the toilet. First, I should locate the soapbottle. Since I am in a room with",5248, multiple,student,8,12114, numerous,26.125,3.23039268945724e-11,3.418114431497088e-07,-24.155832290649414
34,33,reasoning 正文,"<reasoning>
I need to put a soapbottle on the toilet. First, I should locate the soapbottle. Since I am in a room with",5248, multiple,teacher,8,9434, visible,23.375,7.501482074401267e-11,6.18115905126615e-07,-23.313335418701172
34,33,reasoning 正文,"<reasoning>
I need to put a soapbottle on the toilet. First, I should locate the soapbottle. Since I am in a room with",5248, multiple,student,9,101312,多种,25.25,7.514667707542166e-12,1.4248820434659137e-07,-25.614164352416992
34,33,reasoning 正文,"<reasoning>
I need to put a soapbottle on the toilet. First, I should locate the soapbottle. Since I am in a room with",5248, multiple,teacher,9,35673,multiple,23.25,6.090733473129717e-11,5.454853635455947e-07,-23.52166748046875
34,33,reasoning 正文,"<reasoning>
I need to put a soapbottle on the toilet. First, I should locate the soapbottle. Since I am in a room with",5248, multiple,student,10,61607, drawers,23.875,7.597155868808991e-13,3.602662346224861e-08,-27.905832290649414
34,33,reasoning 正文,"<reasoning>
I need to put a soapbottle on the toilet. First, I should locate the soapbottle. Since I am in a room with",5248, multiple,teacher,10,101312,多种,22.25,1.150389505877314e-11,2.0067284367542015e-07,-25.188335418701172
35,34,reasoning 正文,"<reasoning>
I need to put a soapbottle on the toilet. First, I should locate the soapbottle. Since I am in a room with multiple",61607, drawers,student,1,61607, drawers,36.0,0.9970789551734924,0.9703859090805054,-0.0029252853710204363
35,34,reasoning 正文,"<reasoning>
I need to put a soapbottle on the toilet. First, I should locate the soapbottle. Since I am in a room with multiple",61607, drawers,teacher,1,26431, surfaces,32.5,0.8394403457641602,0.671880304813385,-0.17501986026763916
35,34,reasoning 正文,"<reasoning>
I need to put a soapbottle on the toilet. First, I should locate the soapbottle. Since I am in a room with multiple",61607, drawers,student,2,6171, objects,32.5,0.0029197384137660265,0.029303114861249924,-5.83626127243042
35,34,reasoning 正文,"<reasoning>
I need to put a soapbottle on the toilet. First, I should locate the soapbottle. Since I am in a room with multiple",61607, drawers,teacher,2,6171, objects,31.25,0.10452261567115784,0.1924969106912613,-2.2583518028259277
35,34,reasoning 正文,"<reasoning>
I need to put a soapbottle on the toilet. First, I should locate the soapbottle. Since I am in a room with multiple",61607, drawers,student,3,3589, items,27.875,1.3111671250953805e-06,0.0002872775658033788,-13.54459285736084
35,34,reasoning 正文,"<reasoning>
I need to put a soapbottle on the toilet. First, I should locate the soapbottle. Since I am in a room with multiple",61607, drawers,teacher,3,61607, drawers,30.875,0.05594692379236221,0.13230107724666595,-2.8833518028259277
35,34,reasoning 正文,"<reasoning>
I need to put a soapbottle on the toilet. First, I should locate the soapbottle. Since I am in a room with multiple",61607, drawers,student,4,26482, drawer,24.625,5.824097648599036e-09,1.113895996240899e-05,-18.961261749267578
35,34,reasoning 正文,"<reasoning>
I need to put a soapbottle on the toilet. First, I should locate the soapbottle. Since I am in a room with multiple",61607, drawers,teacher,4,3589, items,27.0,8.769161649979651e-05,0.002745821373537183,-9.341684341430664
35,34,reasoning 正文,"<reasoning>
I need to put a soapbottle on the toilet. First, I should locate the soapbottle. Since I am in a room with multiple",61607, drawers,student,5,14549, furniture,24.25,3.1174149928148154e-09,7.655687113583554e-06,-19.586261749267578
35,34,reasoning 正文,"<reasoning>
I need to put a soapbottle on the toilet. First, I should locate the soapbottle. Since I am in a room with multiple",61607, drawers,teacher,5,10468, locations,24.5,1.3595562222690205e-06,0.0002253906277474016,-13.508352279663086
35,34,reasoning 正文,"<reasoning>
I need to put a soapbottle on the toilet. First, I should locate the soapbottle. Since I am in a room with multiple",61607, drawers,student,6,10468, locations,22.75,2.5589300123307623e-10,1.708214881546155e-06,-22.086261749267578
35,34,reasoning 正文,"<reasoning>
I need to put a soapbottle on the toilet. First, I should locate the soapbottle. Since I am in a room with multiple",61607, drawers,teacher,6,14549, furniture,24.125,7.277179747688933e-07,0.00015490857185795903,-14.133352279663086
35,34,reasoning 正文,"<reasoning>
I need to put a soapbottle on the toilet. First, I should locate the soapbottle. Since I am in a room with multiple",61607, drawers,student,7,26431, surfaces,22.25,1.1121077669873358e-10,1.0360846545154345e-06,-22.919593811035156
35,34,reasoning 正文,"<reasoning>
I need to put a soapbottle on the toilet. First, I should locate the soapbottle. Since I am in a room with multiple",61607, drawers,teacher,7,14852, bathroom,22.75,7.357061093671291e-08,3.916701825801283e-05,-16.425020217895508
35,34,reasoning 正文,"<reasoning>
I need to put a soapbottle on the toilet. First, I should locate the soapbottle. Since I am in a room with multiple",61607, drawers,student,8,36228, cabinets,21.5,3.186242242270154e-11,4.894117182629998e-07,-24.169593811035156
35,34,reasoning 正文,"<reasoning>
I need to put a soapbottle on the toilet. First, I should locate the soapbottle. Since I am in a room with multiple",61607, drawers,teacher,8,3204, possible,22.625,5.973473093945358e-08,3.4564774978207424e-05,-16.633352279663086
35,34,reasoning 正文,"<reasoning>
I need to put a soapbottle on the toilet. First, I should locate the soapbottle. Since I am in a room with multiple",61607, drawers,student,9,23853, containers,21.125,1.7054725687248862e-11,3.363674352385715e-07,-24.794593811035156
35,34,reasoning 正文,"<reasoning>
I need to put a soapbottle on the toilet. First, I should locate the soapbottle. Since I am in a room with multiple",61607, drawers,teacher,9,26482, drawer,22.625,5.973473093945358e-08,3.4564774978207424e-05,-16.633352279663086
35,34,reasoning 正文,"<reasoning>
I need to put a soapbottle on the toilet. First, I should locate the soapbottle. Since I am in a room with multiple",61607, drawers,student,10,31532, counters,21.0,1.3847368564301465e-11,2.968432113448216e-07,-25.002925872802734
35,34,reasoning 正文,"<reasoning>
I need to put a soapbottle on the toilet. First, I should locate the soapbottle. Since I am in a room with multiple",61607, drawers,teacher,10,9434, visible,22.25,3.1973694802900354e-08,2.3755999791319482e-05,-17.258352279663086
36,35,reasoning 正文,"<reasoning>
I need to put a soapbottle on the toilet. First, I should locate the soapbottle. Since I am in a room with multiple drawers",11,",",student,1,11,",",49.5,1.0,0.9999982118606567,0.0
36,35,reasoning 正文,"<reasoning>
I need to put a soapbottle on the toilet. First, I should locate the soapbottle. Since I am in a room with multiple drawers",11,",",teacher,1,11,",",46.75,0.9933071136474609,0.9525741338729858,-0.006715348921716213
36,35,reasoning 正文,"<reasoning>
I need to put a soapbottle on the toilet. First, I should locate the soapbottle. Since I am in a room with multiple drawers",11,",",student,2,323, and,36.25,2.5664279035275683e-10,1.7603430251256214e-06,-22.083335876464844
36,35,reasoning 正文,"<reasoning>
I need to put a soapbottle on the toilet. First, I should locate the soapbottle. Since I am in a room with multiple drawers",11,",",teacher,2,323, and,43.75,0.006692851427942514,0.047425877302885056,-5.006715297698975
36,35,reasoning 正文,"<reasoning>
I need to put a soapbottle on the toilet. First, I should locate the soapbottle. Since I am in a room with multiple drawers",11,",",student,3,9733, mentioned,23.25,9.991172114555636e-20,3.978954752487107e-12,-43.75
36,35,reasoning 正文,"<reasoning>
I need to put a soapbottle on the toilet. First, I should locate the soapbottle. Since I am in a room with multiple drawers",11,",",teacher,3,3143, near,25.125,2.2099798983958021e-16,3.866165443344727e-10,-36.048377990722656
36,35,reasoning 正文,"<reasoning>
I need to put a soapbottle on the toilet. First, I should locate the soapbottle. Since I am in a room with multiple drawers",11,",",student,4,320, (,23.0,6.586577492644069e-20,3.0988133066511825e-12,-44.16666793823242
36,35,reasoning 正文,"<reasoning>
I need to put a soapbottle on the toilet. First, I should locate the soapbottle. Since I am in a room with multiple drawers",11,",",teacher,4,33108,和,22.25,1.8339750165206666e-18,2.1811412051486734e-11,-40.84004592895508
36,35,reasoning 正文,"<reasoning>
I need to put a soapbottle on the toilet. First, I should locate the soapbottle. Since I am in a room with multiple drawers",11,",",student,5,10007, listed,20.0,4.438001196060742e-22,1.5428081717987902e-13,-49.16666793823242
36,35,reasoning 正文,"<reasoning>
I need to put a soapbottle on the toilet. First, I should locate the soapbottle. Since I am in a room with multiple drawers",11,",",teacher,5,14046, nearby,21.75,7.970432692116355e-19,1.3229290059257881e-11,-41.673377990722656
36,35,reasoning 正文,"<reasoning>
I need to put a soapbottle on the toilet. First, I should locate the soapbottle. Since I am in a room with multiple drawers",11,",",student,6,3837,，,19.75,2.9257068780090253e-22,1.2015402236532913e-13,-49.583335876464844
36,35,reasoning 正文,"<reasoning>
I need to put a soapbottle on the toilet. First, I should locate the soapbottle. Since I am in a room with multiple drawers",11,",",teacher,6,7587, и,21.625,6.471467684836043e-19,1.1674807821882016e-11,-41.8817138671875
36,35,reasoning 正文,"<reasoning>
I need to put a soapbottle on the toilet. First, I should locate the soapbottle. Since I am in a room with multiple drawers",11,",",student,7,5373,、,18.125,1.9499218471990393e-23,2.3659732552587694e-14,-52.29166793823242
36,35,reasoning 正文,"<reasoning>
I need to put a soapbottle on the toilet. First, I should locate the soapbottle. Since I am in a room with multiple drawers",11,",",teacher,7,429, that,21.375,4.266265176339847e-19,9.092349269324007e-12,-42.298377990722656
36,35,reasoning 正文,"<reasoning>
I need to put a soapbottle on the toilet. First, I should locate the soapbottle. Since I am in a room with multiple drawers",11,",",student,8,429, that,17.125,3.682921381616866e-24,8.703945394560476e-15,-53.958335876464844
36,35,reasoning 正文,"<reasoning>
I need to put a soapbottle on the toilet. First, I should locate the soapbottle. Since I am in a room with multiple drawers",11,",",teacher,8,320, (,20.5,9.924317180250598e-20,3.790255002217302e-12,-43.7567138671875
36,35,reasoning 正文,"<reasoning>
I need to put a soapbottle on the toilet. First, I should locate the soapbottle. Since I am in a room with multiple drawers",11,",",student,9,304, in,17.0,2.99030190126327e-24,7.68120477976069e-15,-54.16666793823242
36,35,reasoning 正文,"<reasoning>
I need to put a soapbottle on the toilet. First, I should locate the soapbottle. Since I am in a room with multiple drawers",11,",",teacher,9,47742, và,20.375,8.05792371475306e-20,3.344888385367617e-12,-43.96504592895508
36,35,reasoning 正文,"<reasoning>
I need to put a soapbottle on the toilet. First, I should locate the soapbottle. Since I am in a room with multiple drawers",11,",",student,10,2500, available,17.0,2.99030190126327e-24,7.68120477976069e-15,-54.16666793823242
36,35,reasoning 正文,"<reasoning>
I need to put a soapbottle on the toilet. First, I should locate the soapbottle. Since I am in a room with multiple drawers",11,",",teacher,10,437,and,20.0,4.3130958128490806e-20,2.2989060741857026e-12,-44.59004592895508
37,36,reasoning 正文,"<reasoning>
I need to put a soapbottle on the toilet. First, I should locate the soapbottle. Since I am in a room with multiple drawers,",432, it,student,1,432, it,31.375,0.9240342378616333,0.813286304473877,-0.07900618761777878
37,36,reasoning 正文,"<reasoning>
I need to put a soapbottle on the toilet. First, I should locate the soapbottle. Since I am in a room with multiple drawers,",432, it,teacher,1,358, I,28.375,0.9941275119781494,0.9276927709579468,-0.005889798980206251
37,36,reasoning 正文,"<reasoning>
I need to put a soapbottle on the toilet. First, I should locate the soapbottle. Since I am in a room with multiple drawers,",432, it,student,2,358, I,29.875,0.07584934681653976,0.18146869540214539,-2.5790061950683594
37,36,reasoning 正文,"<reasoning>
I need to put a soapbottle on the toilet. First, I should locate the soapbottle. Since I am in a room with multiple drawers,",432, it,teacher,2,31532, counters,25.0,0.0035853832960128784,0.03174389898777008,-5.630889892578125
37,36,reasoning 正文,"<reasoning>
I need to put a soapbottle on the toilet. First, I should locate the soapbottle. Since I am in a room with multiple drawers,",432, it,student,3,279, the,25.875,9.65286890277639e-05,0.003323714714497328,-9.245670318603516
37,36,reasoning 正文,"<reasoning>
I need to put a soapbottle on the toilet. First, I should locate the soapbottle. Since I am in a room with multiple drawers,",432, it,teacher,3,279, the,24.25,0.0010272294748574495,0.014994757249951363,-6.880889892578125
37,36,reasoning 正文,"<reasoning>
I need to put a soapbottle on the toilet. First, I should locate the soapbottle. Since I am in a room with multiple drawers,",432, it,student,4,31532, counters,24.75,1.4803153135289904e-05,0.0010790522210299969,-11.120670318603516
37,36,reasoning 正文,"<reasoning>
I need to put a soapbottle on the toilet. First, I should locate the soapbottle. Since I am in a room with multiple drawers,",432, it,teacher,4,84213, countertops,24.0,0.0006771931075491011,0.011677929200232029,-7.297554016113281
37,36,reasoning 正文,"<reasoning>
I need to put a soapbottle on the toilet. First, I should locate the soapbottle. Since I am in a room with multiple drawers,",432, it,student,5,7196, maybe,23.875,3.443554987825337e-06,0.00044981588143855333,-12.57900619506836
37,36,reasoning 正文,"<reasoning>
I need to put a soapbottle on the toilet. First, I should locate the soapbottle. Since I am in a room with multiple drawers,",432, it,teacher,5,432, it,23.875,0.0005498363170772791,0.0103057362139225,-7.505889892578125
37,36,reasoning 正文,"<reasoning>
I need to put a soapbottle on the toilet. First, I should locate the soapbottle. Since I am in a room with multiple drawers,",432, it,student,6,8365, perhaps,23.375,1.4965646641940111e-06,0.0002728272520471364,-13.412338256835938
37,36,reasoning 正文,"<reasoning>
I need to put a soapbottle on the toilet. First, I should locate the soapbottle. Since I am in a room with multiple drawers,",432, it,teacher,6,26431, surfaces,21.875,1.961488123924937e-05,0.0013947298284620047,-10.839221954345703
37,36,reasoning 正文,"<reasoning>
I need to put a soapbottle on the toilet. First, I should locate the soapbottle. Since I am in a room with multiple drawers,",432, it,student,7,84213, countertops,22.125,1.8634419518548384e-07,7.816631841706112e-05,-15.495670318603516
37,36,reasoning 正文,"<reasoning>
I need to put a soapbottle on the toilet. First, I should locate the soapbottle. Since I am in a room with multiple drawers,",432, it,teacher,7,56952, sinks,21.25,6.921417934790952e-06,0.0007465450325980783,-11.880889892578125
37,36,reasoning 正文,"<reasoning>
I need to put a soapbottle on the toilet. First, I should locate the soapbottle. Since I am in a room with multiple drawers,",432, it,student,8,25009, counting,20.125,6.647625117039979e-09,1.0578660294413567e-05,-18.82900619506836
37,36,reasoning 正文,"<reasoning>
I need to put a soapbottle on the toilet. First, I should locate the soapbottle. Since I am in a room with multiple drawers,",432, it,teacher,8,1760, count,20.625,2.4423400191153632e-06,0.00039959672722034156,-12.922554016113281
37,36,reasoning 正文,"<reasoning>
I need to put a soapbottle on the toilet. First, I should locate the soapbottle. Since I am in a room with multiple drawers,",432, it,student,9,1760, count,20.0,5.397455371536353e-09,9.33563569560647e-06,-19.037338256835938
37,36,reasoning 正文,"<reasoning>
I need to put a soapbottle on the toilet. First, I should locate the soapbottle. Since I am in a room with multiple drawers,",432, it,teacher,9,60110, countert,20.625,2.4423400191153632e-06,0.00039959672722034156,-12.922554016113281
37,36,reasoning 正文,"<reasoning>
I need to put a soapbottle on the toilet. First, I should locate the soapbottle. Since I am in a room with multiple drawers,",432, it,student,10,60110, countert,20.0,5.397455371536353e-09,9.33563569560647e-06,-19.037338256835938
37,36,reasoning 正文,"<reasoning>
I need to put a soapbottle on the toilet. First, I should locate the soapbottle. Since I am in a room with multiple drawers,",432, it,teacher,10,25009, counting,20.0,8.618177957941953e-07,0.00021388863387983292,-13.964221954345703
38,37,reasoning 正文,"<reasoning>
I need to put a soapbottle on the toilet. First, I should locate the soapbottle. Since I am in a room with multiple drawers, it",374, is,student,1,374, is,42.5,0.9999310970306396,0.9968169331550598,-6.890059739816934e-05
38,37,reasoning 正文,"<reasoning>
I need to put a soapbottle on the toilet. First, I should locate the soapbottle. Since I am in a room with multiple drawers, it",374, is,teacher,1,374, is,40.5,0.9999309778213501,0.9967291355133057,-6.90197994117625e-05
38,37,reasoning 正文,"<reasoning>
I need to put a soapbottle on the toilet. First, I should locate the soapbottle. Since I am in a room with multiple drawers, it",374, is,student,2,594,'s,36.75,6.886263145133853e-05,0.0031726500019431114,-9.583396911621094
38,37,reasoning 正文,"<reasoning>
I need to put a soapbottle on the toilet. First, I should locate the soapbottle. Since I am in a room with multiple drawers, it",374, is,teacher,2,594,'s,34.75,6.886210758239031e-05,0.003172369906678796,-9.583404541015625
38,37,reasoning 正文,"<reasoning>
I need to put a soapbottle on the toilet. First, I should locate the soapbottle. Since I am in a room with multiple drawers, it",374, is,student,3,2578, might,30.875,3.850491925305732e-09,8.911320037441328e-06,-19.375064849853516
38,37,reasoning 正文,"<reasoning>
I need to put a soapbottle on the toilet. First, I should locate the soapbottle. Since I am in a room with multiple drawers, it",374, is,teacher,3,2578, might,31.25,2.0164912939435453e-07,9.57973170443438e-05,-15.416736602783203
38,37,reasoning 正文,"<reasoning>
I need to put a soapbottle on the toilet. First, I should locate the soapbottle. Since I am in a room with multiple drawers, it",374, is,student,4,748,’s,29.125,2.083643813044489e-10,1.548555360386672e-06,-22.291732788085938
38,37,reasoning 正文,"<reasoning>
I need to put a soapbottle on the toilet. First, I should locate the soapbottle. Since I am in a room with multiple drawers, it",374, is,teacher,4,3643, makes,26.875,1.3736155268784245e-10,1.20591028007766e-06,-22.708404541015625
38,37,reasoning 正文,"<reasoning>
I need to put a soapbottle on the toilet. First, I should locate the soapbottle. Since I am in a room with multiple drawers, it",374, is,student,5,1231, may,24.0,4.0665475815274826e-14,9.20803699955286e-09,-30.833396911621094
38,37,reasoning 正文,"<reasoning>
I need to put a soapbottle on the toilet. First, I should locate the soapbottle. Since I am in a room with multiple drawers, it",374, is,teacher,5,748,’s,26.875,1.3736155268784245e-10,1.20591028007766e-06,-22.708404541015625
38,37,reasoning 正文,"<reasoning>
I need to put a soapbottle on the toilet. First, I should locate the soapbottle. Since I am in a room with multiple drawers, it",374, is,student,6,39829,`s,19.5,2.2491441210733298e-17,1.0229205676948183e-10,-38.333396911621094
38,37,reasoning 正文,"<reasoning>
I need to put a soapbottle on the toilet. First, I should locate the soapbottle. Since I am in a room with multiple drawers, it",374, is,teacher,6,1035, would,24.75,3.978689339795283e-12,1.4402544934455364e-07,-26.25006866455078
38,37,reasoning 正文,"<reasoning>
I need to put a soapbottle on the toilet. First, I should locate the soapbottle. Since I am in a room with multiple drawers, it",374, is,student,7,4977, seems,19.5,2.2491441210733298e-17,1.0229205676948183e-10,-38.333396911621094
38,37,reasoning 正文,"<reasoning>
I need to put a soapbottle on the toilet. First, I should locate the soapbottle. Since I am in a room with multiple drawers, it",374, is,teacher,7,1231, may,24.75,3.978689339795283e-12,1.4402544934455364e-07,-26.25006866455078
38,37,reasoning 正文,"<reasoning>
I need to put a soapbottle on the toilet. First, I should locate the soapbottle. Since I am in a room with multiple drawers, it",374, is,student,8,1035, would,19.375,1.8261570430382136e-17,9.027242842130079e-11,-38.54173278808594
38,37,reasoning 正文,"<reasoning>
I need to put a soapbottle on the toilet. First, I should locate the soapbottle. Since I am in a room with multiple drawers, it",374, is,teacher,8,4977, seems,22.875,1.7481141859586324e-13,2.208699534378411e-08,-29.37506866455078
38,37,reasoning 正文,"<reasoning>
I need to put a soapbottle on the toilet. First, I should locate the soapbottle. Since I am in a room with multiple drawers, it",374, is,student,9,10169,\',19.375,1.8261570430382136e-17,9.027242842130079e-11,-38.54173278808594
38,37,reasoning 正文,"<reasoning>
I need to put a soapbottle on the toilet. First, I should locate the soapbottle. Since I am in a room with multiple drawers, it",374, is,teacher,9,45149,&apos,20.875,6.236205111743954e-15,2.9891500386014513e-09,-32.708404541015625
38,37,reasoning 正文,"<reasoning>
I need to put a soapbottle on the toilet. First, I should locate the soapbottle. Since I am in a room with multiple drawers, it",374, is,student,10,45149,&apos,19.125,1.2038799869986566e-17,7.030423465614888e-11,-38.958396911621094
38,37,reasoning 正文,"<reasoning>
I need to put a soapbottle on the toilet. First, I should locate the soapbottle. Since I am in a room with multiple drawers, it",374, is,teacher,10,10169,\',20.625,4.11117054773826e-15,2.327952275393841e-09,-33.12506866455078
39,38,reasoning 正文,"<reasoning>
I need to put a soapbottle on the toilet. First, I should locate the soapbottle. Since I am in a room with multiple drawers, it is",4363, likely,student,1,4363, likely,39.5,0.9655546545982361,0.8807619214057922,-0.03505263105034828
39,38,reasoning 正文,"<reasoning>
I need to put a soapbottle on the toilet. First, I should locate the soapbottle. Since I am in a room with multiple drawers, it is",4363, likely,teacher,1,4363, likely,36.75,0.9924120903015137,0.9368463158607483,-0.007616882212460041
39,38,reasoning 正文,"<reasoning>
I need to put a soapbottle on the toilet. First, I should locate the soapbottle. Since I am in a room with multiple drawers, it is",4363, likely,student,2,3204, possible,37.5,0.03444536775350571,0.11919816583395004,-3.3683807849884033
39,38,reasoning 正文,"<reasoning>
I need to put a soapbottle on the toilet. First, I should locate the soapbottle. Since I am in a room with multiple drawers, it is",4363, likely,teacher,2,3204, possible,33.75,0.006686818785965443,0.04664282873272896,-5.007616996765137
39,38,reasoning 正文,"<reasoning>
I need to put a soapbottle on the toilet. First, I should locate the soapbottle. Since I am in a room with multiple drawers, it is",4363, likely,student,3,49334, plausible,28.875,1.968554030895575e-08,2.1403237042250112e-05,-17.74338150024414
39,38,reasoning 正文,"<reasoning>
I need to put a soapbottle on the toilet. First, I should locate the soapbottle. Since I am in a room with multiple drawers, it is",4363, likely,teacher,3,19819, logical,32.5,0.0008326036622747779,0.01336339395493269,-7.0909528732299805
39,38,reasoning 正文,"<reasoning>
I need to put a soapbottle on the toilet. First, I should locate the soapbottle. Since I am in a room with multiple drawers, it is",4363, likely,student,4,34877, probable,28.375,8.55527915177845e-09,1.2981719009985682e-05,-18.576717376708984
39,38,reasoning 正文,"<reasoning>
I need to put a soapbottle on the toilet. First, I should locate the soapbottle. Since I am in a room with multiple drawers, it is",4363, likely,teacher,4,13276, reasonable,31.0,6.834426312707365e-05,0.0029817761387676,-9.59095287322998
39,38,reasoning 正文,"<reasoning>
I need to put a soapbottle on the toilet. First, I should locate the soapbottle. Since I am in a room with multiple drawers, it is",4363, likely,student,5,13276, reasonable,26.75,5.701911720557007e-10,2.5562521841493435e-06,-21.285049438476562
39,38,reasoning 正文,"<reasoning>
I need to put a soapbottle on the toilet. First, I should locate the soapbottle. Since I am in a room with multiple drawers, it is",4363, likely,teacher,5,49334, plausible,27.375,1.6249526879619225e-07,7.946164987515658e-05,-15.632616996765137
39,38,reasoning 正文,"<reasoning>
I need to put a soapbottle on the toilet. First, I should locate the soapbottle. Since I am in a room with multiple drawers, it is",4363, likely,student,6,14282,likely,25.875,1.3264012110880685e-10,1.065604351424554e-06,-22.74338150024414
39,38,reasoning 正文,"<reasoning>
I need to put a soapbottle on the toilet. First, I should locate the soapbottle. Since I am in a room with multiple drawers, it is",4363, likely,teacher,6,11050, efficient,26.625,4.655571572698136e-08,3.7535024603130296e-05,-16.88261604309082
39,38,reasoning 正文,"<reasoning>
I need to put a soapbottle on the toilet. First, I should locate the soapbottle. Since I am in a room with multiple drawers, it is",4363, likely,student,7,19819, logical,25.5,7.099713872360525e-11,7.323785098378721e-07,-23.36838150024414
39,38,reasoning 正文,"<reasoning>
I need to put a soapbottle on the toilet. First, I should locate the soapbottle. Since I am in a room with multiple drawers, it is",4363, likely,teacher,7,34877, probable,26.0,1.642791147560274e-08,2.0091050828341395e-05,-17.924283981323242
39,38,reasoning 正文,"<reasoning>
I need to put a soapbottle on the toilet. First, I should locate the soapbottle. Since I am in a room with multiple drawers, it is",4363, likely,student,8,111655,很有可能,24.125,7.177647365352868e-12,1.8517428657105484e-07,-25.660049438476562
39,38,reasoning 正文,"<reasoning>
I need to put a soapbottle on the toilet. First, I should locate the soapbottle. Since I am in a room with multiple drawers, it is",4363, likely,teacher,8,68819, advisable,25.625,8.793227479486632e-09,1.3808363291900605e-05,-18.549283981323242
39,38,reasoning 正文,"<reasoning>
I need to put a soapbottle on the toilet. First, I should locate the soapbottle. Since I am in a room with multiple drawers, it is",4363, likely,student,9,93637, Likely,24.125,7.177647365352868e-12,1.8517428657105484e-07,-25.660049438476562
39,38,reasoning 正文,"<reasoning>
I need to put a soapbottle on the toilet. First, I should locate the soapbottle. Since I am in a room with multiple drawers, it is",4363, likely,teacher,9,264, a,24.125,7.217921260682658e-10,3.0810622320132097e-06,-21.049283981323242
39,38,reasoning 正文,"<reasoning>
I need to put a soapbottle on the toilet. First, I should locate the soapbottle. Since I am in a room with multiple drawers, it is",4363, likely,student,10,36107, Possible,24.125,7.177647365352868e-12,1.8517428657105484e-07,-25.660049438476562
39,38,reasoning 正文,"<reasoning>
I need to put a soapbottle on the toilet. First, I should locate the soapbottle. Since I am in a room with multiple drawers, it is",4363, likely,teacher,10,100745,合理,23.875,4.758340943489259e-10,2.399533968855394e-06,-21.465951919555664
40,39,reasoning 正文,"<reasoning>
I need to put a soapbottle on the toilet. First, I should locate the soapbottle. Since I am in a room with multiple drawers, it is likely",429, that,student,1,429, that,45.0,1.0,0.9999998807907104,0.0
40,39,reasoning 正文,"<reasoning>
I need to put a soapbottle on the toilet. First, I should locate the soapbottle. Since I am in a room with multiple drawers, it is likely",429, that,teacher,1,429, that,44.0,1.0,0.9999977350234985,0.0
40,39,reasoning 正文,"<reasoning>
I need to put a soapbottle on the toilet. First, I should locate the soapbottle. Since I am in a room with multiple drawers, it is likely",429, that,student,2,279, the,28.25,7.515280173349403e-13,5.315785500670245e-08,-27.916667938232422
40,39,reasoning 正文,"<reasoning>
I need to put a soapbottle on the toilet. First, I should locate the soapbottle. Since I am in a room with multiple drawers, it is likely",429, that,teacher,2,279, the,31.0,3.893026456758264e-10,2.2603251181863016e-06,-21.666664123535156
40,39,reasoning 正文,"<reasoning>
I need to put a soapbottle on the toilet. First, I should locate the soapbottle. Since I am in a room with multiple drawers, it is likely",429, that,student,3,9033,that,26.125,2.1767989496980673e-14,6.348800152267131e-09,-31.458335876464844
40,39,reasoning 正文,"<reasoning>
I need to put a soapbottle on the toilet. First, I should locate the soapbottle. Since I am in a room with multiple drawers, it is likely",429, that,teacher,3,9033,that,24.375,6.2366807207438375e-15,2.998955306310336e-09,-32.70832824707031
40,39,reasoning 正文,"<reasoning>
I need to put a soapbottle on the toilet. First, I should locate the soapbottle. Since I am in a room with multiple drawers, it is likely",429, that,student,4,2938, That,21.75,1.482821336855421e-17,7.99195987166712e-11,-38.75
40,39,reasoning 正文,"<reasoning>
I need to put a soapbottle on the toilet. First, I should locate the soapbottle. Since I am in a room with multiple drawers, it is likely",429, that,teacher,4,825, one,20.75,1.4828269616835864e-17,7.991944606100532e-11,-38.749996185302734
40,39,reasoning 正文,"<reasoning>
I need to put a soapbottle on the toilet. First, I should locate the soapbottle. Since I am in a room with multiple drawers, it is likely",429, that,student,5,63342,	that,21.625,1.2039535233551125e-17,7.052879807956103e-11,-38.958335876464844
40,39,reasoning 正文,"<reasoning>
I need to put a soapbottle on the toilet. First, I should locate the soapbottle. Since I am in a room with multiple drawers, it is likely",429, that,teacher,5,63342,	that,20.625,1.2039626223418506e-17,7.052866624057685e-11,-38.95832824707031
40,39,reasoning 正文,"<reasoning>
I need to put a soapbottle on the toilet. First, I should locate the soapbottle. Since I am in a room with multiple drawers, it is likely",429, that,student,6,47389, что,20.0,8.024095000379967e-19,1.3887944613766301e-11,-41.66666793823242
40,39,reasoning 正文,"<reasoning>
I need to put a soapbottle on the toilet. First, I should locate the soapbottle. Since I am in a room with multiple drawers, it is likely",429, that,teacher,6,2938, That,19.75,2.800694794556796e-18,2.940072144075323e-11,-40.416664123535156
40,39,reasoning 正文,"<reasoning>
I need to put a soapbottle on the toilet. First, I should locate the soapbottle. Since I am in a room with multiple drawers, it is likely",429, that,student,7,128640, rằng,19.0,1.515553726724151e-19,5.1090889331695255e-12,-43.333335876464844
40,39,reasoning 正文,"<reasoning>
I need to put a soapbottle on the toilet. First, I should locate the soapbottle. Since I am in a room with multiple drawers, it is likely",429, that,teacher,7,311, to,19.0,8.024125502665055e-19,1.3887917725552423e-11,-41.666664123535156
40,39,reasoning 正文,"<reasoning>
I need to put a soapbottle on the toilet. First, I should locate the soapbottle. Since I am in a room with multiple drawers, it is likely",429, that,student,8,7407, located,18.125,3.525541029046464e-20,2.1297852804275097e-12,-44.79166793823242
40,39,reasoning 正文,"<reasoning>
I need to put a soapbottle on the toilet. First, I should locate the soapbottle. Since I am in a room with multiple drawers, it is likely",429, that,teacher,8,47389, что,18.75,5.289842764743457e-19,1.0815921075435497e-11,-42.08332824707031
40,39,reasoning 正文,"<reasoning>
I need to put a soapbottle on the toilet. First, I should locate the soapbottle. Since I am in a room with multiple drawers, it is likely",429, that,student,9,4792,That,17.625,1.532195695919923e-20,1.29177994256241e-12,-45.625
40,39,reasoning 正文,"<reasoning>
I need to put a soapbottle on the toilet. First, I should locate the soapbottle. Since I am in a room with multiple drawers, it is likely",429, that,teacher,9,358, I,18.375,2.8314488010448464e-19,7.433666529554905e-12,-42.70832824707031
40,39,reasoning 正文,"<reasoning>
I need to put a soapbottle on the toilet. First, I should locate the soapbottle. Since I am in a room with multiple drawers, it is likely",429, that,student,10,77336, bahwa,17.625,1.532195695919923e-20,1.29177994256241e-12,-45.625
40,39,reasoning 正文,"<reasoning>
I need to put a soapbottle on the toilet. First, I should locate the soapbottle. Since I am in a room with multiple drawers, it is likely",429, that,teacher,10,264, a,17.625,8.112236523020262e-20,3.5114153338483556e-12,-43.95832824707031
41,40,reasoning 正文,"<reasoning>
I need to put a soapbottle on the toilet. First, I should locate the soapbottle. Since I am in a room with multiple drawers, it is likely that",279, the,student,1,279, the,55.25,1.0,1.0,0.0
41,40,reasoning 正文,"<reasoning>
I need to put a soapbottle on the toilet. First, I should locate the soapbottle. Since I am in a room with multiple drawers, it is likely that",279, the,teacher,1,279, the,52.75,1.0,0.9999998807907104,0.0
41,40,reasoning 正文,"<reasoning>
I need to put a soapbottle on the toilet. First, I should locate the soapbottle. Since I am in a room with multiple drawers, it is likely that",279, the,student,2,264, a,28.625,5.347909422028002e-20,2.734698101650168e-12,-44.374996185302734
41,40,reasoning 正文,"<reasoning>
I need to put a soapbottle on the toilet. First, I should locate the soapbottle. Since I am in a room with multiple drawers, it is likely that",279, the,teacher,2,264, a,36.25,1.1399918552548738e-12,6.825603549032166e-08,-27.5
41,40,reasoning 正文,"<reasoning>
I need to put a soapbottle on the toilet. First, I should locate the soapbottle. Since I am in a room with multiple drawers, it is likely that",279, the,student,3,1782,the,27.25,5.406613234566411e-21,6.914400150527522e-13,-46.666664123535156
41,40,reasoning 正文,"<reasoning>
I need to put a soapbottle on the toilet. First, I should locate the soapbottle. Since I am in a room with multiple drawers, it is likely that",279, the,teacher,3,825, one,28.875,5.232386799395524e-18,4.2777878461741636e-11,-39.791664123535156
41,40,reasoning 正文,"<reasoning>
I need to put a soapbottle on the toilet. First, I should locate the soapbottle. Since I am in a room with multiple drawers, it is likely that",279, the,student,4,825, one,22.25,1.2995864157705571e-24,4.658885768355414e-15,-54.999996185302734
41,40,reasoning 正文,"<reasoning>
I need to put a soapbottle on the toilet. First, I should locate the soapbottle. Since I am in a room with multiple drawers, it is likely that",279, the,teacher,4,1782,the,25.5,1.8870933372092514e-20,1.4637784257268138e-12,-45.416664123535156
41,40,reasoning 正文,"<reasoning>
I need to put a soapbottle on the toilet. First, I should locate the soapbottle. Since I am in a room with multiple drawers, it is likely that",279, the,student,5,26785, soap,20.625,8.661467790709205e-26,9.173890920400186e-16,-57.70832824707031
41,40,reasoning 正文,"<reasoning>
I need to put a soapbottle on the toilet. First, I should locate the soapbottle. Since I am in a room with multiple drawers, it is likely that",279, the,teacher,5,26785, soap,24.5,3.56425421262494e-21,5.384939998250016e-13,-47.08333206176758
41,40,reasoning 正文,"<reasoning>
I need to put a soapbottle on the toilet. First, I should locate the soapbottle. Since I am in a room with multiple drawers, it is likely that",279, the,student,6,358, I,20.125,3.7642485652323186e-26,5.564245721995e-16,-58.541664123535156
41,40,reasoning 正文,"<reasoning>
I need to put a soapbottle on the toilet. First, I should locate the soapbottle. Since I am in a room with multiple drawers, it is likely that",279, the,teacher,6,358, I,22.625,1.566024076068427e-22,8.258073180356443e-14,-50.20833206176758
41,40,reasoning 正文,"<reasoning>
I need to put a soapbottle on the toilet. First, I should locate the soapbottle. Since I am in a room with multiple drawers, it is likely that",279, the,student,7,576, The,19.75,2.01485721734179e-26,3.824246818943575e-16,-59.166664123535156
41,40,reasoning 正文,"<reasoning>
I need to put a soapbottle on the toilet. First, I should locate the soapbottle. Since I am in a room with multiple drawers, it is likely that",279, the,teacher,7,1052, there,20.375,3.68293558111316e-24,8.703945394560476e-15,-53.95833206176758
41,40,reasoning 正文,"<reasoning>
I need to put a soapbottle on the toilet. First, I should locate the soapbottle. Since I am in a room with multiple drawers, it is likely that",279, the,student,8,32088,	the,18.75,3.805583258884746e-27,1.406861771338595e-16,-60.83332824707031
41,40,reasoning 正文,"<reasoning>
I need to put a soapbottle on the toilet. First, I should locate the soapbottle. Since I am in a room with multiple drawers, it is likely that",279, the,teacher,8,4325, someone,20.125,2.4279377530731837e-24,6.7786390819349774e-15,-54.375
41,40,reasoning 正文,"<reasoning>
I need to put a soapbottle on the toilet. First, I should locate the soapbottle. Since I am in a room with multiple drawers, it is likely that",279, the,student,9,1052, there,18.625,3.0898834248331502e-27,1.2415511155833015e-16,-61.041664123535156
41,40,reasoning 正文,"<reasoning>
I need to put a soapbottle on the toilet. First, I should locate the soapbottle. Since I am in a room with multiple drawers, it is likely that",279, the,teacher,9,1045, some,19.5,8.567390334564327e-25,3.6283439801114165e-15,-55.416664123535156
41,40,reasoning 正文,"<reasoning>
I need to put a soapbottle on the toilet. First, I should locate the soapbottle. Since I am in a room with multiple drawers, it is likely that",279, the,student,10,847, my,17.625,5.836051139909366e-28,4.567411424598531e-17,-62.70832824707031
41,40,reasoning 正文,"<reasoning>
I need to put a soapbottle on the toilet. First, I should locate the soapbottle. Since I am in a room with multiple drawers, it is likely that",279, the,teacher,10,95531,Soap,18.625,1.9929727675316408e-25,1.5125188877038631e-15,-56.875
42,41,reasoning 正文,"<reasoning>
I need to put a soapbottle on the toilet. First, I should locate the soapbottle. Since I am in a room with multiple drawers, it is likely that the",26785, soap,student,1,26785, soap,48.25,1.0,0.9999995231628418,0.0
42,41,reasoning 正文,"<reasoning>
I need to put a soapbottle on the toilet. First, I should locate the soapbottle. Since I am in a room with multiple drawers, it is likely that the",26785, soap,teacher,1,26785, soap,48.75,1.0,0.9999996423721313,0.0
42,41,reasoning 正文,"<reasoning>
I need to put a soapbottle on the toilet. First, I should locate the soapbottle. Since I am in a room with multiple drawers, it is likely that the",26785, soap,student,2,35012,soap,33.75,3.195590667082193e-11,5.043476676291903e-07,-24.166664123535156
42,41,reasoning 正文,"<reasoning>
I need to put a soapbottle on the toilet. First, I should locate the soapbottle. Since I am in a room with multiple drawers, it is likely that the",26785, soap,teacher,2,35012,soap,34.0,2.1066525260349245e-11,3.92786347447327e-07,-24.583335876464844
42,41,reasoning 正文,"<reasoning>
I need to put a soapbottle on the toilet. First, I should locate the soapbottle. Since I am in a room with multiple drawers, it is likely that the",26785, soap,student,3,114765,皂,27.375,7.765550944219734e-16,8.592166977905435e-10,-34.791664123535156
42,41,reasoning 正文,"<reasoning>
I need to put a soapbottle on the toilet. First, I should locate the soapbottle. Since I am in a room with multiple drawers, it is likely that the",26785, soap,teacher,3,60631, Soap,27.0,1.806446255483361e-16,3.581747953784742e-10,-36.25
42,41,reasoning 正文,"<reasoning>
I need to put a soapbottle on the toilet. First, I should locate the soapbottle. Since I am in a room with multiple drawers, it is likely that the",26785, soap,student,4,60631, Soap,26.125,9.66920997991939e-17,2.4616969573898473e-10,-36.875
42,41,reasoning 正文,"<reasoning>
I need to put a soapbottle on the toilet. First, I should locate the soapbottle. Since I am in a room with multiple drawers, it is likely that the",26785, soap,teacher,4,114765,皂,26.875,1.466715634020646e-16,3.16088155649652e-10,-36.458335876464844
42,41,reasoning 正文,"<reasoning>
I need to put a soapbottle on the toilet. First, I should locate the soapbottle. Since I am in a room with multiple drawers, it is likely that the",26785, soap,student,5,63232, SOAP,24.875,1.2039580728484816e-17,7.052879807956103e-11,-38.95833206176758
42,41,reasoning 正文,"<reasoning>
I need to put a soapbottle on the toilet. First, I should locate the soapbottle. Since I am in a room with multiple drawers, it is likely that the",26785, soap,teacher,5,95531,Soap,26.0,3.411931760473822e-17,1.3176514046531196e-10,-37.91666793823242
42,41,reasoning 正文,"<reasoning>
I need to put a soapbottle on the toilet. First, I should locate the soapbottle. Since I am in a room with multiple drawers, it is likely that the",26785, soap,student,6,95531,Soap,24.625,7.936970858194324e-18,5.4927885156930145e-11,-39.375
42,41,reasoning 正文,"<reasoning>
I need to put a soapbottle on the toilet. First, I should locate the soapbottle. Since I am in a room with multiple drawers, it is likely that the",26785, soap,teacher,6,63232, SOAP,24.875,5.2323669470608226e-18,4.2777878461741636e-11,-39.79166793823242
42,41,reasoning 正文,"<reasoning>
I need to put a soapbottle on the toilet. First, I should locate the soapbottle. Since I am in a room with multiple drawers, it is likely that the",26785, soap,student,7,19174, soup,22.75,3.4872613721194976e-19,8.423464183116014e-12,-42.5
42,41,reasoning 正文,"<reasoning>
I need to put a soapbottle on the toilet. First, I should locate the soapbottle. Since I am in a room with multiple drawers, it is likely that the",26785, soap,teacher,7,19174, soup,24.25,1.846322548319399e-18,2.2897348947448215e-11,-40.833335876464844
42,41,reasoning 正文,"<reasoning>
I need to put a soapbottle on the toilet. First, I should locate the soapbottle. Since I am in a room with multiple drawers, it is likely that the",26785, soap,student,8,28739, soy,22.5,2.298950247738069e-19,6.5602007333354084e-12,-42.916664123535156
42,41,reasoning 正文,"<reasoning>
I need to put a soapbottle on the toilet. First, I should locate the soapbottle. Since I am in a room with multiple drawers, it is likely that the",26785, soap,teacher,8,28739, soy,22.125,5.347889065630115e-20,2.734698101650168e-12,-44.375
42,41,reasoning 正文,"<reasoning>
I need to put a soapbottle on the toilet. First, I should locate the soapbottle. Since I am in a room with multiple drawers, it is likely that the",26785, soap,student,9,68348, sponge,20.375,6.658904097454174e-21,7.835042293777295e-13,-46.45833206176758
42,41,reasoning 正文,"<reasoning>
I need to put a soapbottle on the toilet. First, I should locate the soapbottle. Since I am in a room with multiple drawers, it is likely that the",26785, soap,teacher,9,11087, sock,20.875,6.658878248060032e-21,7.835042293777295e-13,-46.458335876464844
42,41,reasoning 正文,"<reasoning>
I need to put a soapbottle on the toilet. First, I should locate the soapbottle. Since I am in a room with multiple drawers, it is likely that the",26785, soap,student,10,31083, foam,20.25,5.406613234566411e-21,6.914400150527522e-13,-46.666664123535156
42,41,reasoning 正文,"<reasoning>
I need to put a soapbottle on the toilet. First, I should locate the soapbottle. Since I am in a room with multiple drawers, it is likely that the",26785, soap,teacher,10,68348, sponge,20.875,6.658878248060032e-21,7.835042293777295e-13,-46.458335876464844
43,42,reasoning 正文,"<reasoning>
I need to put a soapbottle on the toilet. First, I should locate the soapbottle. Since I am in a room with multiple drawers, it is likely that the soap",65,b,student,1,65,b,55.25,1.0,1.0,0.0
43,42,reasoning 正文,"<reasoning>
I need to put a soapbottle on the toilet. First, I should locate the soapbottle. Since I am in a room with multiple drawers, it is likely that the soap",65,b,teacher,1,65,b,54.5,1.0,0.9999998807907104,0.0
43,42,reasoning 正文,"<reasoning>
I need to put a soapbottle on the toilet. First, I should locate the soapbottle. Since I am in a room with multiple drawers, it is likely that the soap",65,b,student,2,16486, bottle,34.0,4.156599518737909e-16,5.905304023556823e-10,-35.416664123535156
43,42,reasoning 正文,"<reasoning>
I need to put a soapbottle on the toilet. First, I should locate the soapbottle. Since I am in a room with multiple drawers, it is likely that the soap",65,b,teacher,2,16486, bottle,38.25,1.7292587717668284e-12,8.764248349280024e-08,-27.083328247070312
43,42,reasoning 正文,"<reasoning>
I need to put a soapbottle on the toilet. First, I should locate the soapbottle. Since I am in a room with multiple drawers, it is likely that the soap",65,b,student,3,100822,瓶,29.5,2.298950247738069e-19,6.5602007333354084e-12,-42.916664123535156
43,42,reasoning 正文,"<reasoning>
I need to put a soapbottle on the toilet. First, I should locate the soapbottle. Since I am in a room with multiple drawers, it is likely that the soap",65,b,teacher,3,100822,瓶,32.5,1.1908857074943875e-16,2.789468100949932e-10,-36.666664123535156
43,42,reasoning 正文,"<reasoning>
I need to put a soapbottle on the toilet. First, I should locate the soapbottle. Since I am in a room with multiple drawers, it is likely that the soap",65,b,student,4,53985, Bottle,25.5,2.925729344767606e-22,1.2015425275829078e-13,-49.58332824707031
43,42,reasoning 正文,"<reasoning>
I need to put a soapbottle on the toilet. First, I should locate the soapbottle. Since I am in a room with multiple drawers, it is likely that the soap",65,b,teacher,4,53985, Bottle,27.375,2.3241947983691645e-20,1.6586784029604118e-12,-45.20832824707031
43,42,reasoning 正文,"<reasoning>
I need to put a soapbottle on the toilet. First, I should locate the soapbottle. Since I am in a room with multiple drawers, it is likely that the soap",65,b,student,5,77489,bubble,23.625,1.2854757452145068e-23,1.842625309061638e-14,-52.70832824707031
43,42,reasoning 正文,"<reasoning>
I need to put a soapbottle on the toilet. First, I should locate the soapbottle. Since I am in a room with multiple drawers, it is likely that the soap",65,b,teacher,5,2011,box,24.0,8.382355199521777e-23,5.6756852093598625e-14,-50.83332824707031
43,42,reasoning 正文,"<reasoning>
I need to put a soapbottle on the toilet. First, I should locate the soapbottle. Since I am in a room with multiple drawers, it is likely that the soap",65,b,student,6,2011,box,23.625,1.2854757452145068e-23,1.842625309061638e-14,-52.70832824707031
43,42,reasoning 正文,"<reasoning>
I need to put a soapbottle on the toilet. First, I should locate the soapbottle. Since I am in a room with multiple drawers, it is likely that the soap",65,b,teacher,6,92918,bote,24.0,8.382355199521777e-23,5.6756852093598625e-14,-50.83332824707031
43,42,reasoning 正文,"<reasoning>
I need to put a soapbottle on the toilet. First, I should locate the soapbottle. Since I am in a room with multiple drawers, it is likely that the soap",65,b,student,7,92918,bote,22.875,3.682949780609454e-24,8.703945394560476e-15,-53.95832824707031
43,42,reasoning 正文,"<reasoning>
I need to put a soapbottle on the toilet. First, I should locate the soapbottle. Since I am in a room with multiple drawers, it is likely that the soap",65,b,teacher,7,77489,bubble,23.5,3.642947354080511e-23,3.4424770840998584e-14,-51.666664123535156
43,42,reasoning 正文,"<reasoning>
I need to put a soapbottle on the toilet. First, I should locate the soapbottle. Since I am in a room with multiple drawers, it is likely that the soap",65,b,student,8,9923,б,22.25,1.2995864157705571e-24,4.658885768355414e-15,-54.999996185302734
43,42,reasoning 正文,"<reasoning>
I need to put a soapbottle on the toilet. First, I should locate the soapbottle. Since I am in a room with multiple drawers, it is likely that the soap",65,b,teacher,8,6331,bot,23.375,2.957845008178857e-23,3.0379751448858516e-14,-51.874996185302734
43,42,reasoning 正文,"<reasoning>
I need to put a soapbottle on the toilet. First, I should locate the soapbottle. Since I am in a room with multiple drawers, it is likely that the soap",65,b,student,9,33,B,22.125,1.0551828120139542e-24,4.111452609709696e-15,-55.20832824707031
43,42,reasoning 正文,"<reasoning>
I need to put a soapbottle on the toilet. First, I should locate the soapbottle. Since I am in a room with multiple drawers, it is likely that the soap",65,b,teacher,9,10936, bott,22.5,6.880656230060264e-24,1.266416662428502e-14,-53.33332824707031
43,42,reasoning 正文,"<reasoning>
I need to put a soapbottle on the toilet. First, I should locate the soapbottle. Since I am in a room with multiple drawers, it is likely that the soap",65,b,student,10,6331,bot,22.125,1.0551828120139542e-24,4.111452609709696e-15,-55.20832824707031
43,42,reasoning 正文,"<reasoning>
I need to put a soapbottle on the toilet. First, I should locate the soapbottle. Since I am in a room with multiple drawers, it is likely that the soap",65,b,teacher,10,87838, bottleneck,22.25,4.5360022698405625e-24,9.86286180222444e-15,-53.749996185302734
44,43,reasoning 正文,"<reasoning>
I need to put a soapbottle on the toilet. First, I should locate the soapbottle. Since I am in a room with multiple drawers, it is likely that the soapb",62118,ottle,student,1,62118,ottle,40.25,1.0,0.9999990463256836,0.0
44,43,reasoning 正文,"<reasoning>
I need to put a soapbottle on the toilet. First, I should locate the soapbottle. Since I am in a room with multiple drawers, it is likely that the soapb",62118,ottle,teacher,1,62118,ottle,42.0,1.0,0.9999995231628418,0.0
44,43,reasoning 正文,"<reasoning>
I need to put a soapbottle on the toilet. First, I should locate the soapbottle. Since I am in a room with multiple drawers, it is likely that the soapb",62118,ottle,student,2,1716,ott,26.375,9.056112110217285e-11,9.422446396456508e-07,-23.124996185302734
44,43,reasoning 正文,"<reasoning>
I need to put a soapbottle on the toilet. First, I should locate the soapbottle. Since I am in a room with multiple drawers, it is likely that the soapb",62118,ottle,teacher,2,1716,ott,27.5,3.195578177073166e-11,5.043476676291903e-07,-24.166667938232422
44,43,reasoning 正文,"<reasoning>
I need to put a soapbottle on the toilet. First, I should locate the soapbottle. Since I am in a room with multiple drawers, it is likely that the soapb",62118,ottle,student,3,9605,owl,21.75,4.0668267635868977e-14,9.23744991609965e-09,-30.833328247070312
44,43,reasoning 正文,"<reasoning>
I need to put a soapbottle on the toilet. First, I should locate the soapbottle. Since I am in a room with multiple drawers, it is likely that the soapb",62118,ottle,teacher,3,9605,owl,23.125,2.1767989496980673e-14,6.348800152267131e-09,-31.458335876464844
44,43,reasoning 正文,"<reasoning>
I need to put a soapbottle on the toilet. First, I should locate the soapbottle. Since I am in a room with multiple drawers, it is likely that the soapb",62118,ottle,student,4,23798,OTT,17.625,4.202242617019646e-17,1.493094675675266e-10,-37.70832824707031
44,43,reasoning 正文,"<reasoning>
I need to put a soapbottle on the toilet. First, I should locate the soapbottle. Since I am in a room with multiple drawers, it is likely that the soapb",62118,ottle,teacher,4,23798,OTT,18.125,5.2323669470608226e-18,4.2777878461741636e-11,-39.79166793823242
44,43,reasoning 正文,"<reasoning>
I need to put a soapbottle on the toilet. First, I should locate the soapbottle. Since I am in a room with multiple drawers, it is likely that the soapb",62118,ottle,student,5,100822,瓶,17.5,3.411944664491378e-17,1.3176514046531196e-10,-37.916664123535156
44,43,reasoning 正文,"<reasoning>
I need to put a soapbottle on the toilet. First, I should locate the soapbottle. Since I am in a room with multiple drawers, it is likely that the soapb",62118,ottle,teacher,5,2133,oute,18.125,5.2323669470608226e-18,4.2777878461741636e-11,-39.79166793823242
44,43,reasoning 正文,"<reasoning>
I need to put a soapbottle on the toilet. First, I should locate the soapbottle. Since I am in a room with multiple drawers, it is likely that the soapb",62118,ottle,student,6,2133,oute,17.25,2.2492984729756322e-17,1.0261879540562902e-10,-38.33332824707031
44,43,reasoning 正文,"<reasoning>
I need to put a soapbottle on the toilet. First, I should locate the soapbottle. Since I am in a room with multiple drawers, it is likely that the soapb",62118,ottle,teacher,6,100822,瓶,17.875,3.4493843065816e-18,3.3315444153414475e-11,-40.208335876464844
44,43,reasoning 正文,"<reasoning>
I need to put a soapbottle on the toilet. First, I should locate the soapbottle. Since I am in a room with multiple drawers, it is likely that the soapb",62118,ottle,student,7,55975,uckle,16.875,1.2039626223418506e-17,7.052879807956103e-11,-38.95832824707031
44,43,reasoning 正文,"<reasoning>
I need to put a soapbottle on the toilet. First, I should locate the soapbottle. Since I am in a room with multiple drawers, it is likely that the soapb",62118,ottle,teacher,7,1272,ote,17.875,3.4493843065816e-18,3.3315444153414475e-11,-40.208335876464844
44,43,reasoning 正文,"<reasoning>
I need to put a soapbottle on the toilet. First, I should locate the soapbottle. Since I am in a room with multiple drawers, it is likely that the soapb",62118,ottle,student,8,460,ore,16.875,1.2039626223418506e-17,7.052879807956103e-11,-38.95832824707031
44,43,reasoning 正文,"<reasoning>
I need to put a soapbottle on the toilet. First, I should locate the soapbottle. Since I am in a room with multiple drawers, it is likely that the soapb",62118,ottle,teacher,8,55975,uckle,17.75,2.8006840412088327e-18,2.940077695190446e-11,-40.41666793823242
44,43,reasoning 正文,"<reasoning>
I need to put a soapbottle on the toilet. First, I should locate the soapbottle. Since I am in a room with multiple drawers, it is likely that the soapb",62118,ottle,student,9,52922, ott,16.5,6.44434743108015e-18,4.8473686869998645e-11,-39.58332824707031
44,43,reasoning 正文,"<reasoning>
I need to put a soapbottle on the toilet. First, I should locate the soapbottle. Since I am in a room with multiple drawers, it is likely that the soapb",62118,ottle,teacher,9,57639,otty,17.625,2.2739800948881426e-18,2.5946095966178362e-11,-40.625
44,43,reasoning 正文,"<reasoning>
I need to put a soapbottle on the toilet. First, I should locate the soapbottle. Since I am in a room with multiple drawers, it is likely that the soapb",62118,ottle,student,10,1238,ible,16.0,2.800694794556796e-18,2.940077695190446e-11,-40.416664123535156
44,43,reasoning 正文,"<reasoning>
I need to put a soapbottle on the toilet. First, I should locate the soapbottle. Since I am in a room with multiple drawers, it is likely that the soapb",62118,ottle,teacher,10,460,ore,17.25,1.2171738340976647e-18,1.783247334519178e-11,-41.25
45,44,reasoning 正文,"<reasoning>
I need to put a soapbottle on the toilet. First, I should locate the soapbottle. Since I am in a room with multiple drawers, it is likely that the soapbottle",374, is,student,1,374, is,47.0,1.0,0.9999991059303284,0.0
45,44,reasoning 正文,"<reasoning>
I need to put a soapbottle on the toilet. First, I should locate the soapbottle. Since I am in a room with multiple drawers, it is likely that the soapbottle",374, is,teacher,1,374, is,45.0,0.9999995231628418,0.9997957348823547,-4.768370445162873e-07
45,44,reasoning 正文,"<reasoning>
I need to put a soapbottle on the toilet. First, I should locate the soapbottle. Since I am in a room with multiple drawers, it is likely that the soapbottle",374, is,student,2,2578, might,32.5,3.195590667082193e-11,5.043471560384205e-07,-24.166664123535156
45,44,reasoning 正文,"<reasoning>
I need to put a soapbottle on the toilet. First, I should locate the soapbottle. Since I am in a room with multiple drawers, it is likely that the soapbottle",374, is,teacher,2,1231, may,36.25,4.6402107045651064e-07,0.00015842898574192077,-14.583335876464844
45,44,reasoning 正文,"<reasoning>
I need to put a soapbottle on the toilet. First, I should locate the soapbottle. Since I am in a room with multiple drawers, it is likely that the soapbottle",374, is,student,3,1231, may,32.0,1.3887997522832318e-11,3.0590203436986485e-07,-24.999996185302734
45,44,reasoning 正文,"<reasoning>
I need to put a soapbottle on the toilet. First, I should locate the soapbottle. Since I am in a room with multiple drawers, it is likely that the soapbottle",374, is,teacher,3,2578, might,35.0,5.777741662882363e-08,4.539066503639333e-05,-16.666667938232422
45,44,reasoning 正文,"<reasoning>
I need to put a soapbottle on the toilet. First, I should locate the soapbottle. Since I am in a room with multiple drawers, it is likely that the soapbottle",374, is,student,4,1410, could,26.25,9.564259818427723e-16,9.736200734522527e-10,-34.58332824707031
45,44,reasoning 正文,"<reasoning>
I need to put a soapbottle on the toilet. First, I should locate the soapbottle. Since I am in a room with multiple drawers, it is likely that the soapbottle",374, is,teacher,4,1410, could,30.375,2.5946095966178362e-11,4.4499441287371155e-07,-24.375
45,44,reasoning 正文,"<reasoning>
I need to put a soapbottle on the toilet. First, I should locate the soapbottle. Since I am in a room with multiple drawers, it is likely that the soapbottle",374, is,student,5,646, can,24.875,9.669246375866342e-17,2.4616969573898473e-10,-36.874996185302734
45,44,reasoning 正文,"<reasoning>
I need to put a soapbottle on the toilet. First, I should locate the soapbottle. Since I am in a room with multiple drawers, it is likely that the soapbottle",374, is,teacher,5,686, will,26.25,2.6810039512872516e-14,7.192665574251578e-09,-31.25
45,44,reasoning 正文,"<reasoning>
I need to put a soapbottle on the toilet. First, I should locate the soapbottle. Since I am in a room with multiple drawers, it is likely that the soapbottle",374, is,student,6,686, will,23.625,1.2039626223418506e-17,7.052879807956103e-11,-38.95832824707031
45,44,reasoning 正文,"<reasoning>
I need to put a soapbottle on the toilet. First, I should locate the soapbottle. Since I am in a room with multiple drawers, it is likely that the soapbottle",374, is,teacher,6,646, can,25.5,7.68120477976069e-15,3.3975744440084554e-09,-32.5
45,44,reasoning 正文,"<reasoning>
I need to put a soapbottle on the toilet. First, I should locate the soapbottle. Since I am in a room with multiple drawers, it is likely that the soapbottle",374, is,student,7,525, are,21.5,3.4872748138044516e-19,8.423464183116014e-12,-42.499996185302734
45,44,reasoning 正文,"<reasoning>
I need to put a soapbottle on the toilet. First, I should locate the soapbottle. Since I am in a room with multiple drawers, it is likely that the soapbottle",374, is,teacher,7,387, be,21.125,5.2323669470608226e-18,4.276914933321052e-11,-39.79166793823242
45,44,reasoning 正文,"<reasoning>
I need to put a soapbottle on the toilet. First, I should locate the soapbottle. Since I am in a room with multiple drawers, it is likely that the soapbottle",374, is,student,8,20412,是,20.75,9.991209596177142e-20,3.978962558742749e-12,-43.749996185302734
45,44,reasoning 正文,"<reasoning>
I need to put a soapbottle on the toilet. First, I should locate the soapbottle. Since I am in a room with multiple drawers, it is likely that the soapbottle",374, is,teacher,8,1035, would,20.75,2.8006840412088327e-18,2.9394778278124534e-11,-40.41666793823242
45,44,reasoning 正文,"<reasoning>
I need to put a soapbottle on the toilet. First, I should locate the soapbottle. Since I am in a room with multiple drawers, it is likely that the soapbottle",374, is,student,9,387, be,20.375,5.347909422028002e-20,2.734698101650168e-12,-44.374996185302734
45,44,reasoning 正文,"<reasoning>
I need to put a soapbottle on the toilet. First, I should locate the soapbottle. Since I am in a room with multiple drawers, it is likely that the soapbottle",374, is,teacher,9,525, are,20.625,2.2739800948881426e-18,2.594080159012968e-11,-40.625
45,44,reasoning 正文,"<reasoning>
I need to put a soapbottle on the toilet. First, I should locate the soapbottle. Since I am in a room with multiple drawers, it is likely that the soapbottle",374, is,student,10,1035, would,20.125,3.525554276860962e-20,2.1297852804275097e-12,-44.791664123535156
45,44,reasoning 正文,"<reasoning>
I need to put a soapbottle on the toilet. First, I should locate the soapbottle. Since I am in a room with multiple drawers, it is likely that the soapbottle",374, is,teacher,10,572, was,20.25,1.2171738340976647e-18,1.782883389533918e-11,-41.25
46,45,reasoning 正文,"<reasoning>
I need to put a soapbottle on the toilet. First, I should locate the soapbottle. Since I am in a room with multiple drawers, it is likely that the soapbottle is",4766, inside,student,1,9768, stored,33.0,0.6017705202102661,0.5514230728149414,-0.5078790783882141
46,45,reasoning 正文,"<reasoning>
I need to put a soapbottle on the toilet. First, I should locate the soapbottle. Since I am in a room with multiple drawers, it is likely that the soapbottle is",4766, inside,teacher,1,9768, stored,32.25,0.6877975463867188,0.5845962762832642,-0.3742607533931732
46,45,reasoning 正文,"<reasoning>
I need to put a soapbottle on the toilet. First, I should locate the soapbottle. Since I am in a room with multiple drawers, it is likely that the soapbottle is",4766, inside,student,2,4766, inside,32.75,0.3967110812664032,0.4294487535953522,-0.924547016620636
46,45,reasoning 正文,"<reasoning>
I need to put a soapbottle on the toilet. First, I should locate the soapbottle. Since I am in a room with multiple drawers, it is likely that the soapbottle is",4766, inside,teacher,2,304, in,31.75,0.2989147901535034,0.35457557439804077,-1.2075966596603394
46,45,reasoning 正文,"<reasoning>
I need to put a soapbottle on the toilet. First, I should locate the soapbottle. Since I am in a room with multiple drawers, it is likely that the soapbottle is",4766, inside,student,3,304, in,29.375,0.0014307632809504867,0.014694927260279655,-6.54954719543457
46,45,reasoning 正文,"<reasoning>
I need to put a soapbottle on the toilet. First, I should locate the soapbottle. Since I am in a room with multiple drawers, it is likely that the soapbottle is",4766, inside,teacher,3,4766, inside,29.875,0.013133399188518524,0.05437592789530754,-4.332596778869629
46,45,reasoning 正文,"<reasoning>
I need to put a soapbottle on the toilet. First, I should locate the soapbottle. Since I am in a room with multiple drawers, it is likely that the soapbottle is",4766, inside,student,4,7407, located,27.375,5.104110459797084e-05,0.001988742034882307,-9.882879257202148
46,45,reasoning 正文,"<reasoning>
I need to put a soapbottle on the toilet. First, I should locate the soapbottle. Since I am in a room with multiple drawers, it is likely that the soapbottle is",4766, inside,teacher,4,8604, kept,26.875,8.849214646033943e-05,0.0027072178199887276,-9.332596778869629
46,45,reasoning 正文,"<reasoning>
I need to put a soapbottle on the toilet. First, I should locate the soapbottle. Since I am in a room with multiple drawers, it is likely that the soapbottle is",4766, inside,student,5,12985, contained,27.0,2.7320334993419237e-05,0.0013668410247191787,-10.507879257202148
46,45,reasoning 正文,"<reasoning>
I need to put a soapbottle on the toilet. First, I should locate the soapbottle. Since I am in a room with multiple drawers, it is likely that the soapbottle is",4766, inside,teacher,5,4221, among,26.25,3.122595444438048e-05,0.0014490693574771285,-10.374260902404785
46,45,reasoning 正文,"<reasoning>
I need to put a soapbottle on the toilet. First, I should locate the soapbottle. Since I am in a room with multiple drawers, it is likely that the soapbottle is",4766, inside,student,6,14696, somewhere,26.125,6.355340246955166e-06,0.0005697841406799853,-11.966215133666992
46,45,reasoning 正文,"<reasoning>
I need to put a soapbottle on the toilet. First, I should locate the soapbottle. Since I am in a room with multiple drawers, it is likely that the soapbottle is",4766, inside,teacher,6,14696, somewhere,26.125,2.5353425371577032e-05,0.0012787991436198354,-10.582596778869629
46,45,reasoning 正文,"<reasoning>
I need to put a soapbottle on the toilet. First, I should locate the soapbottle. Since I am in a room with multiple drawers, it is likely that the soapbottle is",4766, inside,student,7,4221, among,25.5,2.2425895167543786e-06,0.0003049834631383419,-13.007879257202148
46,45,reasoning 正文,"<reasoning>
I need to put a soapbottle on the toilet. First, I should locate the soapbottle. Since I am in a room with multiple drawers, it is likely that the soapbottle is",4766, inside,teacher,7,7407, located,25.375,7.263877705554478e-06,0.0006040619919076562,-11.832596778869629
46,45,reasoning 正文,"<reasoning>
I need to put a soapbottle on the toilet. First, I should locate the soapbottle. Since I am in a room with multiple drawers, it is likely that the soapbottle is",4766, inside,student,8,825, one,24.625,5.216780891714734e-07,0.00012713602336589247,-14.466215133666992
46,45,reasoning 正文,"<reasoning>
I need to put a soapbottle on the toilet. First, I should locate the soapbottle. Since I am in a room with multiple drawers, it is likely that the soapbottle is",4766, inside,teacher,8,825, one,24.375,1.3719728713113e-06,0.00022222197731025517,-13.499260902404785
46,45,reasoning 正文,"<reasoning>
I need to put a soapbottle on the toilet. First, I should locate the soapbottle. Since I am in a room with multiple drawers, it is likely that the soapbottle is",4766, inside,student,9,2878, within,22.875,2.8230035198362202e-08,2.2092928702477366e-05,-17.38287925720215
46,45,reasoning 正文,"<reasoning>
I need to put a soapbottle on the toilet. First, I should locate the soapbottle. Since I am in a room with multiple drawers, it is likely that the soapbottle is",4766, inside,teacher,9,12985, contained,23.75,4.841220402340696e-07,0.00011894686031155288,-14.540928840637207
46,45,reasoning 正文,"<reasoning>
I need to put a soapbottle on the toilet. First, I should locate the soapbottle. Since I am in a room with multiple drawers, it is likely that the soapbottle is",4766, inside,student,10,51158, housed,22.875,2.8230035198362202e-08,2.2092928702477366e-05,-17.38287925720215
46,45,reasoning 正文,"<reasoning>
I need to put a soapbottle on the toilet. First, I should locate the soapbottle. Since I am in a room with multiple drawers, it is likely that the soapbottle is",4766, inside,teacher,10,2878, within,22.25,3.973919149302674e-08,2.654063246154692e-05,-17.04092788696289
47,46,reasoning 正文,"<reasoning>
I need to put a soapbottle on the toilet. First, I should locate the soapbottle. Since I am in a room with multiple drawers, it is likely that the soapbottle is inside",825, one,student,1,825, one,54.25,1.0,1.0,0.0
47,46,reasoning 正文,"<reasoning>
I need to put a soapbottle on the toilet. First, I should locate the soapbottle. Since I am in a room with multiple drawers, it is likely that the soapbottle is inside",825, one,teacher,1,825, one,53.25,1.0,1.0,0.0
47,46,reasoning 正文,"<reasoning>
I need to put a soapbottle on the toilet. First, I should locate the soapbottle. Since I am in a room with multiple drawers, it is likely that the soapbottle is inside",825, one,student,2,603,one,33.0,4.156599518737909e-16,5.905304023556823e-10,-35.416664123535156
47,46,reasoning 正文,"<reasoning>
I need to put a soapbottle on the toilet. First, I should locate the soapbottle. Since I am in a room with multiple drawers, it is likely that the soapbottle is inside",825, one,teacher,2,603,one,32.0,4.156583901567944e-16,5.905304023556823e-10,-35.41666793823242
47,46,reasoning 正文,"<reasoning>
I need to put a soapbottle on the toilet. First, I should locate the soapbottle. Since I am in a room with multiple drawers, it is likely that the soapbottle is inside",825, one,student,3,100653,之一,30.375,5.232386799395524e-18,4.2777878461741636e-11,-39.791664123535156
47,46,reasoning 正文,"<reasoning>
I need to put a soapbottle on the toilet. First, I should locate the soapbottle. Since I am in a room with multiple drawers, it is likely that the soapbottle is inside",825, one,teacher,3,113854,其中一个,29.5,6.444298627424009e-18,4.8473686869998645e-11,-39.583335876464844
47,46,reasoning 正文,"<reasoning>
I need to put a soapbottle on the toilet. First, I should locate the soapbottle. Since I am in a room with multiple drawers, it is likely that the soapbottle is inside",825, one,student,4,113854,其中一个,29.875,2.2739800948881426e-18,2.5946095966178362e-11,-40.625
47,46,reasoning 正文,"<reasoning>
I need to put a soapbottle on the toilet. First, I should locate the soapbottle. Since I am in a room with multiple drawers, it is likely that the soapbottle is inside",825, one,teacher,4,100653,之一,28.875,2.2739800948881426e-18,2.5946095966178362e-11,-40.625
47,46,reasoning 正文,"<reasoning>
I need to put a soapbottle on the toilet. First, I should locate the soapbottle. Since I am in a room with multiple drawers, it is likely that the soapbottle is inside",825, one,student,5,11667,_one,27.125,2.3241857510812147e-20,1.6586784029604118e-12,-45.20833206176758
47,46,reasoning 正文,"<reasoning>
I need to put a soapbottle on the toilet. First, I should locate the soapbottle. Since I am in a room with multiple drawers, it is likely that the soapbottle is inside",825, one,teacher,5,11667,_one,26.25,2.862518609581133e-20,1.879528650772233e-12,-45.0
47,46,reasoning 正文,"<reasoning>
I need to put a soapbottle on the toilet. First, I should locate the soapbottle. Since I am in a room with multiple drawers, it is likely that the soapbottle is inside",825, one,student,6,30973,.one,26.625,1.0100883405644017e-20,1.006039218945376e-12,-46.041664123535156
47,46,reasoning 正文,"<reasoning>
I need to put a soapbottle on the toilet. First, I should locate the soapbottle. Since I am in a room with multiple drawers, it is likely that the soapbottle is inside",825, one,teacher,6,30973,.one,25.375,6.658878248060032e-21,7.835042293777295e-13,-46.458335876464844
47,46,reasoning 正文,"<reasoning>
I need to put a soapbottle on the toilet. First, I should locate the soapbottle. Since I am in a room with multiple drawers, it is likely that the soapbottle is inside",825, one,student,7,3776, One,25.75,2.3496982145267235e-21,4.1937956471276017e-13,-47.5
47,46,reasoning 正文,"<reasoning>
I need to put a soapbottle on the toilet. First, I should locate the soapbottle. Since I am in a room with multiple drawers, it is likely that the soapbottle is inside",825, one,teacher,7,3776, One,24.75,2.3496982145267235e-21,4.1937956471276017e-13,-47.5
47,46,reasoning 正文,"<reasoning>
I need to put a soapbottle on the toilet. First, I should locate the soapbottle. Since I am in a room with multiple drawers, it is likely that the soapbottle is inside",825, one,student,8,3966,One,24.625,3.603379290143201e-22,1.3615260449021532e-13,-49.375
47,46,reasoning 正文,"<reasoning>
I need to put a soapbottle on the toilet. First, I should locate the soapbottle. Since I am in a room with multiple drawers, it is likely that the soapbottle is inside",825, one,teacher,8,3966,One,23.875,5.465940219452041e-22,1.7482341258239636e-13,-48.958335876464844
47,46,reasoning 正文,"<reasoning>
I need to put a soapbottle on the toilet. First, I should locate the soapbottle. Since I am in a room with multiple drawers, it is likely that the soapbottle is inside",825, one,student,9,23895, uno,24.375,2.3754999993356537e-22,1.0603575851565739e-13,-49.791664123535156
47,46,reasoning 正文,"<reasoning>
I need to put a soapbottle on the toilet. First, I should locate the soapbottle. Since I am in a room with multiple drawers, it is likely that the soapbottle is inside",825, one,teacher,9,23895, uno,23.625,3.603379290143201e-22,1.3615260449021532e-13,-49.375
47,46,reasoning 正文,"<reasoning>
I need to put a soapbottle on the toilet. First, I should locate the soapbottle. Since I am in a room with multiple drawers, it is likely that the soapbottle is inside",825, one,student,10,134682, одного,24.375,2.3754999993356537e-22,1.0603575851565739e-13,-49.791664123535156
47,46,reasoning 正文,"<reasoning>
I need to put a soapbottle on the toilet. First, I should locate the soapbottle. Since I am in a room with multiple drawers, it is likely that the soapbottle is inside",825, one,teacher,10,134682, одного,23.625,3.603379290143201e-22,1.3615260449021532e-13,-49.375
48,47,reasoning 正文,"<reasoning>
I need to put a soapbottle on the toilet. First, I should locate the soapbottle. Since I am in a room with multiple drawers, it is likely that the soapbottle is inside one",315, of,student,1,315, of,54.5,1.0,1.0,0.0
48,47,reasoning 正文,"<reasoning>
I need to put a soapbottle on the toilet. First, I should locate the soapbottle. Since I am in a room with multiple drawers, it is likely that the soapbottle is inside one",315, of,teacher,1,315, of,55.5,1.0,1.0,0.0
48,47,reasoning 正文,"<reasoning>
I need to put a soapbottle on the toilet. First, I should locate the soapbottle. Since I am in a room with multiple drawers, it is likely that the soapbottle is inside one",315, of,student,2,59735, của,30.5,4.2483702611606045e-18,3.775134718719819e-11,-39.999996185302734
48,47,reasoning 正文,"<reasoning>
I need to put a soapbottle on the toilet. First, I should locate the soapbottle. Since I am in a room with multiple drawers, it is likely that the soapbottle is inside one",315, of,teacher,2,59735, của,29.875,2.831427087553767e-19,7.433680407342713e-12,-42.708335876464844
48,47,reasoning 正文,"<reasoning>
I need to put a soapbottle on the toilet. First, I should locate the soapbottle. Since I am in a room with multiple drawers, it is likely that the soapbottle is inside one",315, of,student,3,1055,of,27.0,1.2440518531810507e-20,1.1399918552548738e-12,-45.83332824707031
48,47,reasoning 正文,"<reasoning>
I need to put a soapbottle on the toilet. First, I should locate the soapbottle. Since I am in a room with multiple drawers, it is likely that the soapbottle is inside one",315, of,teacher,3,1055,of,27.0,2.3496982145267235e-21,4.1937956471276017e-13,-47.5
48,47,reasoning 正文,"<reasoning>
I need to put a soapbottle on the toilet. First, I should locate the soapbottle. Since I am in a room with multiple drawers, it is likely that the soapbottle is inside one",315, of,student,4,124375,ของ,25.375,8.291309796333216e-22,2.2447771723041465e-13,-48.541664123535156
48,47,reasoning 正文,"<reasoning>
I need to put a soapbottle on the toilet. First, I should locate the soapbottle. Since I am in a room with multiple drawers, it is likely that the soapbottle is inside one",315, of,teacher,4,124375,ของ,24.875,6.805895566528107e-23,5.008774495965547e-14,-51.04166793823242
48,47,reasoning 正文,"<reasoning>
I need to put a soapbottle on the toilet. First, I should locate the soapbottle. Since I am in a room with multiple drawers, it is likely that the soapbottle is inside one",315, of,student,5,43223,	of,20.625,3.0231491818881547e-25,1.9421125050902077e-15,-56.45832824707031
48,47,reasoning 正文,"<reasoning>
I need to put a soapbottle on the toilet. First, I should locate the soapbottle. Since I am in a room with multiple drawers, it is likely that the soapbottle is inside one",315, of,teacher,5,43223,	of,20.25,3.056322631845445e-26,4.910429989734471e-16,-58.75
48,47,reasoning 正文,"<reasoning>
I need to put a soapbottle on the toilet. First, I should locate the soapbottle. Since I am in a room with multiple drawers, it is likely that the soapbottle is inside one",315, of,student,6,3575,_of,19.875,8.661467790709205e-26,9.173890920400186e-16,-57.70832824707031
48,47,reasoning 正文,"<reasoning>
I need to put a soapbottle on the toilet. First, I should locate the soapbottle. Since I am in a room with multiple drawers, it is likely that the soapbottle is inside one",315, of,teacher,6,4940, Of,20.0,2.0148495136220123e-26,3.824246818943575e-16,-59.16666793823242
48,47,reasoning 正文,"<reasoning>
I need to put a soapbottle on the toilet. First, I should locate the soapbottle. Since I am in a room with multiple drawers, it is likely that the soapbottle is inside one",315, of,student,7,4940, Of,19.75,7.032542128244934e-26,8.095930321944762e-16,-57.916664123535156
48,47,reasoning 正文,"<reasoning>
I need to put a soapbottle on the toilet. First, I should locate the soapbottle. Since I am in a room with multiple drawers, it is likely that the soapbottle is inside one",315, of,teacher,7,3575,_of,19.875,1.63593157930437e-26,3.37488578190892e-16,-59.375
48,47,reasoning 正文,"<reasoning>
I need to put a soapbottle on the toilet. First, I should locate the soapbottle. Since I am in a room with multiple drawers, it is likely that the soapbottle is inside one",315, of,student,8,2124,Of,17.0,7.187808886283782e-28,5.175554941819762e-17,-62.499996185302734
48,47,reasoning 正文,"<reasoning>
I need to put a soapbottle on the toilet. First, I should locate the soapbottle. Since I am in a room with multiple drawers, it is likely that the soapbottle is inside one",315, of,teacher,8,476, or,18.875,3.0898716766604894e-27,1.2415511155833015e-16,-61.04166793823242
48,47,reasoning 正文,"<reasoning>
I need to put a soapbottle on the toilet. First, I should locate the soapbottle. Since I am in a room with multiple drawers, it is likely that the soapbottle is inside one",315, of,student,9,476, or,17.0,7.187808886283782e-28,5.175554941819762e-17,-62.499996185302734
48,47,reasoning 正文,"<reasoning>
I need to put a soapbottle on the toilet. First, I should locate the soapbottle. Since I am in a room with multiple drawers, it is likely that the soapbottle is inside one",315, of,teacher,9,13,.,17.125,1.672043868356524e-28,2.1574925092024543e-17,-63.958335876464844
48,47,reasoning 正文,"<reasoning>
I need to put a soapbottle on the toilet. First, I should locate the soapbottle. Since I am in a room with multiple drawers, it is likely that the soapbottle is inside one",315, of,student,10,10229,.of,16.25,2.059341759788613e-28,2.44475910105232e-17,-63.749996185302734
48,47,reasoning 正文,"<reasoning>
I need to put a soapbottle on the toilet. First, I should locate the soapbottle. Since I am in a room with multiple drawers, it is likely that the soapbottle is inside one",315, of,teacher,10,2124,Of,17.0,1.357589702987264e-28,1.903980345736795e-17,-64.16667175292969
49,48,reasoning 正文,"<reasoning>
I need to put a soapbottle on the toilet. First, I should locate the soapbottle. Since I am in a room with multiple drawers, it is likely that the soapbottle is inside one of",1105, them,student,1,1105, them,44.0,0.6026846766471863,0.5621733069419861,-0.5063611268997192
49,48,reasoning 正文,"<reasoning>
I need to put a soapbottle on the toilet. First, I should locate the soapbottle. Since I am in a room with multiple drawers, it is likely that the soapbottle is inside one of",1105, them,teacher,1,1105, them,46.75,0.9970802664756775,0.9706832766532898,-0.00292397802695632
49,48,reasoning 正文,"<reasoning>
I need to put a soapbottle on the toilet. First, I should locate the soapbottle. Since I am in a room with multiple drawers, it is likely that the soapbottle is inside one of",1105, them,student,2,279, the,43.75,0.39731526374816895,0.43782106041908264,-0.9230252504348755
49,48,reasoning 正文,"<reasoning>
I need to put a soapbottle on the toilet. First, I should locate the soapbottle. Since I am in a room with multiple drawers, it is likely that the soapbottle is inside one of",1105, them,teacher,2,279, the,43.25,0.0029197423718869686,0.029312092810869217,-5.836259841918945
49,48,reasoning 正文,"<reasoning>
I need to put a soapbottle on the toilet. First, I should locate the soapbottle. Since I am in a room with multiple drawers, it is likely that the soapbottle is inside one of",1105, them,student,3,1493, these,32.5,2.858339120948017e-09,5.694869287253823e-06,-19.673025131225586
49,48,reasoning 正文,"<reasoning>
I need to put a soapbottle on the toilet. First, I should locate the soapbottle. Since I am in a room with multiple drawers, it is likely that the soapbottle is inside one of",1105, them,teacher,3,1493, these,34.5,1.3548323574141818e-09,4.644835371436784e-06,-20.419588088989258
49,48,reasoning 正文,"<reasoning>
I need to put a soapbottle on the toilet. First, I should locate the soapbottle. Since I am in a room with multiple drawers, it is likely that the soapbottle is inside one of",1105, them,student,4,1846, those,24.125,2.4779144190624665e-15,1.3130083686974103e-09,-33.6313591003418
49,48,reasoning 正文,"<reasoning>
I need to put a soapbottle on the toilet. First, I should locate the soapbottle. Since I am in a room with multiple drawers, it is likely that the soapbottle is inside one of",1105, them,teacher,4,1846, those,26.5,2.1942723076636816e-15,1.558168705173557e-09,-33.752925872802734
49,48,reasoning 正文,"<reasoning>
I need to put a soapbottle on the toilet. First, I should locate the soapbottle. Since I am in a room with multiple drawers, it is likely that the soapbottle is inside one of",1105, them,student,5,48718,them,22.125,8.839721202585094e-17,1.776963576283208e-10,-36.964691162109375
49,48,reasoning 正文,"<reasoning>
I need to put a soapbottle on the toilet. First, I should locate the soapbottle. Since I am in a room with multiple drawers, it is likely that the soapbottle is inside one of",1105, them,teacher,5,48718,them,24.0,3.401976807237869e-17,1.279022721067946e-10,-37.91958999633789
49,48,reasoning 正文,"<reasoning>
I need to put a soapbottle on the toilet. First, I should locate the soapbottle. Since I am in a room with multiple drawers, it is likely that the soapbottle is inside one of",1105, them,student,6,129690, них,20.625,7.256085408777425e-18,3.964941569511993e-11,-39.464691162109375
49,48,reasoning 正文,"<reasoning>
I need to put a soapbottle on the toilet. First, I should locate the soapbottle. Since I am in a room with multiple drawers, it is likely that the soapbottle is inside one of",1105, them,teacher,6,129690, них,22.5,2.7925123239374214e-18,2.8538853572013245e-11,-40.41958999633789
49,48,reasoning 正文,"<reasoning>
I need to put a soapbottle on the toilet. First, I should locate the soapbottle. Since I am in a room with multiple drawers, it is likely that the soapbottle is inside one of",1105, them,student,7,1782,the,20.25,3.8839024891508585e-18,2.72506166937303e-11,-40.089691162109375
49,48,reasoning 正文,"<reasoning>
I need to put a soapbottle on the toilet. First, I should locate the soapbottle. Since I am in a room with multiple drawers, it is likely that the soapbottle is inside one of",1105, them,teacher,7,47938, Them,22.125,1.4947241556773294e-18,1.961444895393072e-11,-41.04458999633789
49,48,reasoning 正文,"<reasoning>
I need to put a soapbottle on the toilet. First, I should locate the soapbottle. Since I am in a room with multiple drawers, it is likely that the soapbottle is inside one of",1105, them,student,8,47938, Them,20.0,2.560423435233365e-18,2.1222803028853043e-11,-40.5063591003418
49,48,reasoning 正文,"<reasoning>
I need to put a soapbottle on the toilet. First, I should locate the soapbottle. Since I am in a room with multiple drawers, it is likely that the soapbottle is inside one of",1105, them,teacher,8,1782,the,18.875,6.639449197187839e-21,7.605347016222119e-13,-46.46125793457031
49,48,reasoning 正文,"<reasoning>
I need to put a soapbottle on the toilet. First, I should locate the soapbottle. Since I am in a room with multiple drawers, it is likely that the soapbottle is inside one of",1105, them,student,9,104017,它们,17.375,3.2230973014680815e-20,1.5373746112962161e-12,-44.8813591003418
49,48,reasoning 正文,"<reasoning>
I need to put a soapbottle on the toilet. First, I should locate the soapbottle. Since I am in a room with multiple drawers, it is likely that the soapbottle is inside one of",1105, them,teacher,9,104017,它们,18.25,2.3428335847948137e-21,4.0708490181215473e-13,-47.502925872802734
49,48,reasoning 正文,"<reasoning>
I need to put a soapbottle on the toilet. First, I should locate the soapbottle. Since I am in a room with multiple drawers, it is likely that the soapbottle is inside one of",1105, them,student,10,86970,Them,16.0,3.2584770845028746e-21,3.887091928715669e-13,-47.17302703857422
49,48,reasoning 正文,"<reasoning>
I need to put a soapbottle on the toilet. First, I should locate the soapbottle. Since I am in a room with multiple drawers, it is likely that the soapbottle is inside one of",1105, them,teacher,10,86970,Them,18.0,1.5444949386270167e-21,3.1703803536446695e-13,-47.91958999633789
50,49,reasoning 正文,"<reasoning>
I need to put a soapbottle on the toilet. First, I should locate the soapbottle. Since I am in a room with multiple drawers, it is likely that the soapbottle is inside one of them",13,.,student,1,13,.,54.0,1.0,1.0,0.0
50,49,reasoning 正文,"<reasoning>
I need to put a soapbottle on the toilet. First, I should locate the soapbottle. Since I am in a room with multiple drawers, it is likely that the soapbottle is inside one of them",13,.,teacher,1,13,.,53.25,1.0,1.0,0.0
50,49,reasoning 正文,"<reasoning>
I need to put a soapbottle on the toilet. First, I should locate the soapbottle. Since I am in a room with multiple drawers, it is likely that the soapbottle is inside one of them",13,.,student,2,1773,。,25.0,1.0211720357067937e-21,2.5436656904062604e-13,-48.333335876464844
50,49,reasoning 正文,"<reasoning>
I need to put a soapbottle on the toilet. First, I should locate the soapbottle. Since I am in a room with multiple drawers, it is likely that the soapbottle is inside one of them",13,.,teacher,2,476, or,33.25,3.3382294782044247e-15,2.061153470123145e-09,-33.333335876464844
50,49,reasoning 正文,"<reasoning>
I need to put a soapbottle on the toilet. First, I should locate the soapbottle. Since I am in a room with multiple drawers, it is likely that the soapbottle is inside one of them",13,.,student,3,382,".

",24.75,6.731998611023858e-22,1.9810088085995409e-13,-48.75
50,49,reasoning 正文,"<reasoning>
I need to put a soapbottle on the toilet. First, I should locate the soapbottle. Since I am in a room with multiple drawers, it is likely that the soapbottle is inside one of them",13,.,teacher,3,11,",",28.25,8.024095000379967e-19,1.3887944613766301e-11,-41.66666793823242
50,49,reasoning 正文,"<reasoning>
I need to put a soapbottle on the toilet. First, I should locate the soapbottle. Since I am in a room with multiple drawers, it is likely that the soapbottle is inside one of them",13,.,student,4,476, or,23.625,1.032385422106359e-22,6.431393774746635e-14,-50.625
50,49,reasoning 正文,"<reasoning>
I need to put a soapbottle on the toilet. First, I should locate the soapbottle. Since I am in a room with multiple drawers, it is likely that the soapbottle is inside one of them",13,.,teacher,4,1773,。,24.625,1.9078006002321017e-21,3.7010116651046976e-13,-47.708335876464844
50,49,reasoning 正文,"<reasoning>
I need to put a soapbottle on the toilet. First, I should locate the soapbottle. Since I am in a room with multiple drawers, it is likely that the soapbottle is inside one of them",13,.,student,5,11,",",23.25,5.525960543653601e-23,4.420228560345768e-14,-51.25
50,49,reasoning 正文,"<reasoning>
I need to put a soapbottle on the toilet. First, I should locate the soapbottle. Since I am in a room with multiple drawers, it is likely that the soapbottle is inside one of them",13,.,teacher,5,624,".
",20.875,3.682921381616866e-24,8.703945394560476e-15,-53.958335876464844
50,49,reasoning 正文,"<reasoning>
I need to put a soapbottle on the toilet. First, I should locate the soapbottle. Since I am in a room with multiple drawers, it is likely that the soapbottle is inside one of them",13,.,student,6,624,".
",22.0,6.880603376379614e-24,1.266416662428502e-14,-53.333335876464844
50,49,reasoning 正文,"<reasoning>
I need to put a soapbottle on the toilet. First, I should locate the soapbottle. Since I am in a room with multiple drawers, it is likely that the soapbottle is inside one of them",13,.,teacher,6,18831,\.,20.125,1.0551747261896757e-24,4.111452609709696e-15,-55.208335876464844
50,49,reasoning 正文,"<reasoning>
I need to put a soapbottle on the toilet. First, I should locate the soapbottle. Since I am in a room with multiple drawers, it is likely that the soapbottle is inside one of them",13,.,student,7,18831,\.,19.0,4.6361142777173003e-26,6.305116853596367e-16,-58.333335876464844
50,49,reasoning 正文,"<reasoning>
I need to put a soapbottle on the toilet. First, I should locate the soapbottle. Since I am in a room with multiple drawers, it is likely that the soapbottle is inside one of them",13,.,teacher,7,1576, because,19.75,5.647943328162329e-25,2.825757392698391e-15,-55.833335876464844
50,49,reasoning 正文,"<reasoning>
I need to put a soapbottle on the toilet. First, I should locate the soapbottle. Since I am in a room with multiple drawers, it is likely that the soapbottle is inside one of them",13,.,student,8,11568,.The,18.0,8.75651089272076e-27,2.3195229636950566e-16,-60.0
50,49,reasoning 正文,"<reasoning>
I need to put a soapbottle on the toilet. First, I should locate the soapbottle. Since I am in a room with multiple drawers, it is likely that the soapbottle is inside one of them",13,.,teacher,8,382,".

",18.75,1.066761441209852e-25,1.0395379134185484e-15,-57.5
50,49,reasoning 正文,"<reasoning>
I need to put a soapbottle on the toilet. First, I should locate the soapbottle. Since I am in a room with multiple drawers, it is likely that the soapbottle is inside one of them",13,.,student,9,568,).,17.75,5.772640666862394e-27,1.806446255483361e-16,-60.41666793823242
50,49,reasoning 正文,"<reasoning>
I need to put a soapbottle on the toilet. First, I should locate the soapbottle. Since I am in a room with multiple drawers, it is likely that the soapbottle is inside one of them",13,.,teacher,9,323, and,18.25,4.6361142777173003e-26,6.305116853596367e-16,-58.333335876464844
50,49,reasoning 正文,"<reasoning>
I need to put a soapbottle on the toilet. First, I should locate the soapbottle. Since I am in a room with multiple drawers, it is likely that the soapbottle is inside one of them",13,.,student,10,659, .,17.375,3.0898716766604894e-27,1.2415511155833015e-16,-61.04166793823242
50,49,reasoning 正文,"<reasoning>
I need to put a soapbottle on the toilet. First, I should locate the soapbottle. Since I am in a room with multiple drawers, it is likely that the soapbottle is inside one of them",13,.,teacher,10,659, .,18.125,3.764234390387928e-26,5.564245721995e-16,-58.54166793823242
51,50,reasoning 正文,"<reasoning>
I need to put a soapbottle on the toilet. First, I should locate the soapbottle. Since I am in a room with multiple drawers, it is likely that the soapbottle is inside one of them.",358, I,student,1,358, I,39.5,0.9769909977912903,0.9026580452919006,-0.023277824744582176
51,50,reasoning 正文,"<reasoning>
I need to put a soapbottle on the toilet. First, I should locate the soapbottle. Since I am in a room with multiple drawers, it is likely that the soapbottle is inside one of them.",358, I,teacher,1,358, I,40.75,0.999987006187439,0.9988152384757996,-1.2993727978027891e-05
51,50,reasoning 正文,"<reasoning>
I need to put a soapbottle on the toilet. First, I should locate the soapbottle. Since I am in a room with multiple drawers, it is likely that the soapbottle is inside one of them.",358, I,student,2,576, The,37.25,0.022976716980338097,0.09513945877552032,-3.7732739448547363
51,50,reasoning 正文,"<reasoning>
I need to put a soapbottle on the toilet. First, I should locate the soapbottle. Since I am in a room with multiple drawers, it is likely that the soapbottle is inside one of them.",358, I,teacher,2,576, The,34.0,1.3007123015995603e-05,0.0011694924905896187,-11.25001335144043
51,50,reasoning 正文,"<reasoning>
I need to put a soapbottle on the toilet. First, I should locate the soapbottle. Since I am in a room with multiple drawers, it is likely that the soapbottle is inside one of them.",358, I,student,3,15277, Therefore,33.25,2.924089494626969e-05,0.001742540393024683,-10.439942359924316
51,50,reasoning 正文,"<reasoning>
I need to put a soapbottle on the toilet. First, I should locate the soapbottle. Since I am in a room with multiple drawers, it is likely that the soapbottle is inside one of them.",358, I,teacher,3,2014, To,28.875,2.538538046437111e-09,6.954056516406126e-06,-19.791677474975586
51,50,reasoning 正文,"<reasoning>
I need to put a soapbottle on the toilet. First, I should locate the soapbottle. Since I am in a room with multiple drawers, it is likely that the soapbottle is inside one of them.",358, I,student,4,3017, My,31.875,2.9561983865278307e-06,0.0004405832150951028,-12.731606483459473
51,50,reasoning 正文,"<reasoning>
I need to put a soapbottle on the toilet. First, I should locate the soapbottle. Since I am in a room with multiple drawers, it is likely that the soapbottle is inside one of them.",358, I,teacher,4,13235, Before,28.25,8.957628527817008e-10,3.722238034242764e-06,-20.833345413208008
51,50,reasoning 正文,"<reasoning>
I need to put a soapbottle on the toilet. First, I should locate the soapbottle. Since I am in a room with multiple drawers, it is likely that the soapbottle is inside one of them.",358, I,student,5,2014, To,28.625,1.313121700263764e-08,1.708326453808695e-05,-18.148273468017578
51,50,reasoning 正文,"<reasoning>
I need to put a soapbottle on the toilet. First, I should locate the soapbottle. Since I am in a room with multiple drawers, it is likely that the soapbottle is inside one of them.",358, I,teacher,5,4354, However,28.0,5.905225197722075e-10,2.898882030422101e-06,-21.25001335144043
51,50,reasoning 正文,"<reasoning>
I need to put a soapbottle on the toilet. First, I should locate the soapbottle. Since I am in a room with multiple drawers, it is likely that the soapbottle is inside one of them.",358, I,student,6,4354, However,26.5,3.8034536631315063e-10,2.040304934780579e-06,-21.68994140625
51,50,reasoning 正文,"<reasoning>
I need to put a soapbottle on the toilet. First, I should locate the soapbottle. Since I am in a room with multiple drawers, it is likely that the soapbottle is inside one of them.",358, I,teacher,6,3017, My,26.75,7.352869008103724e-11,8.305435699185182e-07,-23.333345413208008
51,50,reasoning 正文,"<reasoning>
I need to put a soapbottle on the toilet. First, I should locate the soapbottle. Since I am in a room with multiple drawers, it is likely that the soapbottle is inside one of them.",358, I,student,7,13235, Before,23.25,1.6894711541218244e-12,7.911120292192209e-08,-27.106605529785156
51,50,reasoning 正文,"<reasoning>
I need to put a soapbottle on the toilet. First, I should locate the soapbottle. Since I am in a room with multiple drawers, it is likely that the soapbottle is inside one of them.",358, I,teacher,7,15277, Therefore,26.5,4.847303808341863e-11,6.4682797074056e-07,-23.75001335144043
51,50,reasoning 正文,"<reasoning>
I need to put a soapbottle on the toilet. First, I should locate the soapbottle. Since I am in a room with multiple drawers, it is likely that the soapbottle is inside one of them.",358, I,student,8,9295, Next,22.75,7.342393294924865e-13,4.798337371880734e-08,-27.93994140625
51,50,reasoning 正文,"<reasoning>
I need to put a soapbottle on the toilet. First, I should locate the soapbottle. Since I am in a room with multiple drawers, it is likely that the soapbottle is inside one of them.",358, I,teacher,8,38478, Alternatively,25.0,3.978909215995863e-12,1.4432683315135364e-07,-26.25001335144043
51,50,reasoning 正文,"<reasoning>
I need to put a soapbottle on the toilet. First, I should locate the soapbottle. Since I am in a room with multiple drawers, it is likely that the soapbottle is inside one of them.",358, I,student,9,40,I,22.5,4.840416262252845e-13,3.736948883670266e-08,-28.356605529785156
51,50,reasoning 正文,"<reasoning>
I need to put a soapbottle on the toilet. First, I should locate the soapbottle. Since I am in a room with multiple drawers, it is likely that the soapbottle is inside one of them.",358, I,teacher,9,22406, Additionally,23.25,2.1531432507163745e-13,2.508022056701975e-08,-29.166677474975586
51,50,reasoning 正文,"<reasoning>
I need to put a soapbottle on the toilet. First, I should locate the soapbottle. Since I am in a room with multiple drawers, it is likely that the soapbottle is inside one of them.",358, I,student,10,21658, Among,22.0,2.1036308545802074e-13,2.266573950748807e-08,-29.18994140625
51,50,reasoning 正文,"<reasoning>
I need to put a soapbottle on the toilet. First, I should locate the soapbottle. Since I am in a room with multiple drawers, it is likely that the soapbottle is inside one of them.",358, I,teacher,10,1084, It,23.125,1.7482109510025268e-13,2.2133216148745305e-08,-29.37501335144043
52,51,reasoning 正文,"<reasoning>
I need to put a soapbottle on the toilet. First, I should locate the soapbottle. Since I am in a room with multiple drawers, it is likely that the soapbottle is inside one of them. I",1265, should,student,1,1265, should,45.25,0.9994471669197083,0.9890114665031433,-0.0005529781919904053
52,51,reasoning 正文,"<reasoning>
I need to put a soapbottle on the toilet. First, I should locate the soapbottle. Since I am in a room with multiple drawers, it is likely that the soapbottle is inside one of them. I",1265, should,teacher,1,1265, should,45.5,0.8892722129821777,0.7772970199584961,-0.11735188215970993
52,51,reasoning 正文,"<reasoning>
I need to put a soapbottle on the toilet. First, I should locate the soapbottle. Since I am in a room with multiple drawers, it is likely that the soapbottle is inside one of them. I",1265, should,student,2,686, will,40.75,0.0005527785397134721,0.010986926034092903,-7.500553131103516
52,51,reasoning 正文,"<reasoning>
I need to put a soapbottle on the toilet. First, I should locate the soapbottle. Since I am in a room with multiple drawers, it is likely that the soapbottle is inside one of them. I",1265, should,teacher,2,686, will,44.25,0.11072783172130585,0.22269929945468903,-2.2006800174713135
52,51,reasoning 正文,"<reasoning>
I need to put a soapbottle on the toilet. First, I should locate the soapbottle. Since I am in a room with multiple drawers, it is likely that the soapbottle is inside one of them. I",1265, should,student,3,1184, need,31.75,1.6909623701266696e-10,1.355894482912845e-06,-22.500553131103516
52,51,reasoning 正文,"<reasoning>
I need to put a soapbottle on the toilet. First, I should locate the soapbottle. Since I am in a room with multiple drawers, it is likely that the soapbottle is inside one of them. I",1265, should,teacher,3,646, can,33.25,1.2083433142962008e-09,3.7194563446973916e-06,-20.534015655517578
52,51,reasoning 正文,"<reasoning>
I need to put a soapbottle on the toilet. First, I should locate the soapbottle. Since I am in a room with multiple drawers, it is likely that the soapbottle is inside one of them. I",1265, should,student,4,646, can,30.125,1.126990601535427e-11,2.669914351827174e-07,-25.208885192871094
52,51,reasoning 正文,"<reasoning>
I need to put a soapbottle on the toilet. First, I should locate the soapbottle. Since I am in a room with multiple drawers, it is likely that the soapbottle is inside one of them. I",1265, should,teacher,4,3278,'ll,27.375,6.756543973395965e-14,1.0447196885365884e-08,-30.325679779052734
52,51,reasoning 正文,"<reasoning>
I need to put a soapbottle on the toilet. First, I should locate the soapbottle. Since I am in a room with multiple drawers, it is likely that the soapbottle is inside one of them. I",1265, should,student,5,5445,should,24.125,5.116528987669203e-16,6.618055548024415e-10,-35.208885192871094
52,51,reasoning 正文,"<reasoning>
I need to put a soapbottle on the toilet. First, I should locate the soapbottle. Since I am in a room with multiple drawers, it is likely that the soapbottle is inside one of them. I",1265, should,teacher,5,5445,should,23.375,8.598595407047926e-17,1.9134709094981162e-10,-36.992347717285156
52,51,reasoning 正文,"<reasoning>
I need to put a soapbottle on the toilet. First, I should locate the soapbottle. Since I am in a room with multiple drawers, it is likely that the soapbottle is inside one of them. I",1265, should,student,6,99730,应该,24.125,5.116528987669203e-16,6.618055548024415e-10,-35.208885192871094
52,51,reasoning 正文,"<reasoning>
I need to put a soapbottle on the toilet. First, I should locate the soapbottle. Since I am in a room with multiple drawers, it is likely that the soapbottle is inside one of them. I",1265, should,teacher,6,14387,will,23.25,6.981520836977801e-17,1.6886321507758595e-10,-37.200679779052734
52,51,reasoning 正文,"<reasoning>
I need to put a soapbottle on the toilet. First, I should locate the soapbottle. Since I am in a room with multiple drawers, it is likely that the soapbottle is inside one of them. I",1265, should,student,7,3278,'ll,24.0,4.154301147775094e-16,5.840414263325044e-10,-35.41721725463867
52,51,reasoning 正文,"<reasoning>
I need to put a soapbottle on the toilet. First, I should locate the soapbottle. Since I am in a room with multiple drawers, it is likely that the soapbottle is inside one of them. I",1265, should,teacher,7,12260, Should,23.125,5.66853638892789e-17,1.4902126754812173e-10,-37.40901565551758
52,51,reasoning 正文,"<reasoning>
I need to put a soapbottle on the toilet. First, I should locate the soapbottle. Since I am in a room with multiple drawers, it is likely that the soapbottle is inside one of them. I",1265, should,student,8,12260, Should,23.0,7.846451325709789e-17,2.1485681289679093e-10,-37.083885192871094
52,51,reasoning 正文,"<reasoning>
I need to put a soapbottle on the toilet. First, I should locate the soapbottle. Since I am in a room with multiple drawers, it is likely that the soapbottle is inside one of them. I",1265, should,teacher,8,1035, would,22.875,3.736938964079787e-17,1.1605787164636894e-10,-37.825679779052734
52,51,reasoning 正文,"<reasoning>
I need to put a soapbottle on the toilet. First, I should locate the soapbottle. Since I am in a room with multiple drawers, it is likely that the soapbottle is inside one of them. I",1265, should,student,9,1969, must,22.875,6.370827287364192e-17,1.8961048009469295e-10,-37.29221725463867
52,51,reasoning 正文,"<reasoning>
I need to put a soapbottle on the toilet. First, I should locate the soapbottle. Since I am in a room with multiple drawers, it is likely that the soapbottle is inside one of them. I",1265, should,teacher,9,614, have,22.625,2.463538747935234e-17,9.038596954225042e-11,-38.242347717285156
52,51,reasoning 正文,"<reasoning>
I need to put a soapbottle on the toilet. First, I should locate the soapbottle. Since I am in a room with multiple drawers, it is likely that the soapbottle is inside one of them. I",1265, should,student,10,614, have,22.5,3.410058030950267e-17,1.3031724310774706e-10,-37.91721725463867
52,51,reasoning 正文,"<reasoning>
I need to put a soapbottle on the toilet. First, I should locate the soapbottle. Since I am in a room with multiple drawers, it is likely that the soapbottle is inside one of them. I",1265, should,teacher,10,1410, could,22.625,2.463538747935234e-17,9.038596954225042e-11,-38.242347717285156
53,52,reasoning 正文,"<reasoning>
I need to put a soapbottle on the toilet. First, I should locate the soapbottle. Since I am in a room with multiple drawers, it is likely that the soapbottle is inside one of them. I should",1779, check,student,1,1779, check,38.0,0.9999963045120239,0.9992414712905884,-3.6954811548639555e-06
53,52,reasoning 正文,"<reasoning>
I need to put a soapbottle on the toilet. First, I should locate the soapbottle. Since I am in a room with multiple drawers, it is likely that the soapbottle is inside one of them. I should",1779, check,teacher,1,1779, check,39.0,0.9999963045120239,0.9994071125984192,-3.6954811548639555e-06
53,52,reasoning 正文,"<reasoning>
I need to put a soapbottle on the toilet. First, I should locate the soapbottle. Since I am in a room with multiple drawers, it is likely that the soapbottle is inside one of them. I should",1779, check,student,2,728, go,30.125,1.9947260625485796e-06,0.0003798406687565148,-13.125003814697266
53,52,reasoning 正文,"<reasoning>
I need to put a soapbottle on the toilet. First, I should locate the soapbottle. Since I am in a room with multiple drawers, it is likely that the soapbottle is inside one of them. I should",1779, check,teacher,2,1191, start,31.5,3.726638851730968e-06,0.0005527563625946641,-12.500003814697266
53,52,reasoning 正文,"<reasoning>
I need to put a soapbottle on the toilet. First, I should locate the soapbottle. Since I am in a room with multiple drawers, it is likely that the soapbottle is inside one of them. I should",1779, check,student,3,1191, start,30.0,1.6195926946238615e-06,0.00033520805300213397,-13.333335876464844
53,52,reasoning 正文,"<reasoning>
I need to put a soapbottle on the toilet. First, I should locate the soapbottle. Since I am in a room with multiple drawers, it is likely that the soapbottle is inside one of them. I should",1779, check,teacher,3,728, go,28.375,2.038758495359616e-08,2.4286422558361664e-05,-17.70833969116211
53,52,reasoning 正文,"<reasoning>
I need to put a soapbottle on the toilet. First, I should locate the soapbottle. Since I am in a room with multiple drawers, it is likely that the soapbottle is inside one of them. I should",1779, check,student,4,24085, inspect,26.875,8.860419065115366e-09,1.4728014321008231e-05,-18.541671752929688
53,52,reasoning 正文,"<reasoning>
I need to put a soapbottle on the toilet. First, I should locate the soapbottle. Since I am in a room with multiple drawers, it is likely that the soapbottle is inside one of them. I should",1779, check,teacher,4,24085, inspect,26.75,1.3587893032962484e-09,4.7822800297581125e-06,-20.416671752929688
53,52,reasoning 正文,"<reasoning>
I need to put a soapbottle on the toilet. First, I should locate the soapbottle. Since I am in a room with multiple drawers, it is likely that the soapbottle is inside one of them. I should",1779, check,student,5,1787, open,26.5,4.742640502541917e-09,1.0122405910806265e-05,-19.166671752929688
53,52,reasoning 正文,"<reasoning>
I need to put a soapbottle on the toilet. First, I should locate the soapbottle. Since I am in a room with multiple drawers, it is likely that the soapbottle is inside one of them. I should",1779, check,teacher,5,2711, search,26.375,7.273074920099987e-10,3.2868097150640097e-06,-21.041671752929688
53,52,reasoning 正文,"<reasoning>
I need to put a soapbottle on the toilet. First, I should locate the soapbottle. Since I am in a room with multiple drawers, it is likely that the soapbottle is inside one of them. I should",1779, check,student,6,20961, examine,26.25,3.1265494637722213e-09,7.883337275416125e-06,-19.583335876464844
53,52,reasoning 正文,"<reasoning>
I need to put a soapbottle on the toilet. First, I should locate the soapbottle. Since I am in a room with multiple drawers, it is likely that the soapbottle is inside one of them. I should",1779, check,teacher,6,3161, begin,26.0,3.892996480736599e-10,2.258989070469397e-06,-21.666671752929688
53,52,reasoning 正文,"<reasoning>
I need to put a soapbottle on the toilet. First, I should locate the soapbottle. Since I am in a room with multiple drawers, it is likely that the soapbottle is inside one of them. I should",1779, check,student,7,2711, search,25.75,1.3587893032962484e-09,4.781486495630816e-06,-20.416671752929688
53,52,reasoning 正文,"<reasoning>
I need to put a soapbottle on the toilet. First, I should locate the soapbottle. Since I am in a room with multiple drawers, it is likely that the soapbottle is inside one of them. I should",1779, check,teacher,7,20961, examine,25.875,3.160869344043249e-10,1.9935507680202136e-06,-21.875003814697266
53,52,reasoning 正文,"<reasoning>
I need to put a soapbottle on the toilet. First, I should locate the soapbottle. Since I am in a room with multiple drawers, it is likely that the soapbottle is inside one of them. I should",1779, check,student,8,1401, look,25.0,3.892996480736599e-10,2.2586141312785912e-06,-21.666671752929688
53,52,reasoning 正文,"<reasoning>
I need to put a soapbottle on the toilet. First, I should locate the soapbottle. Since I am in a room with multiple drawers, it is likely that the soapbottle is inside one of them. I should",1779, check,teacher,8,1401, look,25.375,1.3737046222761506e-10,1.2091497865185374e-06,-22.70833969116211
53,52,reasoning 正文,"<reasoning>
I need to put a soapbottle on the toilet. First, I should locate the soapbottle. Since I am in a room with multiple drawers, it is likely that the soapbottle is inside one of them. I should",1779, check,student,9,101071,检查,24.75,2.5664279035275683e-10,1.7590105017006863e-06,-22.083335876464844
53,52,reasoning 正文,"<reasoning>
I need to put a soapbottle on the toilet. First, I should locate the soapbottle. Since I am in a room with multiple drawers, it is likely that the soapbottle is inside one of them. I should",1779, check,teacher,9,1787, open,25.25,1.1153622470061464e-10,1.067070797944325e-06,-22.916671752929688
53,52,reasoning 正文,"<reasoning>
I need to put a soapbottle on the toilet. First, I should locate the soapbottle. Since I am in a room with multiple drawers, it is likely that the soapbottle is inside one of them. I should",1779, check,student,10,3161, begin,24.5,1.6918916267982809e-10,1.3699187775273458e-06,-22.500003814697266
53,52,reasoning 正文,"<reasoning>
I need to put a soapbottle on the toilet. First, I should locate the soapbottle. Since I am in a room with multiple drawers, it is likely that the soapbottle is inside one of them. I should",1779, check,teacher,10,101071,检查,25.25,1.1153622470061464e-10,1.067070797944325e-06,-22.916671752929688
54,53,reasoning 正文,"<reasoning>
I need to put a soapbottle on the toilet. First, I should locate the soapbottle. Since I am in a room with multiple drawers, it is likely that the soapbottle is inside one of them. I should check",279, the,student,1,279, the,47.75,1.0,0.999998927116394,0.0
54,53,reasoning 正文,"<reasoning>
I need to put a soapbottle on the toilet. First, I should locate the soapbottle. Since I am in a room with multiple drawers, it is likely that the soapbottle is inside one of them. I should check",279, the,teacher,1,279, the,47.25,1.0,0.9999985694885254,0.0
54,53,reasoning 正文,"<reasoning>
I need to put a soapbottle on the toilet. First, I should locate the soapbottle. Since I am in a room with multiple drawers, it is likely that the soapbottle is inside one of them. I should check",279, the,student,2,1817, each,34.0,1.1153707124567092e-10,1.067703010448895e-06,-22.916664123535156
54,53,reasoning 正文,"<reasoning>
I need to put a soapbottle on the toilet. First, I should locate the soapbottle. Since I am in a room with multiple drawers, it is likely that the soapbottle is inside one of them. I should check",279, the,teacher,2,1817, each,33.75,1.6918980105806725e-10,1.3709578752241214e-06,-22.5
54,53,reasoning 正文,"<reasoning>
I need to put a soapbottle on the toilet. First, I should locate the soapbottle. Since I am in a room with multiple drawers, it is likely that the soapbottle is inside one of them. I should check",279, the,student,3,1493, these,24.625,1.8262824436190766e-17,9.056060068513005e-11,-38.541664123535156
54,53,reasoning 正文,"<reasoning>
I need to put a soapbottle on the toilet. First, I should locate the soapbottle. Since I am in a room with multiple drawers, it is likely that the soapbottle is inside one of them. I should check",279, the,teacher,3,1493, these,27.875,9.46034158129383e-15,3.8507343980143105e-09,-32.29166793823242
54,53,reasoning 正文,"<reasoning>
I need to put a soapbottle on the toilet. First, I should locate the soapbottle. Since I am in a room with multiple drawers, it is likely that the soapbottle is inside one of them. I should check",279, the,student,4,678, all,23.25,1.8463366103898122e-18,2.289730384463784e-11,-40.83332824707031
54,53,reasoning 正文,"<reasoning>
I need to put a soapbottle on the toilet. First, I should locate the soapbottle. Since I am in a room with multiple drawers, it is likely that the soapbottle is inside one of them. I should check",279, the,teacher,4,678, all,25.375,1.466715634020646e-16,3.160875172714128e-10,-36.458335876464844
54,53,reasoning 正文,"<reasoning>
I need to put a soapbottle on the toilet. First, I should locate the soapbottle. Since I am in a room with multiple drawers, it is likely that the soapbottle is inside one of them. I should check",279, the,student,5,1782,the,22.75,8.024125502665055e-19,1.3887917725552423e-11,-41.666664123535156
54,53,reasoning 正文,"<reasoning>
I need to put a soapbottle on the toilet. First, I should locate the soapbottle. Since I am in a room with multiple drawers, it is likely that the soapbottle is inside one of them. I should check",279, the,teacher,5,14046, nearby,23.375,5.2323669470608226e-18,4.277779866446174e-11,-39.79166793823242
54,53,reasoning 正文,"<reasoning>
I need to put a soapbottle on the toilet. First, I should locate the soapbottle. Since I am in a room with multiple drawers, it is likely that the soapbottle is inside one of them. I should check",279, the,student,6,61607, drawers,21.0,4.342167657088625e-20,2.413358141800659e-12,-44.58332824707031
54,53,reasoning 正文,"<reasoning>
I need to put a soapbottle on the toilet. First, I should locate the soapbottle. Since I am in a room with multiple drawers, it is likely that the soapbottle is inside one of them. I should check",279, the,teacher,6,61607, drawers,22.625,1.4990981833589332e-18,2.020679977510209e-11,-41.04166793823242
54,53,reasoning 正文,"<reasoning>
I need to put a soapbottle on the toilet. First, I should locate the soapbottle. Since I am in a room with multiple drawers, it is likely that the soapbottle is inside one of them. I should check",279, the,student,7,1045, some,19.75,5.406613234566411e-21,6.914387140101452e-13,-46.666664123535156
54,53,reasoning 正文,"<reasoning>
I need to put a soapbottle on the toilet. First, I should locate the soapbottle. Since I am in a room with multiple drawers, it is likely that the soapbottle is inside one of them. I should check",279, the,teacher,7,3143, near,22.5,1.2171738340976647e-18,1.783243865072226e-11,-41.25
54,53,reasoning 正文,"<reasoning>
I need to put a soapbottle on the toilet. First, I should locate the soapbottle. Since I am in a room with multiple drawers, it is likely that the soapbottle is inside one of them. I should check",279, the,student,8,101284,各个,19.75,5.406613234566411e-21,6.914387140101452e-13,-46.666664123535156
54,53,reasoning 正文,"<reasoning>
I need to put a soapbottle on the toilet. First, I should locate the soapbottle. Since I am in a room with multiple drawers, it is likely that the soapbottle is inside one of them. I should check",279, the,teacher,8,1045, some,22.0,5.289802439688595e-19,1.0815921075435497e-11,-42.083335876464844
54,53,reasoning 正文,"<reasoning>
I need to put a soapbottle on the toilet. First, I should locate the soapbottle. Since I am in a room with multiple drawers, it is likely that the soapbottle is inside one of them. I should check",279, the,student,9,264, a,19.625,4.389831354947579e-21,6.101925063319025e-13,-46.874996185302734
54,53,reasoning 正文,"<reasoning>
I need to put a soapbottle on the toilet. First, I should locate the soapbottle. Since I am in a room with multiple drawers, it is likely that the soapbottle is inside one of them. I should check",279, the,teacher,9,1782,the,21.625,2.831427087553767e-19,7.433666529554905e-12,-42.708335876464844
54,53,reasoning 正文,"<reasoning>
I need to put a soapbottle on the toilet. First, I should locate the soapbottle. Since I am in a room with multiple drawers, it is likely that the soapbottle is inside one of them. I should check",279, the,student,10,26482, drawer,19.25,2.3497073022043517e-21,4.193787786661851e-13,-47.499996185302734
54,53,reasoning 正文,"<reasoning>
I need to put a soapbottle on the toilet. First, I should locate the soapbottle. Since I am in a room with multiple drawers, it is likely that the soapbottle is inside one of them. I should check",279, the,teacher,10,264, a,21.25,1.515553726724151e-19,5.109078958509539e-12,-43.333335876464844
55,54,reasoning 正文,"<reasoning>
I need to put a soapbottle on the toilet. First, I should locate the soapbottle. Since I am in a room with multiple drawers, it is likely that the soapbottle is inside one of them. I should check the",61607, drawers,student,1,61607, drawers,40.5,0.9999998807907104,0.9999321699142456,-1.1920928244535389e-07
55,54,reasoning 正文,"<reasoning>
I need to put a soapbottle on the toilet. First, I should locate the soapbottle. Since I am in a room with multiple drawers, it is likely that the soapbottle is inside one of them. I should check the",61607, drawers,teacher,1,61607, drawers,38.25,0.9955767393112183,0.9623702168464661,-0.004433089401572943
55,54,reasoning 正文,"<reasoning>
I need to put a soapbottle on the toilet. First, I should locate the soapbottle. Since I am in a room with multiple drawers, it is likely that the soapbottle is inside one of them. I should check the",61607, drawers,student,2,2500, available,30.875,1.0794241234179935e-07,6.605203816434368e-05,-16.041667938232422
55,54,reasoning 正文,"<reasoning>
I need to put a soapbottle on the toilet. First, I should locate the soapbottle. Since I am in a room with multiple drawers, it is likely that the soapbottle is inside one of them. I should check the",61607, drawers,teacher,2,9434, visible,35.0,0.0044222744181752205,0.037315141409635544,-5.421101093292236
55,54,reasoning 正文,"<reasoning>
I need to put a soapbottle on the toilet. First, I should locate the soapbottle. Since I am in a room with multiple drawers, it is likely that the soapbottle is inside one of them. I should check the",61607, drawers,student,3,26482, drawer,27.125,2.083778982697737e-10,1.5533950090684812e-06,-22.291667938232422
55,54,reasoning 正文,"<reasoning>
I need to put a soapbottle on the toilet. First, I should locate the soapbottle. Since I am in a room with multiple drawers, it is likely that the soapbottle is inside one of them. I should check the",61607, drawers,teacher,3,2500, available,29.875,8.630713068669138e-07,0.00022188399452716112,-13.9627685546875
55,54,reasoning 正文,"<reasoning>
I need to put a soapbottle on the toilet. First, I should locate the soapbottle. Since I am in a room with multiple drawers, it is likely that the soapbottle is inside one of them. I should check the",61607, drawers,student,4,14046, nearby,24.25,1.7292456529205413e-12,8.763647230125571e-08,-27.083335876464844
55,54,reasoning 正文,"<reasoning>
I need to put a soapbottle on the toilet. First, I should locate the soapbottle. Since I am in a room with multiple drawers, it is likely that the soapbottle is inside one of them. I should check the",61607, drawers,teacher,4,14046, nearby,28.875,1.6301352445680095e-07,8.162656013155356e-05,-15.629432678222656
55,54,reasoning 正文,"<reasoning>
I need to put a soapbottle on the toilet. First, I should locate the soapbottle. Since I am in a room with multiple drawers, it is likely that the soapbottle is inside one of them. I should check the",61607, drawers,student,5,9760, relevant,24.25,1.7292456529205413e-12,8.763647230125571e-08,-27.083335876464844
55,54,reasoning 正文,"<reasoning>
I need to put a soapbottle on the toilet. First, I should locate the soapbottle. Since I am in a room with multiple drawers, it is likely that the soapbottle is inside one of them. I should check the",61607, drawers,teacher,5,26482, drawer,26.75,4.721682600461463e-09,9.748902812134475e-06,-19.171100616455078
55,54,reasoning 正文,"<reasoning>
I need to put a soapbottle on the toilet. First, I should locate the soapbottle. Since I am in a room with multiple drawers, it is likely that the soapbottle is inside one of them. I should check the",61607, drawers,student,6,23480, nearest,19.75,9.564187820627207e-16,9.735532380261702e-10,-34.583335876464844
55,54,reasoning 正文,"<reasoning>
I need to put a soapbottle on the toilet. First, I should locate the soapbottle. Since I am in a room with multiple drawers, it is likely that the soapbottle is inside one of them. I should check the",61607, drawers,teacher,6,15614, accessible,23.625,2.5831337069348592e-11,4.283368753021932e-07,-24.379432678222656
55,54,reasoning 正文,"<reasoning>
I need to put a soapbottle on the toilet. First, I should locate the soapbottle. Since I am in a room with multiple drawers, it is likely that the soapbottle is inside one of them. I should check the",61607, drawers,student,7,26643, draws,19.5,6.305116853596367e-16,7.582039440734434e-10,-35.0
55,54,reasoning 正文,"<reasoning>
I need to put a soapbottle on the toilet. First, I should locate the soapbottle. Since I am in a room with multiple drawers, it is likely that the soapbottle is inside one of them. I should check the",61607, drawers,teacher,7,23160, visibility,23.5,2.097334979300758e-11,3.7800597851855855e-07,-24.5877685546875
55,54,reasoning 正文,"<reasoning>
I need to put a soapbottle on the toilet. First, I should locate the soapbottle. Since I am in a room with multiple drawers, it is likely that the soapbottle is inside one of them. I should check the",61607, drawers,student,8,18048, availability,19.5,6.305116853596367e-16,7.582039440734434e-10,-35.0
55,54,reasoning 正文,"<reasoning>
I need to put a soapbottle on the toilet. First, I should locate the soapbottle. Since I am in a room with multiple drawers, it is likely that the soapbottle is inside one of them. I should check the",61607, drawers,teacher,8,23480, nearest,22.625,4.878903270971735e-12,1.5757633775592694e-07,-26.046100616455078
55,54,reasoning 正文,"<reasoning>
I need to put a soapbottle on the toilet. First, I should locate the soapbottle. Since I am in a room with multiple drawers, it is likely that the soapbottle is inside one of them. I should check the",61607, drawers,student,9,4038, draw,19.25,4.156583901567944e-16,5.904898237041323e-10,-35.41666793823242
55,54,reasoning 正文,"<reasoning>
I need to put a soapbottle on the toilet. First, I should locate the soapbottle. Since I am in a room with multiple drawers, it is likely that the soapbottle is inside one of them. I should check the",61607, drawers,teacher,9,34371,_visible,21.25,4.932459063584915e-13,3.9841498988835156e-08,-28.3377685546875
55,54,reasoning 正文,"<reasoning>
I need to put a soapbottle on the toilet. First, I should locate the soapbottle. Since I am in a room with multiple drawers, it is likely that the soapbottle is inside one of them. I should check the",61607, drawers,student,10,15614, accessible,18.75,1.806446255483361e-16,3.5815020393847874e-10,-36.25
55,54,reasoning 正文,"<reasoning>
I need to put a soapbottle on the toilet. First, I should locate the soapbottle. Since I am in a room with multiple drawers, it is likely that the soapbottle is inside one of them. I should check the",61607, drawers,teacher,10,42326, noticeable,21.25,4.932459063584915e-13,3.9841498988835156e-08,-28.3377685546875
56,55,reasoning 正文,"<reasoning>
I need to put a soapbottle on the toilet. First, I should locate the soapbottle. Since I am in a room with multiple drawers, it is likely that the soapbottle is inside one of them. I should check the drawers",311, to,student,1,311, to,35.75,0.7772964835166931,0.6788407564163208,-0.2519334852695465
56,55,reasoning 正文,"<reasoning>
I need to put a soapbottle on the toilet. First, I should locate the soapbottle. Since I am in a room with multiple drawers, it is likely that the soapbottle is inside one of them. I should check the drawers",311, to,teacher,1,825, one,35.25,0.9997444152832031,0.9915517568588257,-0.00025567124248482287
56,55,reasoning 正文,"<reasoning>
I need to put a soapbottle on the toilet. First, I should locate the soapbottle. Since I am in a room with multiple drawers, it is likely that the soapbottle is inside one of them. I should check the drawers",311, to,student,2,825, one,35.0,0.22269916534423828,0.3206616938114166,-1.5019334554672241
56,55,reasoning 正文,"<reasoning>
I need to put a soapbottle on the toilet. First, I should locate the soapbottle. Since I am in a room with multiple drawers, it is likely that the soapbottle is inside one of them. I should check the drawers",311, to,teacher,2,311, to,30.25,0.00024030744680203497,0.006681021302938461,-8.33359146118164
56,55,reasoning 正文,"<reasoning>
I need to put a soapbottle on the toilet. First, I should locate the soapbottle. Since I am in a room with multiple drawers, it is likely that the soapbottle is inside one of them. I should check the drawers",311, to,student,3,94559, sequentially,28.5,4.394024017528864e-06,0.0004820953472517431,-12.335265159606934
56,55,reasoning 正文,"<reasoning>
I need to put a soapbottle on the toilet. First, I should locate the soapbottle. Since I am in a room with multiple drawers, it is likely that the soapbottle is inside one of them. I should check the drawers",311, to,teacher,3,94559, sequentially,28.375,1.0558372196101118e-05,0.0010245678713545203,-11.45859146118164
56,55,reasoning 正文,"<reasoning>
I need to put a soapbottle on the toilet. First, I should locate the soapbottle. Since I am in a room with multiple drawers, it is likely that the soapbottle is inside one of them. I should check the drawers",311, to,student,4,1156, first,24.0,2.4302635459605426e-09,5.355592747946503e-06,-19.83526611328125
56,55,reasoning 正文,"<reasoning>
I need to put a soapbottle on the toilet. First, I should locate the soapbottle. Since I am in a room with multiple drawers, it is likely that the soapbottle is inside one of them. I should check the drawers",311, to,teacher,4,1156, first,27.875,4.588655428960919e-06,0.0006214317982085049,-12.291923522949219
56,55,reasoning 正文,"<reasoning>
I need to put a soapbottle on the toilet. First, I should locate the soapbottle. Since I am in a room with multiple drawers, it is likely that the soapbottle is inside one of them. I should check the drawers",311, to,student,5,5916, starting,23.625,1.3008263355374083e-09,3.6808414733968675e-06,-20.46026611328125
56,55,reasoning 正文,"<reasoning>
I need to put a soapbottle on the toilet. First, I should locate the soapbottle. Since I am in a room with multiple drawers, it is likely that the soapbottle is inside one of them. I should check the drawers",311, to,teacher,5,5916, starting,25.75,1.3291028722051124e-07,7.421948248520494e-05,-15.83359146118164
56,55,reasoning 正文,"<reasoning>
I need to put a soapbottle on the toilet. First, I should locate the soapbottle. Since I am in a room with multiple drawers, it is likely that the soapbottle is inside one of them. I should check the drawers",311, to,student,6,304, in,23.25,6.96282143053395e-10,2.5298029413534096e-06,-21.08526611328125
56,55,reasoning 正文,"<reasoning>
I need to put a soapbottle on the toilet. First, I should locate the soapbottle. Since I am in a room with multiple drawers, it is likely that the soapbottle is inside one of them. I should check the drawers",311, to,teacher,6,304, in,24.125,8.858188849103499e-09,1.4614683095715009e-05,-18.54192352294922
56,55,reasoning 正文,"<reasoning>
I need to put a soapbottle on the toilet. First, I should locate the soapbottle. Since I am in a room with multiple drawers, it is likely that the soapbottle is inside one of them. I should check the drawers",311, to,student,7,59726, systematically,23.125,5.653353341017464e-10,2.2325430109049194e-06,-21.293601989746094
56,55,reasoning 正文,"<reasoning>
I need to put a soapbottle on the toilet. First, I should locate the soapbottle. Since I am in a room with multiple drawers, it is likely that the soapbottle is inside one of them. I should check the drawers",311, to,teacher,7,59726, systematically,24.125,8.858188849103499e-09,1.4614683095715009e-05,-18.54192352294922
56,55,reasoning 正文,"<reasoning>
I need to put a soapbottle on the toilet. First, I should locate the soapbottle. Since I am in a room with multiple drawers, it is likely that the soapbottle is inside one of them. I should check the drawers",311, to,student,8,603,one,21.75,5.715431947161953e-11,5.644753287015192e-07,-23.58526611328125
56,55,reasoning 正文,"<reasoning>
I need to put a soapbottle on the toilet. First, I should locate the soapbottle. Since I am in a room with multiple drawers, it is likely that the soapbottle is inside one of them. I should check the drawers",311, to,teacher,8,3143, near,23.75,4.74144679074584e-09,1.0044514965557028e-05,-19.16692352294922
56,55,reasoning 正文,"<reasoning>
I need to put a soapbottle on the toilet. First, I should locate the soapbottle. Since I am in a room with multiple drawers, it is likely that the soapbottle is inside one of them. I should check the drawers",311, to,student,9,369, for,21.25,2.4839101261941998e-11,3.423716066208726e-07,-24.418601989746094
56,55,reasoning 正文,"<reasoning>
I need to put a soapbottle on the toilet. First, I should locate the soapbottle. Since I am in a room with multiple drawers, it is likely that the soapbottle is inside one of them. I should check the drawers",311, to,teacher,9,11,",",22.25,3.892016431361611e-10,2.2412341422750615e-06,-21.66692352294922
56,55,reasoning 正文,"<reasoning>
I need to put a soapbottle on the toilet. First, I should locate the soapbottle. Since I am in a room with multiple drawers, it is likely that the soapbottle is inside one of them. I should check the drawers",311, to,student,10,11,",",21.125,2.0167794517744753e-11,3.0214187063393183e-07,-24.626934051513672
56,55,reasoning 正文,"<reasoning>
I need to put a soapbottle on the toilet. First, I should locate the soapbottle. Since I am in a room with multiple drawers, it is likely that the soapbottle is inside one of them. I should check the drawers",311, to,teacher,10,603,one,22.25,3.892016431361611e-10,2.2412341422750615e-06,-21.66692352294922
57,56,reasoning 正文,"<reasoning>
I need to put a soapbottle on the toilet. First, I should locate the soapbottle. Since I am in a room with multiple drawers, it is likely that the soapbottle is inside one of them. I should check the drawers to",1477, find,student,1,1477, find,48.75,1.0,0.999995231628418,0.0
57,56,reasoning 正文,"<reasoning>
I need to put a soapbottle on the toilet. First, I should locate the soapbottle. Since I am in a room with multiple drawers, it is likely that the soapbottle is inside one of them. I should check the drawers to",1477, find,teacher,1,1477, find,46.75,1.0,0.9999785423278809,0.0
57,56,reasoning 正文,"<reasoning>
I need to put a soapbottle on the toilet. First, I should locate the soapbottle. Since I am in a room with multiple drawers, it is likely that the soapbottle is inside one of them. I should check the drawers to",1477, find,student,2,1490, see,36.5,1.3587944103221616e-09,4.785094461112749e-06,-20.416667938232422
57,56,reasoning 正文,"<reasoning>
I need to put a soapbottle on the toilet. First, I should locate the soapbottle. Since I am in a room with multiple drawers, it is likely that the soapbottle is inside one of them. I should check the drawers to",1477, find,teacher,2,1490, see,36.0,1.6553567405708236e-08,2.1444959202199243e-05,-17.916664123535156
57,56,reasoning 正文,"<reasoning>
I need to put a soapbottle on the toilet. First, I should locate the soapbottle. Since I am in a room with multiple drawers, it is likely that the soapbottle is inside one of them. I should check the drawers to",1477, find,student,3,3903,find,31.375,2.6518839750001855e-13,2.8453237987946522e-08,-28.958335876464844
57,56,reasoning 正文,"<reasoning>
I need to put a soapbottle on the toilet. First, I should locate the soapbottle. Since I am in a room with multiple drawers, it is likely that the soapbottle is inside one of them. I should check the drawers to",1477, find,teacher,3,3903,find,29.25,2.1531719820739453e-13,2.5109462953309958e-08,-29.166664123535156
57,56,reasoning 正文,"<reasoning>
I need to put a soapbottle on the toilet. First, I should locate the soapbottle. Since I am in a room with multiple drawers, it is likely that the soapbottle is inside one of them. I should check the drawers to",1477, find,student,4,2658,.find,29.375,9.46034158129383e-15,3.850727292586953e-09,-32.29166793823242
57,56,reasoning 正文,"<reasoning>
I need to put a soapbottle on the toilet. First, I should locate the soapbottle. Since I am in a room with multiple drawers, it is likely that the soapbottle is inside one of them. I should check the drawers to",1477, find,teacher,4,24523, locate,28.0,2.6810039512872516e-14,7.193982298758783e-09,-31.25
57,56,reasoning 正文,"<reasoning>
I need to put a soapbottle on the toilet. First, I should locate the soapbottle. Since I am in a room with multiple drawers, it is likely that the soapbottle is inside one of them. I should check the drawers to",1477, find,student,5,24523, locate,28.5,2.200702134766289e-15,1.605221844336313e-09,-33.75
57,56,reasoning 正文,"<reasoning>
I need to put a soapbottle on the toilet. First, I should locate the soapbottle. Since I am in a room with multiple drawers, it is likely that the soapbottle is inside one of them. I should check the drawers to",1477, find,teacher,5,2658,.find,27.5,1.1651609886610074e-14,4.36337055376157e-09,-32.08333206176758
57,56,reasoning 正文,"<reasoning>
I need to put a soapbottle on the toilet. First, I should locate the soapbottle. Since I am in a room with multiple drawers, it is likely that the soapbottle is inside one of them. I should check the drawers to",1477, find,student,6,13719, finds,27.875,7.765521298066581e-16,8.592133116103184e-10,-34.79166793823242
57,56,reasoning 正文,"<reasoning>
I need to put a soapbottle on the toilet. First, I should locate the soapbottle. Since I am in a room with multiple drawers, it is likely that the soapbottle is inside one of them. I should check the drawers to",1477, find,teacher,6,2711, search,26.75,3.3382421836986335e-15,2.0611103934697894e-09,-33.33333206176758
57,56,reasoning 正文,"<reasoning>
I need to put a soapbottle on the toilet. First, I should locate the soapbottle. Since I am in a room with multiple drawers, it is likely that the soapbottle is inside one of them. I should check the drawers to",1477, find,student,7,7379, Find,27.375,3.37488578190892e-16,5.211392428705608e-10,-35.625
57,56,reasoning 正文,"<reasoning>
I need to put a soapbottle on the toilet. First, I should locate the soapbottle. Since I am in a room with multiple drawers, it is likely that the soapbottle is inside one of them. I should check the drawers to",1477, find,teacher,7,1401, look,26.25,1.450795808595679e-15,1.250126668850271e-09,-34.166664123535156
57,56,reasoning 正文,"<reasoning>
I need to put a soapbottle on the toilet. First, I should locate the soapbottle. Since I am in a room with multiple drawers, it is likely that the soapbottle is inside one of them. I should check the drawers to",1477, find,student,8,9271, finding,27.375,3.37488578190892e-16,5.211392428705608e-10,-35.625
57,56,reasoning 正文,"<reasoning>
I need to put a soapbottle on the toilet. First, I should locate the soapbottle. Since I am in a room with multiple drawers, it is likely that the soapbottle is inside one of them. I should check the drawers to",1477, find,teacher,8,13719, finds,25.875,7.765550944219734e-16,8.591986566663934e-10,-34.791664123535156
57,56,reasoning 正文,"<reasoning>
I need to put a soapbottle on the toilet. First, I should locate the soapbottle. Since I am in a room with multiple drawers, it is likely that the soapbottle is inside one of them. I should check the drawers to",1477, find,student,9,101958,找到,26.5,7.850762591062415e-17,2.1724315402149585e-10,-37.083335876464844
57,56,reasoning 正文,"<reasoning>
I need to put a soapbottle on the toilet. First, I should locate the soapbottle. Since I am in a room with multiple drawers, it is likely that the soapbottle is inside one of them. I should check the drawers to",1477, find,teacher,9,7379, Find,25.625,5.1193601952954e-16,6.691445730844237e-10,-35.20833206176758
57,56,reasoning 正文,"<reasoning>
I need to put a soapbottle on the toilet. First, I should locate the soapbottle. Since I am in a room with multiple drawers, it is likely that the soapbottle is inside one of them. I should check the drawers to",1477, find,student,10,33943,(find,25.875,2.7702750207350052e-17,1.1628188689716268e-10,-38.125
57,56,reasoning 正文,"<reasoning>
I need to put a soapbottle on the toilet. First, I should locate the soapbottle. Since I am in a room with multiple drawers, it is likely that the soapbottle is inside one of them. I should check the drawers to",1477, find,teacher,10,9271, finding,25.5,4.156599518737909e-16,5.905180233689578e-10,-35.416664123535156
58,57,reasoning 正文,"<reasoning>
I need to put a soapbottle on the toilet. First, I should locate the soapbottle. Since I am in a room with multiple drawers, it is likely that the soapbottle is inside one of them. I should check the drawers to find",279, the,student,1,279, the,49.5,1.0,0.9999993443489075,0.0
58,57,reasoning 正文,"<reasoning>
I need to put a soapbottle on the toilet. First, I should locate the soapbottle. Since I am in a room with multiple drawers, it is likely that the soapbottle is inside one of them. I should check the drawers to find",279, the,teacher,1,279, the,48.75,0.9999963045120239,0.9994471669197083,-3.6954811548639555e-06
58,57,reasoning 正文,"<reasoning>
I need to put a soapbottle on the toilet. First, I should locate the soapbottle. Since I am in a room with multiple drawers, it is likely that the soapbottle is inside one of them. I should check the drawers to find",279, the,student,2,432, it,35.25,4.8473686869998645e-11,6.475945610873168e-07,-23.75
58,57,reasoning 正文,"<reasoning>
I need to put a soapbottle on the toilet. First, I should locate the soapbottle. Since I am in a room with multiple drawers, it is likely that the soapbottle is inside one of them. I should check the drawers to find",279, the,teacher,2,432, it,41.25,3.726638851730968e-06,0.0005527785397134721,-12.500003814697266
58,57,reasoning 正文,"<reasoning>
I need to put a soapbottle on the toilet. First, I should locate the soapbottle. Since I am in a room with multiple drawers, it is likely that the soapbottle is inside one of them. I should check the drawers to find",279, the,student,3,1380, where,25.875,7.936970858194324e-18,5.4927885156930145e-11,-39.375
58,57,reasoning 正文,"<reasoning>
I need to put a soapbottle on the toilet. First, I should locate the soapbottle. Since I am in a room with multiple drawers, it is likely that the soapbottle is inside one of them. I should check the drawers to find",279, the,teacher,3,264, a,28.875,4.1114369396001715e-15,2.334301640871672e-09,-33.125003814697266
58,57,reasoning 正文,"<reasoning>
I need to put a soapbottle on the toilet. First, I should locate the soapbottle. Since I am in a room with multiple drawers, it is likely that the soapbottle is inside one of them. I should check the drawers to find",279, the,student,4,264, a,25.0,1.846322548319399e-18,2.2897348947448215e-11,-40.833335876464844
58,57,reasoning 正文,"<reasoning>
I need to put a soapbottle on the toilet. First, I should locate the soapbottle. Since I am in a room with multiple drawers, it is likely that the soapbottle is inside one of them. I should check the drawers to find",279, the,teacher,4,1782,the,21.5,1.8870787969250463e-20,1.4629690688050534e-12,-45.41667175292969
58,57,reasoning 正文,"<reasoning>
I need to put a soapbottle on the toilet. First, I should locate the soapbottle. Since I am in a room with multiple drawers, it is likely that the soapbottle is inside one of them. I should check the drawers to find",279, the,student,5,1782,the,22.625,3.525541029046464e-20,2.1297852804275097e-12,-44.79166793823242
58,57,reasoning 正文,"<reasoning>
I need to put a soapbottle on the toilet. First, I should locate the soapbottle. Since I am in a room with multiple drawers, it is likely that the soapbottle is inside one of them. I should check the drawers to find",279, the,teacher,5,825, one,21.375,1.532189879806241e-20,1.2910656701711765e-12,-45.625003814697266
58,57,reasoning 正文,"<reasoning>
I need to put a soapbottle on the toilet. First, I should locate the soapbottle. Since I am in a room with multiple drawers, it is likely that the soapbottle is inside one of them. I should check the drawers to find",279, the,student,6,26785, soap,18.5,3.642933470128579e-23,3.4424770840998584e-14,-51.66666793823242
58,57,reasoning 正文,"<reasoning>
I need to put a soapbottle on the toilet. First, I should locate the soapbottle. Since I am in a room with multiple drawers, it is likely that the soapbottle is inside one of them. I should check the drawers to find",279, the,teacher,6,1380, where,21.375,1.532189879806241e-20,1.2910656701711765e-12,-45.625003814697266
58,57,reasoning 正文,"<reasoning>
I need to put a soapbottle on the toilet. First, I should locate the soapbottle. Since I am in a room with multiple drawers, it is likely that the soapbottle is inside one of them. I should check the drawers to find",279, the,student,7,458, an,17.75,1.043717882326402e-23,1.62611098224923e-14,-52.91666793823242
58,57,reasoning 正文,"<reasoning>
I need to put a soapbottle on the toilet. First, I should locate the soapbottle. Since I am in a room with multiple drawers, it is likely that the soapbottle is inside one of them. I should check the drawers to find",279, the,teacher,7,99652,它,19.875,1.2576980310765098e-21,2.8807568852075305e-13,-48.125003814697266
58,57,reasoning 正文,"<reasoning>
I need to put a soapbottle on the toilet. First, I should locate the soapbottle. Since I am in a room with multiple drawers, it is likely that the soapbottle is inside one of them. I should check the drawers to find",279, the,student,8,419, this,16.875,2.4279377530731837e-24,6.7786390819349774e-15,-54.375
58,57,reasoning 正文,"<reasoning>
I need to put a soapbottle on the toilet. First, I should locate the soapbottle. Since I am in a room with multiple drawers, it is likely that the soapbottle is inside one of them. I should check the drawers to find",279, the,teacher,8,458, an,19.75,1.0211681986873508e-21,2.5422589380874605e-13,-48.33333969116211
58,57,reasoning 正文,"<reasoning>
I need to put a soapbottle on the toilet. First, I should locate the soapbottle. Since I am in a room with multiple drawers, it is likely that the soapbottle is inside one of them. I should check the drawers to find",279, the,student,9,421, if,16.5,1.2995814853898995e-24,4.658885768355414e-15,-55.0
58,57,reasoning 正文,"<reasoning>
I need to put a soapbottle on the toilet. First, I should locate the soapbottle. Since I am in a room with multiple drawers, it is likely that the soapbottle is inside one of them. I should check the drawers to find",279, the,teacher,9,419, this,18.25,8.382259274035702e-23,5.672546782883696e-14,-50.83333969116211
58,57,reasoning 正文,"<reasoning>
I need to put a soapbottle on the toilet. First, I should locate the soapbottle. Since I am in a room with multiple drawers, it is likely that the soapbottle is inside one of them. I should check the drawers to find",279, the,student,10,1181, its,16.5,1.2995814853898995e-24,4.658885768355414e-15,-55.0
58,57,reasoning 正文,"<reasoning>
I need to put a soapbottle on the toilet. First, I should locate the soapbottle. Since I am in a room with multiple drawers, it is likely that the soapbottle is inside one of them. I should check the drawers to find",279, the,teacher,10,1084, It,17.625,2.9578222889847865e-23,3.036295309144857e-14,-51.875003814697266
59,58,reasoning 正文,"<reasoning>
I need to put a soapbottle on the toilet. First, I should locate the soapbottle. Since I am in a room with multiple drawers, it is likely that the soapbottle is inside one of them. I should check the drawers to find the",26785, soap,student,1,26785, soap,47.5,1.0,0.9999993443489075,0.0
59,58,reasoning 正文,"<reasoning>
I need to put a soapbottle on the toilet. First, I should locate the soapbottle. Since I am in a room with multiple drawers, it is likely that the soapbottle is inside one of them. I should check the drawers to find the",26785, soap,teacher,1,26785, soap,47.5,1.0,0.9999996423721313,0.0
59,58,reasoning 正文,"<reasoning>
I need to put a soapbottle on the toilet. First, I should locate the soapbottle. Since I am in a room with multiple drawers, it is likely that the soapbottle is inside one of them. I should check the drawers to find the",26785, soap,student,2,35012,soap,33.25,4.8473686869998645e-11,6.475945610873168e-07,-23.75
59,58,reasoning 正文,"<reasoning>
I need to put a soapbottle on the toilet. First, I should locate the soapbottle. Since I am in a room with multiple drawers, it is likely that the soapbottle is inside one of them. I should check the drawers to find the",26785, soap,teacher,2,35012,soap,32.75,2.106660505762914e-11,3.92786347447327e-07,-24.583332061767578
59,58,reasoning 正文,"<reasoning>
I need to put a soapbottle on the toilet. First, I should locate the soapbottle. Since I am in a room with multiple drawers, it is likely that the soapbottle is inside one of them. I should check the drawers to find the",26785, soap,student,3,114765,皂,28.25,1.1651609886610074e-14,4.363462480228009e-09,-32.08333206176758
59,58,reasoning 正文,"<reasoning>
I need to put a soapbottle on the toilet. First, I should locate the soapbottle. Since I am in a room with multiple drawers, it is likely that the soapbottle is inside one of them. I should check the drawers to find the",26785, soap,teacher,3,114765,皂,27.75,5.063775140439495e-15,2.646573848963385e-09,-32.916664123535156
59,58,reasoning 正文,"<reasoning>
I need to put a soapbottle on the toilet. First, I should locate the soapbottle. Since I am in a room with multiple drawers, it is likely that the soapbottle is inside one of them. I should check the drawers to find the",26785, soap,student,4,60631, Soap,26.25,4.156599518737909e-16,5.905304023556823e-10,-35.416664123535156
59,58,reasoning 正文,"<reasoning>
I need to put a soapbottle on the toilet. First, I should locate the soapbottle. Since I am in a room with multiple drawers, it is likely that the soapbottle is inside one of them. I should check the drawers to find the",26785, soap,teacher,4,60631, Soap,26.0,2.7401957888995964e-16,4.5990555808117506e-10,-35.83333206176758
59,58,reasoning 正文,"<reasoning>
I need to put a soapbottle on the toilet. First, I should locate the soapbottle. Since I am in a room with multiple drawers, it is likely that the soapbottle is inside one of them. I should check the drawers to find the",26785, soap,student,5,95531,Soap,25.125,6.374352400262648e-17,1.917171560394948e-10,-37.291664123535156
59,58,reasoning 正文,"<reasoning>
I need to put a soapbottle on the toilet. First, I should locate the soapbottle. Since I am in a room with multiple drawers, it is likely that the soapbottle is inside one of them. I should check the drawers to find the",26785, soap,teacher,5,19174, soup,25.375,9.66920997991939e-17,2.4616969573898473e-10,-36.875
59,58,reasoning 正文,"<reasoning>
I need to put a soapbottle on the toilet. First, I should locate the soapbottle. Since I am in a room with multiple drawers, it is likely that the soapbottle is inside one of them. I should check the drawers to find the",26785, soap,student,6,19174, soup,25.0,5.175554941819762e-17,1.6918980105806725e-10,-37.5
59,58,reasoning 正文,"<reasoning>
I need to put a soapbottle on the toilet. First, I should locate the soapbottle. Since I am in a room with multiple drawers, it is likely that the soapbottle is inside one of them. I should check the drawers to find the",26785, soap,teacher,6,95531,Soap,25.25,7.850792369564467e-17,2.1724398668876432e-10,-37.08333206176758
59,58,reasoning 正文,"<reasoning>
I need to put a soapbottle on the toilet. First, I should locate the soapbottle. Since I am in a room with multiple drawers, it is likely that the soapbottle is inside one of them. I should check the drawers to find the",26785, soap,student,7,63232, SOAP,23.0,1.8463295793546055e-18,2.2897348947448215e-11,-40.83333206176758
59,58,reasoning 正文,"<reasoning>
I need to put a soapbottle on the toilet. First, I should locate the soapbottle. Since I am in a room with multiple drawers, it is likely that the soapbottle is inside one of them. I should check the drawers to find the",26785, soap,teacher,7,63232, SOAP,22.0,3.4872613721194976e-19,8.423464183116014e-12,-42.5
59,58,reasoning 正文,"<reasoning>
I need to put a soapbottle on the toilet. First, I should locate the soapbottle. Since I am in a room with multiple drawers, it is likely that the soapbottle is inside one of them. I should check the drawers to find the",26785, soap,student,8,28739, soy,21.125,8.112206149982145e-20,3.511422055901825e-12,-43.95833206176758
59,58,reasoning 正文,"<reasoning>
I need to put a soapbottle on the toilet. First, I should locate the soapbottle. Since I am in a room with multiple drawers, it is likely that the soapbottle is inside one of them. I should check the drawers to find the",26785, soap,teacher,8,16486, bottle,20.5,2.862518609581133e-20,1.879528650772233e-12,-45.0
59,58,reasoning 正文,"<reasoning>
I need to put a soapbottle on the toilet. First, I should locate the soapbottle. Since I am in a room with multiple drawers, it is likely that the soapbottle is inside one of them. I should check the drawers to find the",26785, soap,student,9,31083, foam,20.0,1.244047006419649e-20,1.1399918552548738e-12,-45.83333206176758
59,58,reasoning 正文,"<reasoning>
I need to put a soapbottle on the toilet. First, I should locate the soapbottle. Since I am in a room with multiple drawers, it is likely that the soapbottle is inside one of them. I should check the drawers to find the",26785, soap,teacher,9,28739, soy,20.25,1.8870933372092514e-20,1.4637784257268138e-12,-45.416664123535156
59,58,reasoning 正文,"<reasoning>
I need to put a soapbottle on the toilet. First, I should locate the soapbottle. Since I am in a room with multiple drawers, it is likely that the soapbottle is inside one of them. I should check the drawers to find the",26785, soap,student,10,11087, sock,19.625,6.658904097454174e-21,7.835042293777295e-13,-46.45833206176758
59,58,reasoning 正文,"<reasoning>
I need to put a soapbottle on the toilet. First, I should locate the soapbottle. Since I am in a room with multiple drawers, it is likely that the soapbottle is inside one of them. I should check the drawers to find the",26785, soap,teacher,10,11087, sock,20.125,1.532195695919923e-20,1.29177994256241e-12,-45.625
60,59,reasoning 正文,"<reasoning>
I need to put a soapbottle on the toilet. First, I should locate the soapbottle. Since I am in a room with multiple drawers, it is likely that the soapbottle is inside one of them. I should check the drawers to find the soap",65,b,student,1,65,b,58.0,1.0,1.0,0.0
60,59,reasoning 正文,"<reasoning>
I need to put a soapbottle on the toilet. First, I should locate the soapbottle. Since I am in a room with multiple drawers, it is likely that the soapbottle is inside one of them. I should check the drawers to find the soap",65,b,teacher,1,65,b,58.5,1.0,1.0,0.0
60,59,reasoning 正文,"<reasoning>
I need to put a soapbottle on the toilet. First, I should locate the soapbottle. Since I am in a room with multiple drawers, it is likely that the soapbottle is inside one of them. I should check the drawers to find the soap",65,b,student,2,16486, bottle,32.75,5.289822602216026e-19,1.0815941892117209e-11,-42.08333206176758
60,59,reasoning 正文,"<reasoning>
I need to put a soapbottle on the toilet. First, I should locate the soapbottle. Since I am in a room with multiple drawers, it is likely that the soapbottle is inside one of them. I should check the drawers to find the soap",65,b,teacher,2,16486, bottle,35.25,1.482821336855421e-17,7.99195987166712e-11,-38.75
60,59,reasoning 正文,"<reasoning>
I need to put a soapbottle on the toilet. First, I should locate the soapbottle. Since I am in a room with multiple drawers, it is likely that the soapbottle is inside one of them. I should check the drawers to find the soap",65,b,student,3,100822,瓶,29.5,2.3496982145267235e-21,4.1937956471276017e-13,-47.5
60,59,reasoning 正文,"<reasoning>
I need to put a soapbottle on the toilet. First, I should locate the soapbottle. Since I am in a room with multiple drawers, it is likely that the soapbottle is inside one of them. I should check the drawers to find the soap",65,b,teacher,3,100822,瓶,31.25,1.8870860670671488e-20,1.4637784257268138e-12,-45.41666793823242
60,59,reasoning 正文,"<reasoning>
I need to put a soapbottle on the toilet. First, I should locate the soapbottle. Since I am in a room with multiple drawers, it is likely that the soapbottle is inside one of them. I should check the drawers to find the soap",65,b,student,4,77489,bubble,25.0,1.2995814853898995e-24,4.658885768355414e-15,-55.0
60,59,reasoning 正文,"<reasoning>
I need to put a soapbottle on the toilet. First, I should locate the soapbottle. Since I am in a room with multiple drawers, it is likely that the soapbottle is inside one of them. I should check the drawers to find the soap",65,b,teacher,4,53985, Bottle,25.625,1.6005931560594833e-24,5.279209923760627e-15,-54.79166793823242
60,59,reasoning 正文,"<reasoning>
I need to put a soapbottle on the toilet. First, I should locate the soapbottle. Since I am in a room with multiple drawers, it is likely that the soapbottle is inside one of them. I should check the drawers to find the soap",65,b,student,5,53985, Bottle,23.875,1.9929727675316408e-25,1.5125188877038631e-15,-56.875
60,59,reasoning 正文,"<reasoning>
I need to put a soapbottle on the toilet. First, I should locate the soapbottle. Since I am in a room with multiple drawers, it is likely that the soapbottle is inside one of them. I should check the drawers to find the soap",65,b,teacher,5,77489,bubble,24.625,3.0231262556180967e-25,1.9421125050902077e-15,-56.458335876464844
60,59,reasoning 正文,"<reasoning>
I need to put a soapbottle on the toilet. First, I should locate the soapbottle. Since I am in a room with multiple drawers, it is likely that the soapbottle is inside one of them. I should check the drawers to find the soap",65,b,student,6,33,B,23.125,5.709962586454673e-26,7.144633971630562e-16,-58.125
60,59,reasoning 正文,"<reasoning>
I need to put a soapbottle on the toilet. First, I should locate the soapbottle. Since I am in a room with multiple drawers, it is likely that the soapbottle is inside one of them. I should check the drawers to find the soap",65,b,teacher,6,33,B,23.125,2.4815331540261498e-26,4.3334390869987217e-16,-58.958335876464844
60,59,reasoning 正文,"<reasoning>
I need to put a soapbottle on the toilet. First, I should locate the soapbottle. Since I am in a room with multiple drawers, it is likely that the soapbottle is inside one of them. I should check the drawers to find the soap",65,b,student,7,2011,box,22.375,1.63593157930437e-26,3.37488578190892e-16,-59.375
60,59,reasoning 正文,"<reasoning>
I need to put a soapbottle on the toilet. First, I should locate the soapbottle. Since I am in a room with multiple drawers, it is likely that the soapbottle is inside one of them. I should check the drawers to find the soap",65,b,teacher,7,92918,bote,22.875,1.63593157930437e-26,3.37488578190892e-16,-59.375
60,59,reasoning 正文,"<reasoning>
I need to put a soapbottle on the toilet. First, I should locate the soapbottle. Since I am in a room with multiple drawers, it is likely that the soapbottle is inside one of them. I should check the drawers to find the soap",65,b,student,8,6331,bot,21.75,5.77266262246376e-27,1.806446255483361e-16,-60.416664123535156
60,59,reasoning 正文,"<reasoning>
I need to put a soapbottle on the toilet. First, I should locate the soapbottle. Since I am in a room with multiple drawers, it is likely that the soapbottle is inside one of them. I should check the drawers to find the soap",65,b,teacher,8,6331,bot,22.75,1.3282688929203757e-26,2.978326396525934e-16,-59.583335876464844
60,59,reasoning 正文,"<reasoning>
I need to put a soapbottle on the toilet. First, I should locate the soapbottle. Since I am in a room with multiple drawers, it is likely that the soapbottle is inside one of them. I should check the drawers to find the soap",65,b,student,9,9923,б,21.75,5.77266262246376e-27,1.806446255483361e-16,-60.416664123535156
60,59,reasoning 正文,"<reasoning>
I need to put a soapbottle on the toilet. First, I should locate the soapbottle. Since I am in a room with multiple drawers, it is likely that the soapbottle is inside one of them. I should check the drawers to find the soap",65,b,teacher,9,2011,box,22.5,8.75651089272076e-27,2.3195229636950566e-16,-60.0
60,59,reasoning 正文,"<reasoning>
I need to put a soapbottle on the toilet. First, I should locate the soapbottle. Since I am in a room with multiple drawers, it is likely that the soapbottle is inside one of them. I should check the drawers to find the soap",65,b,student,10,21360,ب,21.5,3.805568621817169e-27,1.406861771338595e-16,-60.83333206176758
60,59,reasoning 正文,"<reasoning>
I need to put a soapbottle on the toilet. First, I should locate the soapbottle. Since I am in a room with multiple drawers, it is likely that the soapbottle is inside one of them. I should check the drawers to find the soap",65,b,teacher,10,87838, bottleneck,22.5,8.75651089272076e-27,2.3195229636950566e-16,-60.0
61,60,reasoning 正文,"<reasoning>
I need to put a soapbottle on the toilet. First, I should locate the soapbottle. Since I am in a room with multiple drawers, it is likely that the soapbottle is inside one of them. I should check the drawers to find the soapb",62118,ottle,student,1,62118,ottle,41.25,1.0,0.9999997615814209,0.0
61,60,reasoning 正文,"<reasoning>
I need to put a soapbottle on the toilet. First, I should locate the soapbottle. Since I am in a room with multiple drawers, it is likely that the soapbottle is inside one of them. I should check the drawers to find the soapb",62118,ottle,teacher,1,62118,ottle,41.75,1.0,0.9999997615814209,0.0
61,60,reasoning 正文,"<reasoning>
I need to put a soapbottle on the toilet. First, I should locate the soapbottle. Since I am in a room with multiple drawers, it is likely that the soapbottle is inside one of them. I should check the drawers to find the soapb",62118,ottle,student,2,1716,ott,26.125,1.1276098110801769e-11,2.699578374176781e-07,-25.208335876464844
61,60,reasoning 正文,"<reasoning>
I need to put a soapbottle on the toilet. First, I should locate the soapbottle. Since I am in a room with multiple drawers, it is likely that the soapbottle is inside one of them. I should check the drawers to find the soapb",62118,ottle,teacher,2,1716,ott,26.25,6.035706223012083e-12,1.8553915026586765e-07,-25.833328247070312
61,60,reasoning 正文,"<reasoning>
I need to put a soapbottle on the toilet. First, I should locate the soapbottle. Since I am in a room with multiple drawers, it is likely that the soapbottle is inside one of them. I should check the drawers to find the soapb",62118,ottle,student,3,9605,owl,20.625,1.1779508261755447e-15,1.1032560420787263e-09,-34.375
61,60,reasoning 正文,"<reasoning>
I need to put a soapbottle on the toilet. First, I should locate the soapbottle. Since I am in a room with multiple drawers, it is likely that the soapbottle is inside one of them. I should check the drawers to find the soapb",62118,ottle,teacher,3,9605,owl,22.25,7.681234425913844e-15,3.3982678893096363e-09,-32.499996185302734
61,60,reasoning 正文,"<reasoning>
I need to put a soapbottle on the toilet. First, I should locate the soapbottle. Since I am in a room with multiple drawers, it is likely that the soapbottle is inside one of them. I should check the drawers to find the soapb",62118,ottle,student,4,55975,uckle,19.625,2.224859090905508e-16,4.05865202557365e-10,-36.04166793823242
61,60,reasoning 正文,"<reasoning>
I need to put a soapbottle on the toilet. First, I should locate the soapbottle. Since I am in a room with multiple drawers, it is likely that the soapbottle is inside one of them. I should check the drawers to find the soapb",62118,ottle,teacher,4,55975,uckle,20.125,2.2248675612349805e-16,4.05865202557365e-10,-36.041664123535156
61,60,reasoning 正文,"<reasoning>
I need to put a soapbottle on the toilet. First, I should locate the soapbottle. Since I am in a room with multiple drawers, it is likely that the soapbottle is inside one of them. I should check the drawers to find the soapb",62118,ottle,student,5,1272,ote,19.5,1.806446255483361e-16,3.581747953784742e-10,-36.25
61,60,reasoning 正文,"<reasoning>
I need to put a soapbottle on the toilet. First, I should locate the soapbottle. Since I am in a room with multiple drawers, it is likely that the soapbottle is inside one of them. I should check the drawers to find the soapb",62118,ottle,teacher,5,1272,ote,19.75,1.1908857074943875e-16,2.789468100949932e-10,-36.666664123535156
61,60,reasoning 正文,"<reasoning>
I need to put a soapbottle on the toilet. First, I should locate the soapbottle. Since I am in a room with multiple drawers, it is likely that the soapbottle is inside one of them. I should check the drawers to find the soapb",62118,ottle,student,6,57639,otty,19.25,1.1908812076318553e-16,2.789468100949932e-10,-36.66666793823242
61,60,reasoning 正文,"<reasoning>
I need to put a soapbottle on the toilet. First, I should locate the soapbottle. Since I am in a room with multiple drawers, it is likely that the soapbottle is inside one of them. I should check the drawers to find the soapb",62118,ottle,teacher,6,2133,oute,19.625,9.669246375866342e-17,2.4616969573898473e-10,-36.874996185302734
61,60,reasoning 正文,"<reasoning>
I need to put a soapbottle on the toilet. First, I should locate the soapbottle. Since I am in a room with multiple drawers, it is likely that the soapbottle is inside one of them. I should check the drawers to find the soapb",62118,ottle,student,7,2133,oute,19.0,7.850762591062415e-17,2.1724398668876432e-10,-37.083335876464844
61,60,reasoning 正文,"<reasoning>
I need to put a soapbottle on the toilet. First, I should locate the soapbottle. Since I am in a room with multiple drawers, it is likely that the soapbottle is inside one of them. I should check the drawers to find the soapb",62118,ottle,teacher,7,57639,otty,19.125,4.202242617019646e-17,1.493094675675266e-10,-37.70832824707031
61,60,reasoning 正文,"<reasoning>
I need to put a soapbottle on the toilet. First, I should locate the soapbottle. Since I am in a room with multiple drawers, it is likely that the soapbottle is inside one of them. I should check the drawers to find the soapb",62118,ottle,student,8,50526,otle,18.75,5.175554941819762e-17,1.6918980105806725e-10,-37.5
61,60,reasoning 正文,"<reasoning>
I need to put a soapbottle on the toilet. First, I should locate the soapbottle. Since I am in a room with multiple drawers, it is likely that the soapbottle is inside one of them. I should check the drawers to find the soapb",62118,ottle,teacher,8,50526,otle,19.0,3.411944664491378e-17,1.3176514046531196e-10,-37.916664123535156
61,60,reasoning 正文,"<reasoning>
I need to put a soapbottle on the toilet. First, I should locate the soapbottle. Since I am in a room with multiple drawers, it is likely that the soapbottle is inside one of them. I should check the drawers to find the soapb",62118,ottle,student,9,2450,ought,17.625,7.936970858194324e-18,5.4927885156930145e-11,-39.375
61,60,reasoning 正文,"<reasoning>
I need to put a soapbottle on the toilet. First, I should locate the soapbottle. Since I am in a room with multiple drawers, it is likely that the soapbottle is inside one of them. I should check the drawers to find the soapb",62118,ottle,teacher,9,2450,ought,18.375,1.2039626223418506e-17,7.052879807956103e-11,-38.95832824707031
61,60,reasoning 正文,"<reasoning>
I need to put a soapbottle on the toilet. First, I should locate the soapbottle. Since I am in a room with multiple drawers, it is likely that the soapbottle is inside one of them. I should check the drawers to find the soapb",62118,ottle,student,10,460,ore,17.375,5.2323669470608226e-18,4.2777878461741636e-11,-39.79166793823242
61,60,reasoning 正文,"<reasoning>
I need to put a soapbottle on the toilet. First, I should locate the soapbottle. Since I am in a room with multiple drawers, it is likely that the soapbottle is inside one of them. I should check the drawers to find the soapb",62118,ottle,teacher,10,460,ore,18.0,6.44434743108015e-18,4.8473686869998645e-11,-39.58332824707031
62,61,reasoning 正文,"<reasoning>
I need to put a soapbottle on the toilet. First, I should locate the soapbottle. Since I am in a room with multiple drawers, it is likely that the soapbottle is inside one of them. I should check the drawers to find the soapbottle",13,.,student,1,13,.,46.25,0.9999545812606812,0.9975274205207825,-4.541770613286644e-05
62,61,reasoning 正文,"<reasoning>
I need to put a soapbottle on the toilet. First, I should locate the soapbottle. Since I am in a room with multiple drawers, it is likely that the soapbottle is inside one of them. I should check the drawers to find the soapbottle",13,.,teacher,1,13,.,47.75,1.0,0.9999998807907104,0.0
62,61,reasoning 正文,"<reasoning>
I need to put a soapbottle on the toilet. First, I should locate the soapbottle. Since I am in a room with multiple drawers, it is likely that the soapbottle is inside one of them. I should check the drawers to find the soapbottle",13,.,student,2,382,".

",40.25,4.5397850044537336e-05,0.0024726230185478926,-10.000045776367188
62,61,reasoning 正文,"<reasoning>
I need to put a soapbottle on the toilet. First, I should locate the soapbottle. Since I am in a room with multiple drawers, it is likely that the soapbottle is inside one of them. I should check the drawers to find the soapbottle",13,.,teacher,2,624,".
",31.875,3.2306809137627734e-12,1.275190584237862e-07,-26.458328247070312
62,61,reasoning 正文,"<reasoning>
I need to put a soapbottle on the toilet. First, I should locate the soapbottle. Since I am in a room with multiple drawers, it is likely that the soapbottle is inside one of them. I should check the drawers to find the soapbottle",13,.,student,3,624,".
",27.25,1.767350168665506e-14,5.588942642020811e-09,-31.666709899902344
62,61,reasoning 正文,"<reasoning>
I need to put a soapbottle on the toilet. First, I should locate the soapbottle. Since I am in a room with multiple drawers, it is likely that the soapbottle is inside one of them. I should check the drawers to find the soapbottle",13,.,teacher,3,382,".

",29.75,9.357658826416801e-14,1.5229980832032197e-08,-29.999996185302734
62,61,reasoning 正文,"<reasoning>
I need to put a soapbottle on the toilet. First, I should locate the soapbottle. Since I am in a room with multiple drawers, it is likely that the soapbottle is inside one of them. I should check the drawers to find the soapbottle",13,.,student,4,1156, first,24.0,7.850462820808426e-17,2.1670683303387506e-10,-37.0833740234375
62,61,reasoning 正文,"<reasoning>
I need to put a soapbottle on the toilet. First, I should locate the soapbottle. Since I am in a room with multiple drawers, it is likely that the soapbottle is inside one of them. I should check the drawers to find the soapbottle",13,.,teacher,4,1156, first,28.375,9.460377156677614e-15,3.850741947530878e-09,-32.291664123535156
62,61,reasoning 正文,"<reasoning>
I need to put a soapbottle on the toilet. First, I should locate the soapbottle. Since I am in a room with multiple drawers, it is likely that the soapbottle is inside one of them. I should check the drawers to find the soapbottle",13,.,student,5,323, and,22.25,4.2481758737166545e-18,3.765799824750893e-11,-40.00004196166992
62,61,reasoning 正文,"<reasoning>
I need to put a soapbottle on the toilet. First, I should locate the soapbottle. Since I am in a room with multiple drawers, it is likely that the soapbottle is inside one of them. I should check the drawers to find the soapbottle",13,.,teacher,5,1573, before,27.25,1.450795808595679e-15,1.2501528701136522e-09,-34.166664123535156
62,61,reasoning 正文,"<reasoning>
I need to put a soapbottle on the toilet. First, I should locate the soapbottle. Since I am in a room with multiple drawers, it is likely that the soapbottle is inside one of them. I should check the drawers to find the soapbottle",13,.,student,6,1573, before,21.5,1.2171227556948396e-18,1.7788378409155925e-11,-41.25004196166992
62,61,reasoning 正文,"<reasoning>
I need to put a soapbottle on the toilet. First, I should locate the soapbottle. Since I am in a room with multiple drawers, it is likely that the soapbottle is inside one of them. I should check the drawers to find the soapbottle",13,.,teacher,6,323, and,24.375,1.2039626223418506e-17,7.052879807956103e-11,-38.95832824707031
62,61,reasoning 正文,"<reasoning>
I need to put a soapbottle on the toilet. First, I should locate the soapbottle. Since I am in a room with multiple drawers, it is likely that the soapbottle is inside one of them. I should check the drawers to find the soapbottle",13,.,student,7,11,",",21.25,8.023758441268235e-19,1.3853603160474126e-11,-41.666709899902344
62,61,reasoning 正文,"<reasoning>
I need to put a soapbottle on the toilet. First, I should locate the soapbottle. Since I am in a room with multiple drawers, it is likely that the soapbottle is inside one of them. I should check the drawers to find the soapbottle",13,.,teacher,7,11,",",24.125,7.937000636696376e-18,5.4927885156930145e-11,-39.374996185302734
62,61,reasoning 正文,"<reasoning>
I need to put a soapbottle on the toilet. First, I should locate the soapbottle. Since I am in a room with multiple drawers, it is likely that the soapbottle is inside one of them. I should check the drawers to find the soapbottle",13,.,student,8,3407,"。

",17.75,2.3495998656599478e-21,4.183425795448864e-13,-47.50004196166992
62,61,reasoning 正文,"<reasoning>
I need to put a soapbottle on the toilet. First, I should locate the soapbottle. Since I am in a room with multiple drawers, it is likely that the soapbottle is inside one of them. I should check the drawers to find the soapbottle",13,.,teacher,8,3918,.</,20.5,1.8870933372092514e-20,1.4637784257268138e-12,-45.416664123535156
62,61,reasoning 正文,"<reasoning>
I need to put a soapbottle on the toilet. First, I should locate the soapbottle. Since I am in a room with multiple drawers, it is likely that the soapbottle is inside one of them. I should check the drawers to find the soapbottle",13,.,student,9,1773,。,17.625,1.9077278988110765e-21,3.6918601856172906e-13,-47.7083740234375
62,61,reasoning 正文,"<reasoning>
I need to put a soapbottle on the toilet. First, I should locate the soapbottle. Since I am in a room with multiple drawers, it is likely that the soapbottle is inside one of them. I should check the drawers to find the soapbottle",13,.,teacher,9,5512, First,18.75,1.0211799116940715e-21,2.5436656904062604e-13,-48.33332824707031
62,61,reasoning 正文,"<reasoning>
I need to put a soapbottle on the toilet. First, I should locate the soapbottle. Since I am in a room with multiple drawers, it is likely that the soapbottle is inside one of them. I should check the drawers to find the soapbottle",13,.,student,10,3918,.</,17.625,1.9077278988110765e-21,3.6918601856172906e-13,-47.7083740234375
62,61,reasoning 正文,"<reasoning>
I need to put a soapbottle on the toilet. First, I should locate the soapbottle. Since I am in a room with multiple drawers, it is likely that the soapbottle is inside one of them. I should check the drawers to find the soapbottle",13,.,teacher,10,1773,。,18.625,8.291309796333216e-22,2.2447771723041465e-13,-48.541664123535156
63,62,reasoning 正文,"<reasoning>
I need to put a soapbottle on the toilet. First, I should locate the soapbottle. Since I am in a room with multiple drawers, it is likely that the soapbottle is inside one of them. I should check the drawers to find the soapbottle.",576, The,student,1,576, The,37.25,0.9999128580093384,0.9957379102706909,-8.713819261174649e-05
63,62,reasoning 正文,"<reasoning>
I need to put a soapbottle on the toilet. First, I should locate the soapbottle. Since I am in a room with multiple drawers, it is likely that the soapbottle is inside one of them. I should check the drawers to find the soapbottle.",576, The,teacher,1,358, I,35.5,0.9485191702842712,0.847770631313324,-0.05285324901342392
63,62,reasoning 正文,"<reasoning>
I need to put a soapbottle on the toilet. First, I should locate the soapbottle. Since I am in a room with multiple drawers, it is likely that the soapbottle is inside one of them. I should check the drawers to find the soapbottle.",576, The,student,2,358, I,31.625,8.481087570544332e-05,0.003591192187741399,-9.375086784362793
63,62,reasoning 正文,"<reasoning>
I need to put a soapbottle on the toilet. First, I should locate the soapbottle. Since I am in a room with multiple drawers, it is likely that the soapbottle is inside one of them. I should check the drawers to find the soapbottle.",576, The,teacher,2,576, The,33.75,0.05132807418704033,0.1473204493522644,-2.969517469406128
63,62,reasoning 正文,"<reasoning>
I need to put a soapbottle on the toilet. First, I should locate the soapbottle. Since I am in a room with multiple drawers, it is likely that the soapbottle is inside one of them. I should check the drawers to find the soapbottle.",576, The,student,3,21658, Among,29.0,1.0676113788576913e-06,0.0002601449959911406,-13.750086784362793
63,62,reasoning 正文,"<reasoning>
I need to put a soapbottle on the toilet. First, I should locate the soapbottle. Since I am in a room with multiple drawers, it is likely that the soapbottle is inside one of them. I should check the drawers to find the soapbottle.",576, The,teacher,3,27657, Starting,30.25,0.00015030356007628143,0.004448690917342901,-8.80285358428955
63,62,reasoning 正文,"<reasoning>
I need to put a soapbottle on the toilet. First, I should locate the soapbottle. Since I am in a room with multiple drawers, it is likely that the soapbottle is inside one of them. I should check the drawers to find the soapbottle.",576, The,student,4,13235, Before,29.0,1.0676113788576913e-06,0.0002601449959911406,-13.750086784362793
63,62,reasoning 正文,"<reasoning>
I need to put a soapbottle on the toilet. First, I should locate the soapbottle. Since I am in a room with multiple drawers, it is likely that the soapbottle is inside one of them. I should check the drawers to find the soapbottle.",576, The,teacher,4,13235, Before,27.75,2.330290499230614e-06,0.0003651707957033068,-12.969517707824707
63,62,reasoning 正文,"<reasoning>
I need to put a soapbottle on the toilet. First, I should locate the soapbottle. Since I am in a room with multiple drawers, it is likely that the soapbottle is inside one of them. I should check the drawers to find the soapbottle.",576, The,student,5,4354, However,27.75,1.3293322354002157e-07,7.453278522007167e-05,-15.833418846130371
63,62,reasoning 正文,"<reasoning>
I need to put a soapbottle on the toilet. First, I should locate the soapbottle. Since I am in a room with multiple drawers, it is likely that the soapbottle is inside one of them. I should check the drawers to find the soapbottle.",576, The,teacher,5,2014, To,25.25,3.612846910527878e-08,2.9975057259434834e-05,-17.136184692382812
63,62,reasoning 正文,"<reasoning>
I need to put a soapbottle on the toilet. First, I should locate the soapbottle. Since I am in a room with multiple drawers, it is likely that the soapbottle is inside one of them. I should check the drawers to find the soapbottle.",576, The,student,6,27657, Starting,26.75,2.5107787848810403e-08,2.7419078833190724e-05,-17.50008773803711
63,62,reasoning 正文,"<reasoning>
I need to put a soapbottle on the toilet. First, I should locate the soapbottle. Since I am in a room with multiple drawers, it is likely that the soapbottle is inside one of them. I should check the drawers to find the soapbottle.",576, The,teacher,6,4354, However,24.625,1.2748494704339919e-08,1.6044492440414615e-05,-18.177852630615234
63,62,reasoning 正文,"<reasoning>
I need to put a soapbottle on the toilet. First, I should locate the soapbottle. Since I am in a room with multiple drawers, it is likely that the soapbottle is inside one of them. I should check the drawers to find the soapbottle.",576, The,student,7,2014, To,26.625,2.0385952481660752e-08,2.419725205982104e-05,-17.708419799804688
63,62,reasoning 正文,"<reasoning>
I need to put a soapbottle on the toilet. First, I should locate the soapbottle. Since I am in a room with multiple drawers, it is likely that the soapbottle is inside one of them. I should check the drawers to find the soapbottle.",576, The,teacher,7,6771, Let,24.625,1.2748494704339919e-08,1.6044492440414615e-05,-18.177852630615234
63,62,reasoning 正文,"<reasoning>
I need to put a soapbottle on the toilet. First, I should locate the soapbottle. Since I am in a room with multiple drawers, it is likely that the soapbottle is inside one of them. I should check the drawers to find the soapbottle.",576, The,student,8,9646, Once,26.25,1.0911814563030475e-08,1.6630510799586773e-05,-18.333419799804688
63,62,reasoning 正文,"<reasoning>
I need to put a soapbottle on the toilet. First, I should locate the soapbottle. Since I am in a room with multiple drawers, it is likely that the soapbottle is inside one of them. I should check the drawers to find the soapbottle.",576, The,teacher,8,21658, Among,24.5,1.035097874080293e-08,1.4159214515530039e-05,-18.386184692382812
63,62,reasoning 正文,"<reasoning>
I need to put a soapbottle on the toilet. First, I should locate the soapbottle. Since I am in a room with multiple drawers, it is likely that the soapbottle is inside one of them. I should check the drawers to find the soapbottle.",576, The,student,9,15277, Therefore,25.125,1.6733808783087056e-09,5.399136625783285e-06,-20.208419799804688
63,62,reasoning 正文,"<reasoning>
I need to put a soapbottle on the toilet. First, I should locate the soapbottle. Since I am in a room with multiple drawers, it is likely that the soapbottle is inside one of them. I should check the drawers to find the soapbottle.",576, The,teacher,9,1084, It,24.0,4.498522887530498e-09,8.58799830893986e-06,-19.21951675415039
63,62,reasoning 正文,"<reasoning>
I need to put a soapbottle on the toilet. First, I should locate the soapbottle. Since I am in a room with multiple drawers, it is likely that the soapbottle is inside one of them. I should check the drawers to find the soapbottle.",576, The,student,10,6771, Let,23.0,4.846943332803555e-11,6.448349267884623e-07,-23.75008773803711
63,62,reasoning 正文,"<reasoning>
I need to put a soapbottle on the toilet. First, I should locate the soapbottle. Since I am in a room with multiple drawers, it is likely that the soapbottle is inside one of them. I should check the drawers to find the soapbottle.",576, The,teacher,10,2619, There,22.625,4.547902887619415e-10,2.1713858586736023e-06,-21.511184692382812
64,63,reasoning 正文,"<reasoning>
I need to put a soapbottle on the toilet. First, I should locate the soapbottle. Since I am in a room with multiple drawers, it is likely that the soapbottle is inside one of them. I should check the drawers to find the soapbottle. The",2500, available,student,1,2500, available,34.5,0.8287553191184998,0.6610861420631409,-0.1878303587436676
64,63,reasoning 正文,"<reasoning>
I need to put a soapbottle on the toilet. First, I should locate the soapbottle. Since I am in a room with multiple drawers, it is likely that the soapbottle is inside one of them. I should check the drawers to find the soapbottle. The",2500, available,teacher,1,993, ad,32.25,0.3933352530002594,0.3634438216686249,-0.9330930113792419
64,63,reasoning 正文,"<reasoning>
I need to put a soapbottle on the toilet. First, I should locate the soapbottle. Since I am in a room with multiple drawers, it is likely that the soapbottle is inside one of them. I should check the drawers to find the soapbottle. The",2500, available,student,2,1429, most,33.25,0.10319174826145172,0.18940433859825134,-2.2711663246154785
64,63,reasoning 正文,"<reasoning>
I need to put a soapbottle on the toilet. First, I should locate the soapbottle. Since I am in a room with multiple drawers, it is likely that the soapbottle is inside one of them. I should check the drawers to find the soapbottle. The",2500, available,teacher,2,2500, available,32.25,0.3933352530002594,0.3634438216686249,-0.9330930113792419
64,63,reasoning 正文,"<reasoning>
I need to put a soapbottle on the toilet. First, I should locate the soapbottle. Since I am in a room with multiple drawers, it is likely that the soapbottle is inside one of them. I should check the drawers to find the soapbottle. The",2500, available,student,3,993, ad,33.0,0.06802836805582047,0.14750824868679047,-2.6878304481506348
64,63,reasoning 正文,"<reasoning>
I need to put a soapbottle on the toilet. First, I should locate the soapbottle. Since I am in a room with multiple drawers, it is likely that the soapbottle is inside one of them. I should check the drawers to find the soapbottle. The",2500, available,teacher,3,1429, most,31.875,0.2105371654033661,0.24979102611541748,-1.5580930709838867
64,63,reasoning 正文,"<reasoning>
I need to put a soapbottle on the toilet. First, I should locate the soapbottle. Since I am in a room with multiple drawers, it is likely that the soapbottle is inside one of them. I should check the drawers to find the soapbottle. The",2500, available,student,4,61607, drawers,28.125,2.0139450498390943e-05,0.0011262393090873957,-10.812829971313477
64,63,reasoning 正文,"<reasoning>
I need to put a soapbottle on the toilet. First, I should locate the soapbottle. Since I am in a room with multiple drawers, it is likely that the soapbottle is inside one of them. I should check the drawers to find the soapbottle. The",2500, available,teacher,4,61607, drawers,29.25,0.0026502718683332205,0.018094798550009727,-5.933093070983887
64,63,reasoning 正文,"<reasoning>
I need to put a soapbottle on the toilet. First, I should locate the soapbottle. Since I am in a room with multiple drawers, it is likely that the soapbottle is inside one of them. I should check the drawers to find the soapbottle. The",2500, available,student,5,18093, closest,26.875,2.5076467409235192e-06,0.00032267312053591013,-12.89616584777832
64,63,reasoning 正文,"<reasoning>
I need to put a soapbottle on the toilet. First, I should locate the soapbottle. Since I am in a room with multiple drawers, it is likely that the soapbottle is inside one of them. I should check the drawers to find the soapbottle. The",2500, available,teacher,5,18093, closest,27.25,9.454553946852684e-05,0.002448864746838808,-9.26642894744873
64,63,reasoning 正文,"<reasoning>
I need to put a soapbottle on the toilet. First, I should locate the soapbottle. Since I am in a room with multiple drawers, it is likely that the soapbottle is inside one of them. I should check the drawers to find the soapbottle. The",2500, available,student,6,1790, next,26.25,8.848656989357551e-07,0.00017271446995437145,-13.937829971313477
64,63,reasoning 正文,"<reasoning>
I need to put a soapbottle on the toilet. First, I should locate the soapbottle. Since I am in a room with multiple drawers, it is likely that the soapbottle is inside one of them. I should check the drawers to find the soapbottle. The",2500, available,teacher,6,9434, visible,26.5,2.7087749913334846e-05,0.0011567618930712342,-10.51642894744873
64,63,reasoning 正文,"<reasoning>
I need to put a soapbottle on the toilet. First, I should locate the soapbottle. Since I am in a room with multiple drawers, it is likely that the soapbottle is inside one of them. I should check the drawers to find the soapbottle. The",2500, available,student,7,9760, relevant,25.875,4.7363448629766935e-07,0.00011870480375364423,-14.562829971313477
64,63,reasoning 正文,"<reasoning>
I need to put a soapbottle on the toilet. First, I should locate the soapbottle. Since I am in a room with multiple drawers, it is likely that the soapbottle is inside one of them. I should check the drawers to find the soapbottle. The",2500, available,teacher,7,23480, nearest,25.875,9.558372767060064e-06,0.0006191700231283903,-11.558093070983887
64,63,reasoning 正文,"<reasoning>
I need to put a soapbottle on the toilet. First, I should locate the soapbottle. Since I am in a room with multiple drawers, it is likely that the soapbottle is inside one of them. I should check the drawers to find the soapbottle. The",2500, available,student,8,23480, nearest,25.625,3.122387113307923e-07,9.244739339919761e-05,-14.979497909545898
64,63,reasoning 正文,"<reasoning>
I need to put a soapbottle on the toilet. First, I should locate the soapbottle. Since I am in a room with multiple drawers, it is likely that the soapbottle is inside one of them. I should check the drawers to find the soapbottle. The",2500, available,teacher,8,26785, soap,25.875,9.558372767060064e-06,0.0006191700231283903,-11.558093070983887
64,63,reasoning 正文,"<reasoning>
I need to put a soapbottle on the toilet. First, I should locate the soapbottle. Since I am in a room with multiple drawers, it is likely that the soapbottle is inside one of them. I should check the drawers to find the soapbottle. The",2500, available,student,9,26785, soap,25.125,1.3569855639161688e-07,5.607217826764099e-05,-15.812829971313477
64,63,reasoning 正文,"<reasoning>
I need to put a soapbottle on the toilet. First, I should locate the soapbottle. Since I am in a room with multiple drawers, it is likely that the soapbottle is inside one of them. I should check the drawers to find the soapbottle. The",2500, available,teacher,9,1850, best,24.375,7.845990239729872e-07,0.00013815549027640373,-14.058093070983887
64,63,reasoning 正文,"<reasoning>
I need to put a soapbottle on the toilet. First, I should locate the soapbottle. Since I am in a room with multiple drawers, it is likely that the soapbottle is inside one of them. I should check the drawers to find the soapbottle. The",2500, available,student,10,8311, appropriate,24.5,4.788335417060807e-08,3.0013274226803333e-05,-16.8544979095459
64,63,reasoning 正文,"<reasoning>
I need to put a soapbottle on the toilet. First, I should locate the soapbottle. Since I am in a room with multiple drawers, it is likely that the soapbottle is inside one of them. I should check the drawers to find the soapbottle. The",2500, available,teacher,10,3204, possible,23.5,1.8251581934691785e-07,5.759177656727843e-05,-15.51642894744873
65,64,reasoning 正文,"<reasoning>
I need to put a soapbottle on the toilet. First, I should locate the soapbottle. Since I am in a room with multiple drawers, it is likely that the soapbottle is inside one of them. I should check the drawers to find the soapbottle. The available",6168, actions,student,1,6168, actions,38.5,0.5989891886711121,0.5422810316085815,-0.512511670589447
65,64,reasoning 正文,"<reasoning>
I need to put a soapbottle on the toilet. First, I should locate the soapbottle. Since I am in a room with multiple drawers, it is likely that the soapbottle is inside one of them. I should check the drawers to find the soapbottle. The available",6168, actions,teacher,1,6168, actions,38.25,0.7087033987045288,0.5682500600814819,-0.3443182110786438
65,64,reasoning 正文,"<reasoning>
I need to put a soapbottle on the toilet. First, I should locate the soapbottle. Since I am in a room with multiple drawers, it is likely that the soapbottle is inside one of them. I should check the drawers to find the soapbottle. The available",6168, actions,student,2,61607, drawers,38.25,0.3948790729045868,0.4223288893699646,-0.9291757941246033
65,64,reasoning 正文,"<reasoning>
I need to put a soapbottle on the toilet. First, I should locate the soapbottle. Since I am in a room with multiple drawers, it is likely that the soapbottle is inside one of them. I should check the drawers to find the soapbottle. The available",6168, actions,teacher,2,61607, drawers,37.5,0.20304693281650543,0.26842230558395386,-1.594318151473999
65,64,reasoning 正文,"<reasoning>
I need to put a soapbottle on the toilet. First, I should locate the soapbottle. Since I am in a room with multiple drawers, it is likely that the soapbottle is inside one of them. I should check the drawers to find the soapbottle. The available",6168, actions,student,3,993, ad,35.75,0.006122138351202011,0.034666866064071655,-5.09584379196167
65,64,reasoning 正文,"<reasoning>
I need to put a soapbottle on the toilet. First, I should locate the soapbottle. Since I am in a room with multiple drawers, it is likely that the soapbottle is inside one of them. I should check the drawers to find the soapbottle. The available",6168, actions,teacher,3,993, ad,37.0,0.08824360370635986,0.16280636191368103,-2.4276540279388428
65,64,reasoning 正文,"<reasoning>
I need to put a soapbottle on the toilet. First, I should locate the soapbottle. Since I am in a room with multiple drawers, it is likely that the soapbottle is inside one of them. I should check the drawers to find the soapbottle. The available",6168, actions,student,4,1917, action,31.875,9.595893061487004e-06,0.0007194878999143839,-11.55417537689209
65,64,reasoning 正文,"<reasoning>
I need to put a soapbottle on the toilet. First, I should locate the soapbottle. Since I am in a room with multiple drawers, it is likely that the soapbottle is inside one of them. I should check the drawers to find the soapbottle. The available",6168, actions,teacher,4,1917, action,31.25,6.0770794334530365e-06,0.0005181770538911223,-12.010986328125
65,64,reasoning 正文,"<reasoning>
I need to put a soapbottle on the toilet. First, I should locate the soapbottle. Since I am in a room with multiple drawers, it is likely that the soapbottle is inside one of them. I should check the drawers to find the soapbottle. The available",6168, actions,student,5,26482, drawer,26.0,5.365591859707308e-10,2.020893361986964e-06,-21.345844268798828
65,64,reasoning 正文,"<reasoning>
I need to put a soapbottle on the toilet. First, I should locate the soapbottle. Since I am in a room with multiple drawers, it is likely that the soapbottle is inside one of them. I should check the drawers to find the soapbottle. The available",6168, actions,teacher,5,26482, drawer,25.375,3.3980326885618695e-10,1.4554518656950677e-06,-21.802654266357422
65,64,reasoning 正文,"<reasoning>
I need to put a soapbottle on the toilet. First, I should locate the soapbottle. Since I am in a room with multiple drawers, it is likely that the soapbottle is inside one of them. I should check the drawers to find the soapbottle. The available",6168, actions,student,6,10468, locations,25.125,1.2481651823215145e-10,8.424336215284711e-07,-22.804176330566406
65,64,reasoning 正文,"<reasoning>
I need to put a soapbottle on the toilet. First, I should locate the soapbottle. Since I am in a room with multiple drawers, it is likely that the soapbottle is inside one of them. I should check the drawers to find the soapbottle. The available",6168, actions,teacher,6,10468, locations,24.875,1.476780780995668e-10,8.827761917018506e-07,-22.635986328125
65,64,reasoning 正文,"<reasoning>
I need to put a soapbottle on the toilet. First, I should locate the soapbottle. Since I am in a room with multiple drawers, it is likely that the soapbottle is inside one of them. I should check the drawers to find the soapbottle. The available",6168, actions,student,7,102196,动作,24.625,5.424489676886246e-11,5.109618541609962e-07,-23.63751220703125
65,64,reasoning 正文,"<reasoning>
I need to put a soapbottle on the toilet. First, I should locate the soapbottle. Since I am in a room with multiple drawers, it is likely that the soapbottle is inside one of them. I should check the drawers to find the soapbottle. The available",6168, actions,teacher,7,102196,动作,23.375,1.2122155709781701e-11,1.9697399977758323e-07,-25.135986328125
65,64,reasoning 正文,"<reasoning>
I need to put a soapbottle on the toilet. First, I should locate the soapbottle. Since I am in a room with multiple drawers, it is likely that the soapbottle is inside one of them. I should check the drawers to find the soapbottle. The available",6168, actions,student,8,4020,actions,23.125,4.452692554945958e-12,1.140110015285245e-07,-26.13751220703125
65,64,reasoning 正文,"<reasoning>
I need to put a soapbottle on the toilet. First, I should locate the soapbottle. Since I am in a room with multiple drawers, it is likely that the soapbottle is inside one of them. I should check the drawers to find the soapbottle. The available",6168, actions,teacher,8,329,ad,23.25,9.842431557272047e-12,1.738289370223356e-07,-25.344318389892578
65,64,reasoning 正文,"<reasoning>
I need to put a soapbottle on the toilet. First, I should locate the soapbottle. Since I am in a room with multiple drawers, it is likely that the soapbottle is inside one of them. I should check the drawers to find the soapbottle. The available",6168, actions,student,9,26643, draws,22.875,2.9354030057354707e-12,8.879185742216578e-08,-26.554176330566406
65,64,reasoning 正文,"<reasoning>
I need to put a soapbottle on the toilet. First, I should locate the soapbottle. Since I am in a room with multiple drawers, it is likely that the soapbottle is inside one of them. I should check the drawers to find the soapbottle. The available",6168, actions,teacher,9,4020,actions,22.875,5.268273664538192e-12,1.1947076927754097e-07,-25.969318389892578
65,64,reasoning 正文,"<reasoning>
I need to put a soapbottle on the toilet. First, I should locate the soapbottle. Since I am in a room with multiple drawers, it is likely that the soapbottle is inside one of them. I should check the drawers to find the soapbottle. The available",6168, actions,student,10,329,ad,22.5,1.5712081158705815e-12,6.102569471977404e-08,-27.179176330566406
65,64,reasoning 正文,"<reasoning>
I need to put a soapbottle on the toilet. First, I should locate the soapbottle. Since I am in a room with multiple drawers, it is likely that the soapbottle is inside one of them. I should check the drawers to find the soapbottle. The available",6168, actions,teacher,10,2606, options,22.5,2.8199035988218935e-12,8.211105750888237e-08,-26.594318389892578
66,65,reasoning 正文,"<reasoning>
I need to put a soapbottle on the toilet. First, I should locate the soapbottle. Since I am in a room with multiple drawers, it is likely that the soapbottle is inside one of them. I should check the drawers to find the soapbottle. The available actions",2924, include,student,1,2924, include,47.5,1.0,0.999987006187439,0.0
66,65,reasoning 正文,"<reasoning>
I need to put a soapbottle on the toilet. First, I should locate the soapbottle. Since I am in a room with multiple drawers, it is likely that the soapbottle is inside one of them. I should check the drawers to find the soapbottle. The available actions",2924, include,teacher,1,2924, include,47.25,0.9999998807907104,0.9999417066574097,-1.1920928244535389e-07
66,65,reasoning 正文,"<reasoning>
I need to put a soapbottle on the toilet. First, I should locate the soapbottle. Since I am in a room with multiple drawers, it is likely that the soapbottle is inside one of them. I should check the drawers to find the soapbottle. The available actions",2924, include,student,2,2138, allow,36.25,7.194133289090132e-09,1.3007123015995603e-05,-18.75
66,65,reasoning 正文,"<reasoning>
I need to put a soapbottle on the toilet. First, I should locate the soapbottle. Since I am in a room with multiple drawers, it is likely that the soapbottle is inside one of them. I should check the drawers to find the soapbottle. The available actions",2924, include,teacher,2,2138, allow,37.5,8.764248349280024e-08,5.8291272580390796e-05,-16.25
66,65,reasoning 正文,"<reasoning>
I need to put a soapbottle on the toilet. First, I should locate the soapbottle. Since I am in a room with multiple drawers, it is likely that the soapbottle is inside one of them. I should check the drawers to find the soapbottle. The available actions",2924, include,student,3,997,include,28.75,2.6810039512872516e-14,7.1940373658208046e-09,-31.25
66,65,reasoning 正文,"<reasoning>
I need to put a soapbottle on the toilet. First, I should locate the soapbottle. Since I am in a room with multiple drawers, it is likely that the soapbottle is inside one of them. I should check the drawers to find the soapbottle. The available actions",2924, include,teacher,3,4190, suggest,29.125,7.597775083774752e-14,1.3439615642596436e-08,-30.208335876464844
66,65,reasoning 正文,"<reasoning>
I need to put a soapbottle on the toilet. First, I should locate the soapbottle. Since I am in a room with multiple drawers, it is likely that the soapbottle is inside one of them. I should check the drawers to find the soapbottle. The available actions",2924, include,student,4,4190, suggest,28.25,1.1651609886610074e-14,4.3634038604523084e-09,-32.08333206176758
66,65,reasoning 正文,"<reasoning>
I need to put a soapbottle on the toilet. First, I should locate the soapbottle. Since I am in a room with multiple drawers, it is likely that the soapbottle is inside one of them. I should check the drawers to find the soapbottle. The available actions",2924, include,teacher,4,997,include,28.375,2.1767989496980673e-14,6.348424896884808e-09,-31.458335876464844
66,65,reasoning 正文,"<reasoning>
I need to put a soapbottle on the toilet. First, I should locate the soapbottle. Since I am in a room with multiple drawers, it is likely that the soapbottle is inside one of them. I should check the drawers to find the soapbottle. The available actions",2924, include,student,5,5646, includes,27.625,4.111452609709696e-15,2.3355619660492266e-09,-33.125
66,65,reasoning 正文,"<reasoning>
I need to put a soapbottle on the toilet. First, I should locate the soapbottle. Since I am in a room with multiple drawers, it is likely that the soapbottle is inside one of them. I should check the drawers to find the soapbottle. The available actions",2924, include,teacher,5,5646, includes,27.375,4.111452609709696e-15,2.3354549405496527e-09,-33.125
66,65,reasoning 正文,"<reasoning>
I need to put a soapbottle on the toilet. First, I should locate the soapbottle. Since I am in a room with multiple drawers, it is likely that the soapbottle is inside one of them. I should check the drawers to find the soapbottle. The available actions",2924, include,student,6,29734, Include,26.5,6.305116853596367e-16,7.582459105037742e-10,-35.0
66,65,reasoning 正文,"<reasoning>
I need to put a soapbottle on the toilet. First, I should locate the soapbottle. Since I am in a room with multiple drawers, it is likely that the soapbottle is inside one of them. I should check the drawers to find the soapbottle. The available actions",2924, include,teacher,6,29734, Include,26.125,5.119340607658495e-16,6.691190379548573e-10,-35.208335876464844
66,65,reasoning 正文,"<reasoning>
I need to put a soapbottle on the toilet. First, I should locate the soapbottle. Since I am in a room with multiple drawers, it is likely that the soapbottle is inside one of them. I should check the drawers to find the soapbottle. The available actions",2924, include,student,7,1077, let,25.0,5.175554941819762e-17,1.6918753897865457e-10,-37.5
66,65,reasoning 正文,"<reasoning>
I need to put a soapbottle on the toilet. First, I should locate the soapbottle. Since I am in a room with multiple drawers, it is likely that the soapbottle is inside one of them. I should check the drawers to find the soapbottle. The available actions",2924, include,teacher,7,1077, let,25.875,3.37488578190892e-16,5.211104325830718e-10,-35.625
66,65,reasoning 正文,"<reasoning>
I need to put a soapbottle on the toilet. First, I should locate the soapbottle. Since I am in a room with multiple drawers, it is likely that the soapbottle is inside one of them. I should check the drawers to find the soapbottle. The available actions",2924, include,student,8,2670, including,24.25,1.482821336855421e-17,7.99185370659039e-11,-38.75
66,65,reasoning 正文,"<reasoning>
I need to put a soapbottle on the toilet. First, I should locate the soapbottle. Since I am in a room with multiple drawers, it is likely that the soapbottle is inside one of them. I should check the drawers to find the soapbottle. The available actions",2924, include,teacher,8,13216, indicate,24.75,5.175554941819762e-17,1.691797951730578e-10,-37.5
66,65,reasoning 正文,"<reasoning>
I need to put a soapbottle on the toilet. First, I should locate the soapbottle. Since I am in a room with multiple drawers, it is likely that the soapbottle is inside one of them. I should check the drawers to find the soapbottle. The available actions",2924, include,student,9,13216, indicate,23.625,5.232386799395524e-18,4.2777309472441516e-11,-39.791664123535156
66,65,reasoning 正文,"<reasoning>
I need to put a soapbottle on the toilet. First, I should locate the soapbottle. Since I am in a room with multiple drawers, it is likely that the soapbottle is inside one of them. I should check the drawers to find the soapbottle. The available actions",2924, include,teacher,9,525, are,24.375,2.7702750207350052e-17,1.1627546148140766e-10,-38.125
66,65,reasoning 正文,"<reasoning>
I need to put a soapbottle on the toilet. First, I should locate the soapbottle. Since I am in a room with multiple drawers, it is likely that the soapbottle is inside one of them. I should check the drawers to find the soapbottle. The available actions",2924, include,student,10,525, are,23.5,4.24835413113866e-18,3.775084064794321e-11,-40.0
66,65,reasoning 正文,"<reasoning>
I need to put a soapbottle on the toilet. First, I should locate the soapbottle. Since I am in a room with multiple drawers, it is likely that the soapbottle is inside one of them. I should check the drawers to find the soapbottle. The available actions",2924, include,teacher,10,1473, show,24.25,2.249281267618891e-17,1.02612730812357e-10,-38.333335876464844
67,66,reasoning 正文,"<reasoning>
I need to put a soapbottle on the toilet. First, I should locate the soapbottle. Since I am in a room with multiple drawers, it is likely that the soapbottle is inside one of them. I should check the drawers to find the soapbottle. The available actions include",2087, going,student,1,2087, going,41.75,0.999998927116394,0.9997231960296631,-1.0728830375228426e-06
67,66,reasoning 正文,"<reasoning>
I need to put a soapbottle on the toilet. First, I should locate the soapbottle. Since I am in a room with multiple drawers, it is likely that the soapbottle is inside one of them. I should check the drawers to find the soapbottle. The available actions include",2087, going,teacher,1,2087, going,41.5,0.9999996423721313,0.9998700022697449,-3.576278118089249e-07
67,66,reasoning 正文,"<reasoning>
I need to put a soapbottle on the toilet. First, I should locate the soapbottle. Since I am in a room with multiple drawers, it is likely that the soapbottle is inside one of them. I should check the drawers to find the soapbottle. The available actions include",2087, going,student,2,7218, moving,33.5,1.067707103175053e-06,0.0002611863019410521,-13.74999713897705
67,66,reasoning 正文,"<reasoning>
I need to put a soapbottle on the toilet. First, I should locate the soapbottle. Since I am in a room with multiple drawers, it is likely that the soapbottle is inside one of them. I should check the drawers to find the soapbottle. The available actions include",2087, going,teacher,2,7218, moving,32.5,3.0590231858695915e-07,0.00012339379463810474,-15.0
67,66,reasoning 正文,"<reasoning>
I need to put a soapbottle on the toilet. First, I should locate the soapbottle. Since I am in a room with multiple drawers, it is likely that the soapbottle is inside one of them. I should check the drawers to find the soapbottle. The available actions include",2087, going,student,3,330," """,30.625,8.860469691285289e-09,1.4735122931597289e-05,-18.54166603088379
67,66,reasoning 正文,"<reasoning>
I need to put a soapbottle on the toilet. First, I should locate the soapbottle. Since I am in a room with multiple drawers, it is likely that the soapbottle is inside one of them. I should check the drawers to find the soapbottle. The available actions include",2087, going,teacher,3,13295, checking,28.875,7.273130431251218e-10,3.2883333460631547e-06,-21.041664123535156
67,66,reasoning 正文,"<reasoning>
I need to put a soapbottle on the toilet. First, I should locate the soapbottle. Since I am in a room with multiple drawers, it is likely that the soapbottle is inside one of them. I should check the drawers to find the soapbottle. The available actions include",2087, going,student,4,59399, navigating,27.25,3.1955844220776797e-11,5.042082307227247e-07,-24.16666603088379
67,66,reasoning 正文,"<reasoning>
I need to put a soapbottle on the toilet. First, I should locate the soapbottle. Since I am in a room with multiple drawers, it is likely that the soapbottle is inside one of them. I should check the drawers to find the soapbottle. The available actions include",2087, going,teacher,4,330," """,28.625,4.794736829794033e-10,2.560956545494264e-06,-21.458332061767578
67,66,reasoning 正文,"<reasoning>
I need to put a soapbottle on the toilet. First, I should locate the soapbottle. Since I am in a room with multiple drawers, it is likely that the soapbottle is inside one of them. I should check the drawers to find the soapbottle. The available actions include",2087, going,student,5,9546,going,26.0,3.978970364998391e-12,1.4445807039464853e-07,-26.249998092651367
67,66,reasoning 正文,"<reasoning>
I need to put a soapbottle on the toilet. First, I should locate the soapbottle. Since I am in a room with multiple drawers, it is likely that the soapbottle is inside one of them. I should check the drawers to find the soapbottle. The available actions include",2087, going,teacher,5,59399, navigating,26.375,1.127614061152693e-11,2.6992282187165983e-07,-25.208332061767578
67,66,reasoning 正文,"<reasoning>
I need to put a soapbottle on the toilet. First, I should locate the soapbottle. Since I am in a room with multiple drawers, it is likely that the soapbottle is inside one of them. I should check the drawers to find the soapbottle. The available actions include",2087, going,student,6,16721, visiting,25.375,1.4040418133687282e-12,7.732283080486013e-08,-27.29166603088379
67,66,reasoning 正文,"<reasoning>
I need to put a soapbottle on the toilet. First, I should locate the soapbottle. Since I am in a room with multiple drawers, it is likely that the soapbottle is inside one of them. I should check the drawers to find the soapbottle. The available actions include",2087, going,teacher,6,3330, looking,25.625,3.230668553858007e-12,1.275025169888977e-07,-26.458332061767578
67,66,reasoning 正文,"<reasoning>
I need to put a soapbottle on the toilet. First, I should locate the soapbottle. Since I am in a room with multiple drawers, it is likely that the soapbottle is inside one of them. I should check the drawers to find the soapbottle. The available actions include",2087, going,student,7,31788, accessing,25.0,7.515294267977646e-13,5.314315387749957e-08,-27.91666603088379
67,66,reasoning 正文,"<reasoning>
I need to put a soapbottle on the toilet. First, I should locate the soapbottle. Since I am in a room with multiple drawers, it is likely that the soapbottle is inside one of them. I should check the drawers to find the soapbottle. The available actions include",2087, going,teacher,7,16721, visiting,25.625,3.230668553858007e-12,1.275025169888977e-07,-26.458332061767578
67,66,reasoning 正文,"<reasoning>
I need to put a soapbottle on the toilet. First, I should locate the soapbottle. Since I am in a room with multiple drawers, it is likely that the soapbottle is inside one of them. I should check the drawers to find the soapbottle. The available actions include",2087, going,student,8,13295, checking,24.625,4.0226470158361005e-13,3.652471747273012e-08,-28.54166603088379
67,66,reasoning 正文,"<reasoning>
I need to put a soapbottle on the toilet. First, I should locate the soapbottle. Since I am in a room with multiple drawers, it is likely that the soapbottle is inside one of them. I should check the drawers to find the soapbottle. The available actions include",2087, going,teacher,8,9546,going,25.5,2.6231005215149317e-12,1.1252058840227619e-07,-26.666664123535156
67,66,reasoning 正文,"<reasoning>
I need to put a soapbottle on the toilet. First, I should locate the soapbottle. Since I am in a room with multiple drawers, it is likely that the soapbottle is inside one of them. I should check the drawers to find the soapbottle. The available actions include",2087, going,student,9,5994, Go,24.0,1.4194593037867437e-13,1.95502742883491e-08,-29.583330154418945
67,66,reasoning 正文,"<reasoning>
I need to put a soapbottle on the toilet. First, I should locate the soapbottle. Since I am in a room with multiple drawers, it is likely that the soapbottle is inside one of them. I should check the drawers to find the soapbottle. The available actions include",2087, going,teacher,9,31788, accessing,24.625,6.101936989542922e-13,4.6905558548360204e-08,-28.125
67,66,reasoning 正文,"<reasoning>
I need to put a soapbottle on the toilet. First, I should locate the soapbottle. Since I am in a room with multiple drawers, it is likely that the soapbottle is inside one of them. I should check the drawers to find the soapbottle. The available actions include",2087, going,student,10,728, go,23.375,5.008783982734556e-14,1.046450659458742e-08,-30.624998092651367
67,66,reasoning 正文,"<reasoning>
I need to put a soapbottle on the toilet. First, I should locate the soapbottle. Since I am in a room with multiple drawers, it is likely that the soapbottle is inside one of them. I should check the drawers to find the soapbottle. The available actions include",2087, going,teacher,10,15039, searching,24.375,4.022654876301851e-13,3.6530085623098785e-08,-28.541664123535156
68,67,reasoning 正文,"<reasoning>
I need to put a soapbottle on the toilet. First, I should locate the soapbottle. Since I am in a room with multiple drawers, it is likely that the soapbottle is inside one of them. I should check the drawers to find the soapbottle. The available actions include going",311, to,student,1,311, to,51.0,1.0,1.0,0.0
68,67,reasoning 正文,"<reasoning>
I need to put a soapbottle on the toilet. First, I should locate the soapbottle. Since I am in a room with multiple drawers, it is likely that the soapbottle is inside one of them. I should check the drawers to find the soapbottle. The available actions include going",311, to,teacher,1,311, to,50.0,1.0,1.0,0.0
68,67,reasoning 正文,"<reasoning>
I need to put a soapbottle on the toilet. First, I should locate the soapbottle. Since I am in a room with multiple drawers, it is likely that the soapbottle is inside one of them. I should check the drawers to find the soapbottle. The available actions include going",311, to,student,2,1119, into,26.625,2.2739800948881426e-18,2.5946095966178362e-11,-40.625
68,67,reasoning 正文,"<reasoning>
I need to put a soapbottle on the toilet. First, I should locate the soapbottle. Since I am in a room with multiple drawers, it is likely that the soapbottle is inside one of them. I should check the drawers to find the soapbottle. The available actions include going",311, to,teacher,2,1119, into,26.625,1.2039626223418506e-17,7.052879807956103e-11,-38.95832824707031
68,67,reasoning 正文,"<reasoning>
I need to put a soapbottle on the toilet. First, I should locate the soapbottle. Since I am in a room with multiple drawers, it is likely that the soapbottle is inside one of them. I should check the drawers to find the soapbottle. The available actions include going",311, to,student,3,983,to,24.75,9.991172114555636e-20,3.978962558742749e-12,-43.75
68,67,reasoning 正文,"<reasoning>
I need to put a soapbottle on the toilet. First, I should locate the soapbottle. Since I am in a room with multiple drawers, it is likely that the soapbottle is inside one of them. I should check the drawers to find the soapbottle. The available actions include going",311, to,teacher,3,983,to,24.375,2.8314488010448464e-19,7.433680407342713e-12,-42.70832824707031
68,67,reasoning 正文,"<reasoning>
I need to put a soapbottle on the toilet. First, I should locate the soapbottle. Since I am in a room with multiple drawers, it is likely that the soapbottle is inside one of them. I should check the drawers to find the soapbottle. The available actions include going",311, to,student,4,2346,_to,24.5,6.586577492644069e-20,3.098819161342914e-12,-44.16666793823242
68,67,reasoning 正文,"<reasoning>
I need to put a soapbottle on the toilet. First, I should locate the soapbottle. Since I am in a room with multiple drawers, it is likely that the soapbottle is inside one of them. I should check the drawers to find the soapbottle. The available actions include going",311, to,teacher,4,2346,_to,23.875,1.230539340887114e-19,4.508755348242577e-12,-43.541664123535156
68,67,reasoning 正文,"<reasoning>
I need to put a soapbottle on the toilet. First, I should locate the soapbottle. Since I am in a room with multiple drawers, it is likely that the soapbottle is inside one of them. I should check the drawers to find the soapbottle. The available actions include going",311, to,student,5,2014, To,24.125,3.525541029046464e-20,2.1297852804275097e-12,-44.79166793823242
68,67,reasoning 正文,"<reasoning>
I need to put a soapbottle on the toilet. First, I should locate the soapbottle. Since I am in a room with multiple drawers, it is likely that the soapbottle is inside one of them. I should check the drawers to find the soapbottle. The available actions include going",311, to,teacher,5,2014, To,23.75,9.991209596177142e-20,3.978962558742749e-12,-43.749996185302734
68,67,reasoning 正文,"<reasoning>
I need to put a soapbottle on the toilet. First, I should locate the soapbottle. Since I am in a room with multiple drawers, it is likely that the soapbottle is inside one of them. I should check the drawers to find the soapbottle. The available actions include going",311, to,student,6,26939,到,23.625,1.532195695919923e-20,1.29177994256241e-12,-45.625
68,67,reasoning 正文,"<reasoning>
I need to put a soapbottle on the toilet. First, I should locate the soapbottle. Since I am in a room with multiple drawers, it is likely that the soapbottle is inside one of them. I should check the drawers to find the soapbottle. The available actions include going",311, to,teacher,6,31709,	to,22.75,1.8870933372092514e-20,1.4637784257268138e-12,-45.416664123535156
68,67,reasoning 正文,"<reasoning>
I need to put a soapbottle on the toilet. First, I should locate the soapbottle. Since I am in a room with multiple drawers, it is likely that the soapbottle is inside one of them. I should check the drawers to find the soapbottle. The available actions include going",311, to,student,7,31709,	to,23.125,6.658878248060032e-21,7.835042293777295e-13,-46.458335876464844
68,67,reasoning 正文,"<reasoning>
I need to put a soapbottle on the toilet. First, I should locate the soapbottle. Since I am in a room with multiple drawers, it is likely that the soapbottle is inside one of them. I should check the drawers to find the soapbottle. The available actions include going",311, to,teacher,7,26939,到,22.5,1.2440518531810507e-20,1.1399918552548738e-12,-45.83332824707031
68,67,reasoning 正文,"<reasoning>
I need to put a soapbottle on the toilet. First, I should locate the soapbottle. Since I am in a room with multiple drawers, it is likely that the soapbottle is inside one of them. I should check the drawers to find the soapbottle. The available actions include going",311, to,student,8,1249,To,22.75,3.564240884031085e-21,5.384939998250016e-13,-47.083335876464844
68,67,reasoning 正文,"<reasoning>
I need to put a soapbottle on the toilet. First, I should locate the soapbottle. Since I am in a room with multiple drawers, it is likely that the soapbottle is inside one of them. I should check the drawers to find the soapbottle. The available actions include going",311, to,teacher,8,1249,To,22.375,1.0100883405644017e-20,1.006039218945376e-12,-46.041664123535156
68,67,reasoning 正文,"<reasoning>
I need to put a soapbottle on the toilet. First, I should locate the soapbottle. Since I am in a room with multiple drawers, it is likely that the soapbottle is inside one of them. I should check the drawers to find the soapbottle. The available actions include going",311, to,student,9,4686,-to,22.5,2.3496982145267235e-21,4.1937956471276017e-13,-47.5
68,67,reasoning 正文,"<reasoning>
I need to put a soapbottle on the toilet. First, I should locate the soapbottle. Since I am in a room with multiple drawers, it is likely that the soapbottle is inside one of them. I should check the drawers to find the soapbottle. The available actions include going",311, to,teacher,9,5961, directly,22.0,5.406613234566411e-21,6.914400150527522e-13,-46.666664123535156
68,67,reasoning 正文,"<reasoning>
I need to put a soapbottle on the toilet. First, I should locate the soapbottle. Since I am in a room with multiple drawers, it is likely that the soapbottle is inside one of them. I should check the drawers to find the soapbottle. The available actions include going",311, to,student,10,128252, إلى,20.875,1.5660181438344198e-22,8.258073180356443e-14,-50.208335876464844
68,67,reasoning 正文,"<reasoning>
I need to put a soapbottle on the toilet. First, I should locate the soapbottle. Since I am in a room with multiple drawers, it is likely that the soapbottle is inside one of them. I should check the drawers to find the soapbottle. The available actions include going",311, to,teacher,10,4686,-to,21.625,2.893951351689113e-21,4.75219310517444e-13,-47.291664123535156
69,68,reasoning 正文,"<reasoning>
I need to put a soapbottle on the toilet. First, I should locate the soapbottle. Since I am in a room with multiple drawers, it is likely that the soapbottle is inside one of them. I should check the drawers to find the soapbottle. The available actions include going to",1817, each,student,1,1817, each,43.25,0.8857733011245728,0.7545307278633118,-0.12129423022270203
69,68,reasoning 正文,"<reasoning>
I need to put a soapbottle on the toilet. First, I should locate the soapbottle. Since I am in a room with multiple drawers, it is likely that the soapbottle is inside one of them. I should check the drawers to find the soapbottle. The available actions include going to",1817, each,teacher,1,5257, various,43.0,0.7746253609657288,0.6617391705513,-0.25537583231925964
69,68,reasoning 正文,"<reasoning>
I need to put a soapbottle on the toilet. First, I should locate the soapbottle. Since I am in a room with multiple drawers, it is likely that the soapbottle is inside one of them. I should check the drawers to find the soapbottle. The available actions include going to",1817, each,student,2,5257, various,42.0,0.11029215157032013,0.21617668867111206,-2.204622507095337
69,68,reasoning 正文,"<reasoning>
I need to put a soapbottle on the toilet. First, I should locate the soapbottle. Since I am in a room with multiple drawers, it is likely that the soapbottle is inside one of them. I should check the drawers to find the soapbottle. The available actions include going to",1817, each,teacher,2,1817, each,42.25,0.22193385660648346,0.31258347630500793,-1.505375862121582
69,68,reasoning 正文,"<reasoning>
I need to put a soapbottle on the toilet. First, I should locate the soapbottle. Since I am in a room with multiple drawers, it is likely that the soapbottle is inside one of them. I should check the drawers to find the soapbottle. The available actions include going to",1817, each,student,3,2155, different,40.0,0.003934552427381277,0.029256336390972137,-5.537958145141602
69,68,reasoning 正文,"<reasoning>
I need to put a soapbottle on the toilet. First, I should locate the soapbottle. Since I am in a room with multiple drawers, it is likely that the soapbottle is inside one of them. I should check the drawers to find the soapbottle. The available actions include going to",1817, each,teacher,3,2155, different,39.75,0.003440838772803545,0.025658413767814636,-5.672039985656738
69,68,reasoning 正文,"<reasoning>
I need to put a soapbottle on the toilet. First, I should locate the soapbottle. Since I am in a room with multiple drawers, it is likely that the soapbottle is inside one of them. I should check the drawers to find the soapbottle. The available actions include going to",1817, each,student,4,894, any,32.75,2.2241849251258827e-08,2.0777099052793346e-05,-17.62129020690918
69,68,reasoning 正文,"<reasoning>
I need to put a soapbottle on the toilet. First, I should locate the soapbottle. Since I am in a room with multiple drawers, it is likely that the soapbottle is inside one of them. I should check the drawers to find the soapbottle. The available actions include going to",1817, each,teacher,4,26482, drawer,31.625,4.5247343649634786e-09,7.596038358315127e-06,-19.213706970214844
69,68,reasoning 正文,"<reasoning>
I need to put a soapbottle on the toilet. First, I should locate the soapbottle. Since I am in a room with multiple drawers, it is likely that the soapbottle is inside one of them. I should check the drawers to find the soapbottle. The available actions include going to",1817, each,student,5,101284,各个,32.0,6.372396832432514e-09,9.814407349040266e-06,-18.87129020690918
69,68,reasoning 正文,"<reasoning>
I need to put a soapbottle on the toilet. First, I should locate the soapbottle. Since I am in a room with multiple drawers, it is likely that the soapbottle is inside one of them. I should check the drawers to find the soapbottle. The available actions include going to",1817, each,teacher,5,101284,各个,31.5,3.6738010411596633e-09,6.703479812131263e-06,-19.422039031982422
69,68,reasoning 正文,"<reasoning>
I need to put a soapbottle on the toilet. First, I should locate the soapbottle. Since I am in a room with multiple drawers, it is likely that the soapbottle is inside one of them. I should check the drawers to find the soapbottle. The available actions include going to",1817, each,student,6,26482, drawer,31.375,2.2485997508425726e-09,5.2532736845023464e-06,-19.9129581451416
69,68,reasoning 正文,"<reasoning>
I need to put a soapbottle on the toilet. First, I should locate the soapbottle. Since I am in a room with multiple drawers, it is likely that the soapbottle is inside one of them. I should check the drawers to find the soapbottle. The available actions include going to",1817, each,teacher,6,894, any,30.875,1.2963580209301995e-09,3.5881143958249595e-06,-20.463706970214844
69,68,reasoning 正文,"<reasoning>
I need to put a soapbottle on the toilet. First, I should locate the soapbottle. Since I am in a room with multiple drawers, it is likely that the soapbottle is inside one of them. I should check the drawers to find the soapbottle. The available actions include going to",1817, each,student,7,3151, specific,28.0,8.10971689108042e-12,1.7975715138618398e-07,-25.5379581451416
69,68,reasoning 正文,"<reasoning>
I need to put a soapbottle on the toilet. First, I should locate the soapbottle. Since I am in a room with multiple drawers, it is likely that the soapbottle is inside one of them. I should check the drawers to find the soapbottle. The available actions include going to",1817, each,teacher,7,3807, several,29.125,7.015073244520664e-11,6.23520804765576e-07,-23.380374908447266
69,68,reasoning 正文,"<reasoning>
I need to put a soapbottle on the toilet. First, I should locate the soapbottle. Since I am in a room with multiple drawers, it is likely that the soapbottle is inside one of them. I should check the drawers to find the soapbottle. The available actions include going to",1817, each,student,8,3807, several,27.5,3.524473031132902e-12,1.0902812164204079e-07,-26.37129020690918
69,68,reasoning 正文,"<reasoning>
I need to put a soapbottle on the toilet. First, I should locate the soapbottle. Since I am in a room with multiple drawers, it is likely that the soapbottle is inside one of them. I should check the drawers to find the soapbottle. The available actions include going to",1817, each,teacher,8,61607, drawers,28.25,1.6318741496990086e-11,2.5992213181780244e-07,-24.838706970214844
69,68,reasoning 正文,"<reasoning>
I need to put a soapbottle on the toilet. First, I should locate the soapbottle. Since I am in a room with multiple drawers, it is likely that the soapbottle is inside one of them. I should check the drawers to find the soapbottle. The available actions include going to",1817, each,student,9,61607, drawers,27.5,3.524473031132902e-12,1.0902812164204079e-07,-26.37129020690918
69,68,reasoning 正文,"<reasoning>
I need to put a soapbottle on the toilet. First, I should locate the soapbottle. Since I am in a room with multiple drawers, it is likely that the soapbottle is inside one of them. I should check the drawers to find the soapbottle. The available actions include going to",1817, each,teacher,9,3151, specific,27.5,4.675397655834468e-12,1.2277851624276082e-07,-26.088706970214844
69,68,reasoning 正文,"<reasoning>
I need to put a soapbottle on the toilet. First, I should locate the soapbottle. Since I am in a room with multiple drawers, it is likely that the soapbottle is inside one of them. I should check the drawers to find the soapbottle. The available actions include going to",1817, each,student,10,9547,each,24.625,2.9248206910885075e-14,6.150945086602633e-09,-31.1629581451416
69,68,reasoning 正文,"<reasoning>
I need to put a soapbottle on the toilet. First, I should locate the soapbottle. Since I am in a room with multiple drawers, it is likely that the soapbottle is inside one of them. I should check the drawers to find the soapbottle. The available actions include going to",1817, each,teacher,10,279, the,26.0,3.837799761145788e-13,2.7395591573053935e-08,-28.588706970214844
70,69,reasoning 正文,"<reasoning>
I need to put a soapbottle on the toilet. First, I should locate the soapbottle. Since I am in a room with multiple drawers, it is likely that the soapbottle is inside one of them. I should check the drawers to find the soapbottle. The available actions include going to each",26482, drawer,student,1,26482, drawer,44.0,0.9847328066825867,0.9241408109664917,-0.015384926460683346
70,69,reasoning 正文,"<reasoning>
I need to put a soapbottle on the toilet. First, I should locate the soapbottle. Since I am in a room with multiple drawers, it is likely that the soapbottle is inside one of them. I should check the drawers to find the soapbottle. The available actions include going to each",26482, drawer,teacher,1,26482, drawer,43.5,0.96555495262146,0.8807963728904724,-0.035052284598350525
70,69,reasoning 正文,"<reasoning>
I need to put a soapbottle on the toilet. First, I should locate the soapbottle. Since I am in a room with multiple drawers, it is likely that the soapbottle is inside one of them. I should check the drawers to find the soapbottle. The available actions include going to each",26482, drawer,student,2,315, of,41.5,0.015267188660800457,0.07585810124874115,-4.18204927444458
70,69,reasoning 正文,"<reasoning>
I need to put a soapbottle on the toilet. First, I should locate the soapbottle. Since I am in a room with multiple drawers, it is likely that the soapbottle is inside one of them. I should check the drawers to find the soapbottle. The available actions include going to each",26482, drawer,teacher,2,315, of,41.5,0.03444511443376541,0.11920282244682312,-3.3683881759643555
70,69,reasoning 正文,"<reasoning>
I need to put a soapbottle on the toilet. First, I should locate the soapbottle. Since I am in a room with multiple drawers, it is likely that the soapbottle is inside one of them. I should check the drawers to find the soapbottle. The available actions include going to each",26482, drawer,student,3,80127,drawer,30.375,1.352747913685448e-10,1.1180876526850625e-06,-22.723712921142578
70,69,reasoning 正文,"<reasoning>
I need to put a soapbottle on the toilet. First, I should locate the soapbottle. Since I am in a room with multiple drawers, it is likely that the soapbottle is inside one of them. I should check the drawers to find the soapbottle. The available actions include going to each",26482, drawer,teacher,3,80127,drawer,29.5,7.099673626775882e-11,7.324078410420043e-07,-23.36838722229004
70,69,reasoning 正文,"<reasoning>
I need to put a soapbottle on the toilet. First, I should locate the soapbottle. Since I am in a room with multiple drawers, it is likely that the soapbottle is inside one of them. I should check the drawers to find the soapbottle. The available actions include going to each",26482, drawer,student,4,61607, drawers,26.375,1.7215505551063798e-13,2.0478470474927235e-08,-29.390380859375
70,69,reasoning 正文,"<reasoning>
I need to put a soapbottle on the toilet. First, I should locate the soapbottle. Since I am in a room with multiple drawers, it is likely that the soapbottle is inside one of them. I should check the drawers to find the soapbottle. The available actions include going to each",26482, drawer,teacher,4,61607, drawers,25.75,1.3705593463527593e-13,1.7224580872721162e-08,-29.61838722229004
70,69,reasoning 正文,"<reasoning>
I need to put a soapbottle on the toilet. First, I should locate the soapbottle. Since I am in a room with multiple drawers, it is likely that the soapbottle is inside one of them. I should check the drawers to find the soapbottle. The available actions include going to each",26482, drawer,student,5,69901,.drawer,26.0,9.21479553902746e-14,1.4074633014615756e-08,-30.015380859375
70,69,reasoning 正文,"<reasoning>
I need to put a soapbottle on the toilet. First, I should locate the soapbottle. Since I am in a room with multiple drawers, it is likely that the soapbottle is inside one of them. I should check the drawers to find the soapbottle. The available actions include going to each",26482, drawer,teacher,5,69901,.drawer,25.0,3.926718366155206e-14,8.136316509421704e-09,-30.86838722229004
70,69,reasoning 正文,"<reasoning>
I need to put a soapbottle on the toilet. First, I should locate the soapbottle. Since I am in a room with multiple drawers, it is likely that the soapbottle is inside one of them. I should check the drawers to find the soapbottle. The available actions include going to each",26482, drawer,student,6,23492,Drawer,23.75,2.1671124079682092e-15,1.483455247530685e-09,-33.765380859375
70,69,reasoning 正文,"<reasoning>
I need to put a soapbottle on the toilet. First, I should locate the soapbottle. Since I am in a room with multiple drawers, it is likely that the soapbottle is inside one of them. I should check the drawers to find the soapbottle. The available actions include going to each",26482, drawer,teacher,6,23492,Drawer,23.0,1.4008164177847023e-15,1.1011306311203839e-09,-34.20172119140625
70,69,reasoning 正文,"<reasoning>
I need to put a soapbottle on the toilet. First, I should locate the soapbottle. Since I am in a room with multiple drawers, it is likely that the soapbottle is inside one of them. I should check the drawers to find the soapbottle. The available actions include going to each",26482, drawer,student,7,48260, Drawer,23.125,7.64699438957051e-16,7.940364477043715e-10,-34.80704879760742
70,69,reasoning 正文,"<reasoning>
I need to put a soapbottle on the toilet. First, I should locate the soapbottle. Since I am in a room with multiple drawers, it is likely that the soapbottle is inside one of them. I should check the drawers to find the soapbottle. The available actions include going to each",26482, drawer,teacher,7,4038, draw,23.0,1.4008164177847023e-15,1.1011306311203839e-09,-34.20172119140625
70,69,reasoning 正文,"<reasoning>
I need to put a soapbottle on the toilet. First, I should locate the soapbottle. Since I am in a room with multiple drawers, it is likely that the soapbottle is inside one of them. I should check the drawers to find the soapbottle. The available actions include going to each",26482, drawer,student,8,4038, draw,22.875,5.041222464702375e-16,6.183962231176565e-10,-35.22371292114258
70,69,reasoning 正文,"<reasoning>
I need to put a soapbottle on the toilet. First, I should locate the soapbottle. Since I am in a room with multiple drawers, it is likely that the soapbottle is inside one of them. I should check the drawers to find the soapbottle. The available actions include going to each",26482, drawer,teacher,8,48260, Drawer,22.25,4.0134064814222015e-16,5.201372665908366e-10,-35.45172119140625
70,69,reasoning 正文,"<reasoning>
I need to put a soapbottle on the toilet. First, I should locate the soapbottle. Since I am in a room with multiple drawers, it is likely that the soapbottle is inside one of them. I should check the drawers to find the soapbottle. The available actions include going to each",26482, drawer,student,9,59735, của,21.75,7.730964339052075e-17,2.007638499890163e-10,-37.09871292114258
70,69,reasoning 正文,"<reasoning>
I need to put a soapbottle on the toilet. First, I should locate the soapbottle. Since I am in a room with multiple drawers, it is likely that the soapbottle is inside one of them. I should check the drawers to find the soapbottle. The available actions include going to each",26482, drawer,teacher,9,59735, của,21.5,1.1498600637408195e-16,2.456954639740161e-10,-36.70172119140625
70,69,reasoning 正文,"<reasoning>
I need to put a soapbottle on the toilet. First, I should locate the soapbottle. Since I am in a room with multiple drawers, it is likely that the soapbottle is inside one of them. I should check the drawers to find the soapbottle. The available actions include going to each",26482, drawer,student,10,3842, individual,20.625,1.1855818419503098e-17,6.517848066822651e-11,-38.97371292114258
70,69,reasoning 正文,"<reasoning>
I need to put a soapbottle on the toilet. First, I should locate the soapbottle. Since I am in a room with multiple drawers, it is likely that the soapbottle is inside one of them. I should check the drawers to find the soapbottle. The available actions include going to each",26482, drawer,teacher,10,3842, individual,21.375,9.336144713658178e-17,2.1682547424184406e-10,-36.91005325317383
71,70,reasoning 正文,"<reasoning>
I need to put a soapbottle on the toilet. First, I should locate the soapbottle. Since I am in a room with multiple drawers, it is likely that the soapbottle is inside one of them. I should check the drawers to find the soapbottle. The available actions include going to each drawer",11,",",student,1,11,",",41.5,0.9980732202529907,0.9770137667655945,-0.0019286142196506262
71,70,reasoning 正文,"<reasoning>
I need to put a soapbottle on the toilet. First, I should locate the soapbottle. Since I am in a room with multiple drawers, it is likely that the soapbottle is inside one of them. I should check the drawers to find the soapbottle. The available actions include going to each drawer",11,",",teacher,1,11,",",41.5,0.9998950958251953,0.9957723021507263,-0.00010489867418073118
71,70,reasoning 正文,"<reasoning>
I need to put a soapbottle on the toilet. First, I should locate the soapbottle. Since I am in a room with multiple drawers, it is likely that the soapbottle is inside one of them. I should check the drawers to find the soapbottle. The available actions include going to each drawer",11,",",student,2,13,.,37.75,0.001926734228618443,0.022977160289883614,-6.251928806304932
71,70,reasoning 正文,"<reasoning>
I need to put a soapbottle on the toilet. First, I should locate the soapbottle. Since I am in a room with multiple drawers, it is likely that the soapbottle is inside one of them. I should check the drawers to find the soapbottle. The available actions include going to each drawer",11,",",teacher,2,13,.,36.0,0.00010445345105836168,0.004069493617862463,-9.166769027709961
71,70,reasoning 正文,"<reasoning>
I need to put a soapbottle on the toilet. First, I should locate the soapbottle. Since I am in a room with multiple drawers, it is likely that the soapbottle is inside one of them. I should check the drawers to find the soapbottle. The available actions include going to each drawer",11,",",student,3,311, to,29.875,3.843323437280333e-09,8.734285074751824e-06,-19.376928329467773
71,70,reasoning 正文,"<reasoning>
I need to put a soapbottle on the toilet. First, I should locate the soapbottle. Since I am in a room with multiple drawers, it is likely that the soapbottle is inside one of them. I should check the drawers to find the soapbottle. The available actions include going to each drawer",11,",",teacher,3,311, to,32.75,4.639741746359505e-07,0.00015779146633576602,-14.583436965942383
71,70,reasoning 正文,"<reasoning>
I need to put a soapbottle on the toilet. First, I should locate the soapbottle. Since I am in a room with multiple drawers, it is likely that the soapbottle is inside one of them. I should check the drawers to find the soapbottle. The available actions include going to each drawer",11,",",student,4,31299, individually,26.0,6.0240558201474226e-12,1.8127431644643366e-07,-25.83526039123535
71,70,reasoning 正文,"<reasoning>
I need to put a soapbottle on the toilet. First, I should locate the soapbottle. Since I am in a room with multiple drawers, it is likely that the soapbottle is inside one of them. I should check the drawers to find the soapbottle. The available actions include going to each drawer",11,",",teacher,4,323, and,26.125,7.432901516502e-12,2.0935463851401437e-07,-25.625104904174805
71,70,reasoning 正文,"<reasoning>
I need to put a soapbottle on the toilet. First, I should locate the soapbottle. Since I am in a room with multiple drawers, it is likely that the soapbottle is inside one of them. I should check the drawers to find the soapbottle. The available actions include going to each drawer",11,",",student,5,323, and,24.375,4.014905270223468e-13,3.5695027378324085e-08,-28.54359245300293
71,70,reasoning 正文,"<reasoning>
I need to put a soapbottle on the toilet. First, I should locate the soapbottle. Since I am in a room with multiple drawers, it is likely that the soapbottle is inside one of them. I should check the drawers to find the soapbottle. The available actions include going to each drawer",11,",",teacher,5,31299, individually,25.875,4.900082943570805e-12,1.6304555572332902e-07,-26.04176902770996
71,70,reasoning 正文,"<reasoning>
I need to put a soapbottle on the toilet. First, I should locate the soapbottle. Since I am in a room with multiple drawers, it is likely that the soapbottle is inside one of them. I should check the drawers to find the soapbottle. The available actions include going to each drawer",11,",",student,6,825, one,24.125,2.6467855142840724e-13,2.7799314850085466e-08,-28.96026039123535
71,70,reasoning 正文,"<reasoning>
I need to put a soapbottle on the toilet. First, I should locate the soapbottle. Since I am in a room with multiple drawers, it is likely that the soapbottle is inside one of them. I should check the drawers to find the soapbottle. The available actions include going to each drawer",11,",",teacher,6,825, one,24.875,9.255048984135872e-13,5.998110452765104e-08,-27.708436965942383
71,70,reasoning 正文,"<reasoning>
I need to put a soapbottle on the toilet. First, I should locate the soapbottle. Since I am in a room with multiple drawers, it is likely that the soapbottle is inside one of them. I should check the drawers to find the soapbottle. The available actions include going to each drawer",11,",",student,7,320, (,23.875,1.7448663228256805e-13,2.165012880084305e-08,-29.376928329467773
71,70,reasoning 正文,"<reasoning>
I need to put a soapbottle on the toilet. First, I should locate the soapbottle. Since I am in a room with multiple drawers, it is likely that the soapbottle is inside one of them. I should check the drawers to find the soapbottle. The available actions include going to each drawer",11,",",teacher,7,94559, sequentially,23.75,1.4193076510078673e-13,1.9473015200333066e-08,-29.583436965942383
71,70,reasoning 正文,"<reasoning>
I need to put a soapbottle on the toilet. First, I should locate the soapbottle. Since I am in a room with multiple drawers, it is likely that the soapbottle is inside one of them. I should check the drawers to find the soapbottle. The available actions include going to each drawer",11,",",student,8,94559, sequentially,23.75,1.4167220998770325e-13,1.9106172644001163e-08,-29.58526039123535
71,70,reasoning 正文,"<reasoning>
I need to put a soapbottle on the toilet. First, I should locate the soapbottle. Since I am in a room with multiple drawers, it is likely that the soapbottle is inside one of them. I should check the drawers to find the soapbottle. The available actions include going to each drawer",11,",",teacher,8,504, from,23.5,9.35664103162738e-14,1.5165598554744975e-08,-30.000104904174805
71,70,reasoning 正文,"<reasoning>
I need to put a soapbottle on the toilet. First, I should locate the soapbottle. Since I am in a room with multiple drawers, it is likely that the soapbottle is inside one of them. I should check the drawers to find the soapbottle. The available actions include going to each drawer",11,",",student,9,504, from,21.875,6.224630830036198e-15,2.930026443692668e-09,-32.710262298583984
71,70,reasoning 正文,"<reasoning>
I need to put a soapbottle on the toilet. First, I should locate the soapbottle. Since I am in a room with multiple drawers, it is likely that the soapbottle is inside one of them. I should check the drawers to find the soapbottle. The available actions include going to each drawer",11,",",teacher,9,26,;,21.75,5.063253368143986e-15,2.6353859094996324e-09,-32.91676712036133
71,70,reasoning 正文,"<reasoning>
I need to put a soapbottle on the toilet. First, I should locate the soapbottle. Since I am in a room with multiple drawers, it is likely that the soapbottle is inside one of them. I should check the drawers to find the soapbottle. The available actions include going to each drawer",11,",",student,10,26,;,21.0,1.4479981646500165e-15,1.2214166345003719e-09,-34.16859436035156
71,70,reasoning 正文,"<reasoning>
I need to put a soapbottle on the toilet. First, I should locate the soapbottle. Since I am in a room with multiple drawers, it is likely that the soapbottle is inside one of them. I should check the drawers to find the soapbottle. The available actions include going to each drawer",11,",",teacher,10,476, or,21.5,3.3378980765638114e-15,2.0524406618704916e-09,-33.33343505859375
72,71,reasoning 正文,"<reasoning>
I need to put a soapbottle on the toilet. First, I should locate the soapbottle. Since I am in a room with multiple drawers, it is likely that the soapbottle is inside one of them. I should check the drawers to find the soapbottle. The available actions include going to each drawer,",773, so,student,1,773, so,53.75,1.0,1.0,0.0
72,71,reasoning 正文,"<reasoning>
I need to put a soapbottle on the toilet. First, I should locate the soapbottle. Since I am in a room with multiple drawers, it is likely that the soapbottle is inside one of them. I should check the drawers to find the soapbottle. The available actions include going to each drawer,",773, so,teacher,1,773, so,54.25,1.0,1.0,0.0
72,71,reasoning 正文,"<reasoning>
I need to put a soapbottle on the toilet. First, I should locate the soapbottle. Since I am in a room with multiple drawers, it is likely that the soapbottle is inside one of them. I should check the drawers to find the soapbottle. The available actions include going to each drawer,",773, so,student,2,892, which,31.0,3.411944664491378e-17,1.3176514046531196e-10,-37.916664123535156
72,71,reasoning 正文,"<reasoning>
I need to put a soapbottle on the toilet. First, I should locate the soapbottle. Since I am in a room with multiple drawers, it is likely that the soapbottle is inside one of them. I should check the drawers to find the soapbottle. The available actions include going to each drawer,",773, so,teacher,2,892, which,34.0,2.200702134766289e-15,1.6052279505629485e-09,-33.75
72,71,reasoning 正文,"<reasoning>
I need to put a soapbottle on the toilet. First, I should locate the soapbottle. Since I am in a room with multiple drawers, it is likely that the soapbottle is inside one of them. I should check the drawers to find the soapbottle. The available actions include going to each drawer,",773, so,student,3,704,so,30.375,1.2039626223418506e-17,7.052879807956103e-11,-38.95832824707031
72,71,reasoning 正文,"<reasoning>
I need to put a soapbottle on the toilet. First, I should locate the soapbottle. Since I am in a room with multiple drawers, it is likely that the soapbottle is inside one of them. I should check the drawers to find the soapbottle. The available actions include going to each drawer,",773, so,teacher,3,107020,所以我,30.5,6.4443230292520794e-18,4.8473686869998645e-11,-39.58333206176758
72,71,reasoning 正文,"<reasoning>
I need to put a soapbottle on the toilet. First, I should locate the soapbottle. Since I am in a room with multiple drawers, it is likely that the soapbottle is inside one of them. I should check the drawers to find the soapbottle. The available actions include going to each drawer,",773, so,student,4,107020,所以我,30.375,1.2039626223418506e-17,7.052879807956103e-11,-38.95832824707031
72,71,reasoning 正文,"<reasoning>
I need to put a soapbottle on the toilet. First, I should locate the soapbottle. Since I am in a room with multiple drawers, it is likely that the soapbottle is inside one of them. I should check the drawers to find the soapbottle. The available actions include going to each drawer,",773, so,teacher,4,704,so,30.375,5.232386799395524e-18,4.2777878461741636e-11,-39.791664123535156
72,71,reasoning 正文,"<reasoning>
I need to put a soapbottle on the toilet. First, I should locate the soapbottle. Since I am in a room with multiple drawers, it is likely that the soapbottle is inside one of them. I should check the drawers to find the soapbottle. The available actions include going to each drawer,",773, so,student,5,99999,所以,30.0,6.44434743108015e-18,4.8473686869998645e-11,-39.58332824707031
72,71,reasoning 正文,"<reasoning>
I need to put a soapbottle on the toilet. First, I should locate the soapbottle. Since I am in a room with multiple drawers, it is likely that the soapbottle is inside one of them. I should check the drawers to find the soapbottle. The available actions include going to each drawer,",773, so,teacher,5,5916, starting,29.875,2.2739800948881426e-18,2.5946095966178362e-11,-40.625
72,71,reasoning 正文,"<reasoning>
I need to put a soapbottle on the toilet. First, I should locate the soapbottle. Since I am in a room with multiple drawers, it is likely that the soapbottle is inside one of them. I should check the drawers to find the soapbottle. The available actions include going to each drawer,",773, so,student,6,5916, starting,29.375,2.2739887802845744e-18,2.5946095966178362e-11,-40.624996185302734
72,71,reasoning 正文,"<reasoning>
I need to put a soapbottle on the toilet. First, I should locate the soapbottle. Since I am in a room with multiple drawers, it is likely that the soapbottle is inside one of them. I should check the drawers to find the soapbottle. The available actions include going to each drawer,",773, so,teacher,6,99999,所以,29.75,1.8463295793546055e-18,2.2897348947448215e-11,-40.83333206176758
72,71,reasoning 正文,"<reasoning>
I need to put a soapbottle on the toilet. First, I should locate the soapbottle. Since I am in a room with multiple drawers, it is likely that the soapbottle is inside one of them. I should check the drawers to find the soapbottle. The available actions include going to each drawer,",773, so,student,7,2055, So,27.0,4.342167657088625e-20,2.4133626954497833e-12,-44.58332824707031
72,71,reasoning 正文,"<reasoning>
I need to put a soapbottle on the toilet. First, I should locate the soapbottle. Since I am in a room with multiple drawers, it is likely that the soapbottle is inside one of them. I should check the drawers to find the soapbottle. The available actions include going to each drawer,",773, so,teacher,7,323, and,27.75,6.586602695803357e-20,3.098819161342914e-12,-44.166664123535156
72,71,reasoning 正文,"<reasoning>
I need to put a soapbottle on the toilet. First, I should locate the soapbottle. Since I am in a room with multiple drawers, it is likely that the soapbottle is inside one of them. I should check the drawers to find the soapbottle. The available actions include going to each drawer,",773, so,student,8,323, and,26.75,2.862529272456217e-20,1.879528650772233e-12,-44.999996185302734
72,71,reasoning 正文,"<reasoning>
I need to put a soapbottle on the toilet. First, I should locate the soapbottle. Since I am in a room with multiple drawers, it is likely that the soapbottle is inside one of them. I should check the drawers to find the soapbottle. The available actions include going to each drawer,",773, so,teacher,8,2055, So,26.75,1.244047006419649e-20,1.1399918552548738e-12,-45.83333206176758
72,71,reasoning 正文,"<reasoning>
I need to put a soapbottle on the toilet. First, I should locate the soapbottle. Since I am in a room with multiple drawers, it is likely that the soapbottle is inside one of them. I should check the drawers to find the soapbottle. The available actions include going to each drawer,",773, so,student,9,2670, including,24.625,8.291309796333216e-22,2.2447771723041465e-13,-48.541664123535156
72,71,reasoning 正文,"<reasoning>
I need to put a soapbottle on the toilet. First, I should locate the soapbottle. Since I am in a room with multiple drawers, it is likely that the soapbottle is inside one of them. I should check the drawers to find the soapbottle. The available actions include going to each drawer,",773, so,teacher,9,2670, including,24.75,4.43801836167404e-22,1.5428111533547645e-13,-49.166664123535156
72,71,reasoning 正文,"<reasoning>
I need to put a soapbottle on the toilet. First, I should locate the soapbottle. Since I am in a room with multiple drawers, it is likely that the soapbottle is inside one of them. I should check the drawers to find the soapbottle. The available actions include going to each drawer,",773, so,student,10,4416,So,24.5,6.732024359443804e-22,1.9810088085995409e-13,-48.749996185302734
72,71,reasoning 正文,"<reasoning>
I need to put a soapbottle on the toilet. First, I should locate the soapbottle. Since I am in a room with multiple drawers, it is likely that the soapbottle is inside one of them. I should check the drawers to find the soapbottle. The available actions include going to each drawer,",773, so,teacher,10,4416,So,23.875,1.032385422106359e-22,6.431393774746635e-14,-50.625
73,72,reasoning 正文,"<reasoning>
I need to put a soapbottle on the toilet. First, I should locate the soapbottle. Since I am in a room with multiple drawers, it is likely that the soapbottle is inside one of them. I should check the drawers to find the soapbottle. The available actions include going to each drawer, so",358, I,student,1,358, I,45.5,1.0,0.999954342842102,0.0
73,72,reasoning 正文,"<reasoning>
I need to put a soapbottle on the toilet. First, I should locate the soapbottle. Since I am in a room with multiple drawers, it is likely that the soapbottle is inside one of them. I should check the drawers to find the soapbottle. The available actions include going to each drawer, so",358, I,teacher,1,358, I,47.5,1.0,0.9999991059303284,0.0
73,72,reasoning 正文,"<reasoning>
I need to put a soapbottle on the toilet. First, I should locate the soapbottle. Since I am in a room with multiple drawers, it is likely that the soapbottle is inside one of them. I should check the drawers to find the soapbottle. The available actions include going to each drawer, so",358, I,student,2,279, the,35.5,5.777763334435804e-08,4.5397850044537336e-05,-16.666664123535156
73,72,reasoning 正文,"<reasoning>
I need to put a soapbottle on the toilet. First, I should locate the soapbottle. Since I am in a room with multiple drawers, it is likely that the soapbottle is inside one of them. I should check the drawers to find the soapbottle. The available actions include going to each drawer, so",358, I,teacher,2,279, the,33.5,7.35296754039716e-11,8.315279274029308e-07,-23.333332061767578
73,72,reasoning 正文,"<reasoning>
I need to put a soapbottle on the toilet. First, I should locate the soapbottle. Since I am in a room with multiple drawers, it is likely that the soapbottle is inside one of them. I should check the drawers to find the soapbottle. The available actions include going to each drawer, so",358, I,student,3,847, my,30.0,6.035706223012083e-12,1.8553065217474796e-07,-25.833328247070312
73,72,reasoning 正文,"<reasoning>
I need to put a soapbottle on the toilet. First, I should locate the soapbottle. Since I am in a room with multiple drawers, it is likely that the soapbottle is inside one of them. I should check the drawers to find the soapbottle. The available actions include going to each drawer, so",358, I,teacher,3,847, my,28.875,3.301996330984554e-14,8.152020392060422e-09,-31.041664123535156
73,72,reasoning 正文,"<reasoning>
I need to put a soapbottle on the toilet. First, I should locate the soapbottle. Since I am in a room with multiple drawers, it is likely that the soapbottle is inside one of them. I should check the drawers to find the soapbottle. The available actions include going to each drawer, so",358, I,student,4,35946,我,27.25,6.16894095485307e-14,1.1860577409095185e-08,-30.416664123535156
73,72,reasoning 正文,"<reasoning>
I need to put a soapbottle on the toilet. First, I should locate the soapbottle. Since I am in a room with multiple drawers, it is likely that the soapbottle is inside one of them. I should check the drawers to find the soapbottle. The available actions include going to each drawer, so",358, I,teacher,4,35946,我,27.875,6.2366570038213144e-15,2.998960857425459e-09,-32.70833206176758
73,72,reasoning 正文,"<reasoning>
I need to put a soapbottle on the toilet. First, I should locate the soapbottle. Since I am in a room with multiple drawers, it is likely that the soapbottle is inside one of them. I should check the drawers to find the soapbottle. The available actions include going to each drawer, so",358, I,student,5,40,I,26.25,1.1651653932323331e-14,4.363262640083576e-09,-32.08332824707031
73,72,reasoning 正文,"<reasoning>
I need to put a soapbottle on the toilet. First, I should locate the soapbottle. Since I am in a room with multiple drawers, it is likely that the soapbottle is inside one of them. I should check the drawers to find the soapbottle. The available actions include going to each drawer, so",358, I,teacher,5,40,I,26.875,1.1779508261755447e-15,1.1032560420787263e-09,-34.375
73,72,reasoning 正文,"<reasoning>
I need to put a soapbottle on the toilet. First, I should locate the soapbottle. Since I am in a room with multiple drawers, it is likely that the soapbottle is inside one of them. I should check the drawers to find the soapbottle. The available actions include going to each drawer, so",358, I,student,6,105351,我会,25.625,4.11146827981922e-15,2.335486248838947e-09,-33.124996185302734
73,72,reasoning 正文,"<reasoning>
I need to put a soapbottle on the toilet. First, I should locate the soapbottle. Since I am in a room with multiple drawers, it is likely that the soapbottle is inside one of them. I should check the drawers to find the soapbottle. The available actions include going to each drawer, so",358, I,teacher,6,105351,我会,26.125,3.37488578190892e-16,5.211412412720051e-10,-35.625
73,72,reasoning 正文,"<reasoning>
I need to put a soapbottle on the toilet. First, I should locate the soapbottle. Since I am in a room with multiple drawers, it is likely that the soapbottle is inside one of them. I should check the drawers to find the soapbottle. The available actions include going to each drawer, so",358, I,student,7,432, it,24.625,7.765550944219734e-16,8.591773403843206e-10,-34.791664123535156
73,72,reasoning 正文,"<reasoning>
I need to put a soapbottle on the toilet. First, I should locate the soapbottle. Since I am in a room with multiple drawers, it is likely that the soapbottle is inside one of them. I should check the drawers to find the soapbottle. The available actions include going to each drawer, so",358, I,teacher,7,432, it,25.625,1.4667211926743624e-16,3.16088155649652e-10,-36.45833206176758
73,72,reasoning 正文,"<reasoning>
I need to put a soapbottle on the toilet. First, I should locate the soapbottle. Since I am in a room with multiple drawers, it is likely that the soapbottle is inside one of them. I should check the drawers to find the soapbottle. The available actions include going to each drawer, so",358, I,student,8,104515,我要,21.375,3.4494109831563548e-18,3.331392106620257e-11,-40.20832824707031
73,72,reasoning 正文,"<reasoning>
I need to put a soapbottle on the toilet. First, I should locate the soapbottle. Since I am in a room with multiple drawers, it is likely that the soapbottle is inside one of them. I should check the drawers to find the soapbottle. The available actions include going to each drawer, so",358, I,teacher,8,104515,我要,22.125,4.2950045327472363e-19,9.545034901359273e-12,-42.291664123535156
73,72,reasoning 正文,"<reasoning>
I need to put a soapbottle on the toilet. First, I should locate the soapbottle. Since I am in a room with multiple drawers, it is likely that the soapbottle is inside one of them. I should check the drawers to find the soapbottle. The available actions include going to each drawer, so",358, I,student,9,5916, starting,18.875,5.347909422028002e-20,2.7345729847194633e-12,-44.374996185302734
73,72,reasoning 正文,"<reasoning>
I need to put a soapbottle on the toilet. First, I should locate the soapbottle. Since I am in a room with multiple drawers, it is likely that the soapbottle is inside one of them. I should check the drawers to find the soapbottle. The available actions include going to each drawer, so",358, I,teacher,9,5916, starting,20.0,1.244047006419649e-20,1.1399918552548738e-12,-45.83333206176758
73,72,reasoning 正文,"<reasoning>
I need to put a soapbottle on the toilet. First, I should locate the soapbottle. Since I am in a room with multiple drawers, it is likely that the soapbottle is inside one of them. I should check the drawers to find the soapbottle. The available actions include going to each drawer, so",358, I,student,10,128296, tôi,18.5,2.862529272456217e-20,1.8794427819601722e-12,-44.999996185302734
73,72,reasoning 正文,"<reasoning>
I need to put a soapbottle on the toilet. First, I should locate the soapbottle. Since I am in a room with multiple drawers, it is likely that the soapbottle is inside one of them. I should check the drawers to find the soapbottle. The available actions include going to each drawer, so",358, I,teacher,10,128296, tôi,19.125,2.893951351689113e-21,4.75219310517444e-13,-47.291664123535156
74,73,reasoning 正文,"<reasoning>
I need to put a soapbottle on the toilet. First, I should locate the soapbottle. Since I am in a room with multiple drawers, it is likely that the soapbottle is inside one of them. I should check the drawers to find the soapbottle. The available actions include going to each drawer, so I",686, will,student,1,686, will,46.0,0.9997597932815552,0.9933068156242371,-0.00024029705673456192
74,73,reasoning 正文,"<reasoning>
I need to put a soapbottle on the toilet. First, I should locate the soapbottle. Since I am in a room with multiple drawers, it is likely that the soapbottle is inside one of them. I should check the drawers to find the soapbottle. The available actions include going to each drawer, so I",686, will,teacher,1,686, will,46.75,0.999987006187439,0.998830258846283,-1.2993727978027891e-05
74,73,reasoning 正文,"<reasoning>
I need to put a soapbottle on the toilet. First, I should locate the soapbottle. Since I am in a room with multiple drawers, it is likely that the soapbottle is inside one of them. I should check the drawers to find the soapbottle. The available actions include going to each drawer, so I",686, will,student,2,1265, should,41.0,0.0002403110993327573,0.006692848168313503,-8.333576202392578
74,73,reasoning 正文,"<reasoning>
I need to put a soapbottle on the toilet. First, I should locate the soapbottle. Since I am in a room with multiple drawers, it is likely that the soapbottle is inside one of them. I should check the drawers to find the soapbottle. The available actions include going to each drawer, so I",686, will,teacher,2,1265, should,40.0,1.3007123015995603e-05,0.001169509720057249,-11.25001335144043
74,73,reasoning 正文,"<reasoning>
I need to put a soapbottle on the toilet. First, I should locate the soapbottle. Since I am in a room with multiple drawers, it is likely that the soapbottle is inside one of them. I should check the drawers to find the soapbottle. The available actions include going to each drawer, so I",686, will,student,3,3278,'ll,31.125,1.7100652491275348e-11,3.4431263884471264e-07,-24.79190444946289
74,73,reasoning 正文,"<reasoning>
I need to put a soapbottle on the toilet. First, I should locate the soapbottle. Since I am in a room with multiple drawers, it is likely that the soapbottle is inside one of them. I should check the drawers to find the soapbottle. The available actions include going to each drawer, so I",686, will,teacher,3,3278,'ll,31.5,9.155397794058384e-12,2.3795836057161068e-07,-25.416677474975586
74,73,reasoning 正文,"<reasoning>
I need to put a soapbottle on the toilet. First, I should locate the soapbottle. Since I am in a room with multiple drawers, it is likely that the soapbottle is inside one of them. I should check the drawers to find the soapbottle. The available actions include going to each drawer, so I",686, will,student,4,646, can,27.125,2.1762842924793156e-14,6.3063056998657885e-09,-31.458572387695312
74,73,reasoning 正文,"<reasoning>
I need to put a soapbottle on the toilet. First, I should locate the soapbottle. Since I am in a room with multiple drawers, it is likely that the soapbottle is inside one of them. I should check the drawers to find the soapbottle. The available actions include going to each drawer, so I",686, will,teacher,4,646, can,28.0,2.680968037090288e-14,7.185712913582165e-09,-31.25001335144043
74,73,reasoning 正文,"<reasoning>
I need to put a soapbottle on the toilet. First, I should locate the soapbottle. Since I am in a room with multiple drawers, it is likely that the soapbottle is inside one of them. I should check the drawers to find the soapbottle. The available actions include going to each drawer, so I",686, will,student,5,1184, need,26.125,4.1104645457767236e-15,2.3199602239287742e-09,-33.125240325927734
74,73,reasoning 正文,"<reasoning>
I need to put a soapbottle on the toilet. First, I should locate the soapbottle. Since I am in a room with multiple drawers, it is likely that the soapbottle is inside one of them. I should check the drawers to find the soapbottle. The available actions include going to each drawer, so I",686, will,teacher,5,14387,will,25.0,1.8064256090552717e-16,3.5775557516437573e-10,-36.2500114440918
74,73,reasoning 正文,"<reasoning>
I need to put a soapbottle on the toilet. First, I should locate the soapbottle. Since I am in a room with multiple drawers, it is likely that the soapbottle is inside one of them. I should check the drawers to find the soapbottle. The available actions include going to each drawer, so I",686, will,student,6,14387,will,25.0,6.303601723411966e-16,7.531808510208293e-10,-35.000240325927734
74,73,reasoning 正文,"<reasoning>
I need to put a soapbottle on the toilet. First, I should locate the soapbottle. Since I am in a room with multiple drawers, it is likely that the soapbottle is inside one of them. I should check the drawers to find the soapbottle. The available actions include going to each drawer, so I",686, will,teacher,6,4841, Will,23.375,1.2039443416503132e-17,7.044625299768015e-11,-38.958343505859375
74,73,reasoning 正文,"<reasoning>
I need to put a soapbottle on the toilet. First, I should locate the soapbottle. Since I am in a room with multiple drawers, it is likely that the soapbottle is inside one of them. I should check the drawers to find the soapbottle. The available actions include going to each drawer, so I",686, will,student,7,1035, would,22.75,1.4824649874475332e-17,7.938467244672509e-11,-38.750240325927734
74,73,reasoning 正文,"<reasoning>
I need to put a soapbottle on the toilet. First, I should locate the soapbottle. Since I am in a room with multiple drawers, it is likely that the soapbottle is inside one of them. I should check the drawers to find the soapbottle. The available actions include going to each drawer, so I",686, will,teacher,7,128267, sẽ,22.5,2.8006627413080595e-18,2.9366366977034986e-11,-40.41667556762695
74,73,reasoning 正文,"<reasoning>
I need to put a soapbottle on the toilet. First, I should locate the soapbottle. Since I am in a room with multiple drawers, it is likely that the soapbottle is inside one of them. I should check the drawers to find the soapbottle. The available actions include going to each drawer, so I",686, will,student,8,4841, Will,22.625,1.2036688077882718e-17,7.005673124949041e-11,-38.95857238769531
74,73,reasoning 正文,"<reasoning>
I need to put a soapbottle on the toilet. First, I should locate the soapbottle. Since I am in a room with multiple drawers, it is likely that the soapbottle is inside one of them. I should check the drawers to find the soapbottle. The available actions include going to each drawer, so I",686, will,teacher,8,1184, need,22.375,2.2739542454940003e-18,2.5915727897007912e-11,-40.6250114440918
74,73,reasoning 正文,"<reasoning>
I need to put a soapbottle on the toilet. First, I should locate the soapbottle. Since I am in a room with multiple drawers, it is likely that the soapbottle is inside one of them. I should check the drawers to find the soapbottle. The available actions include going to each drawer, so I",686, will,student,9,4880, shall,22.0,4.247333390262769e-18,3.749866736568741e-11,-40.000240325927734
74,73,reasoning 正文,"<reasoning>
I need to put a soapbottle on the toilet. First, I should locate the soapbottle. Since I am in a room with multiple drawers, it is likely that the soapbottle is inside one of them. I should check the drawers to find the soapbottle. The available actions include going to each drawer, so I",686, will,teacher,9,4880, shall,22.375,2.2739542454940003e-18,2.5915727897007912e-11,-40.6250114440918
74,73,reasoning 正文,"<reasoning>
I need to put a soapbottle on the toilet. First, I should locate the soapbottle. Since I am in a room with multiple drawers, it is likely that the soapbottle is inside one of them. I should check the drawers to find the soapbottle. The available actions include going to each drawer, so I",686, will,student,10,128267, sẽ,22.0,4.247333390262769e-18,3.749866736568741e-11,-40.000240325927734
74,73,reasoning 正文,"<reasoning>
I need to put a soapbottle on the toilet. First, I should locate the soapbottle. Since I am in a room with multiple drawers, it is likely that the soapbottle is inside one of them. I should check the drawers to find the soapbottle. The available actions include going to each drawer, so I",686, will,teacher,10,1035, would,22.125,1.4990868096255106e-18,2.018318845387057e-11,-41.04167556762695
75,74,reasoning 正文,"<reasoning>
I need to put a soapbottle on the toilet. First, I should locate the soapbottle. Since I am in a room with multiple drawers, it is likely that the soapbottle is inside one of them. I should check the drawers to find the soapbottle. The available actions include going to each drawer, so I will",1191, start,student,1,1191, start,44.0,1.0,0.9999699592590332,0.0
75,74,reasoning 正文,"<reasoning>
I need to put a soapbottle on the toilet. First, I should locate the soapbottle. Since I am in a room with multiple drawers, it is likely that the soapbottle is inside one of them. I should check the drawers to find the soapbottle. The available actions include going to each drawer, so I will",1191, start,teacher,1,1191, start,43.75,0.9999998807907104,0.9999101161956787,-1.1920928244535389e-07
75,74,reasoning 正文,"<reasoning>
I need to put a soapbottle on the toilet. First, I should locate the soapbottle. Since I am in a room with multiple drawers, it is likely that the soapbottle is inside one of them. I should check the drawers to find the soapbottle. The available actions include going to each drawer, so I will",1191, start,student,2,3161, begin,33.0,1.0912812875574218e-08,1.6701207641744986e-05,-18.333328247070312
75,74,reasoning 正文,"<reasoning>
I need to put a soapbottle on the toilet. First, I should locate the soapbottle. Since I am in a room with multiple drawers, it is likely that the soapbottle is inside one of them. I should check the drawers to find the soapbottle. The available actions include going to each drawer, so I will",1191, start,teacher,2,3161, begin,34.0,8.764248349280024e-08,5.828943903907202e-05,-16.25
75,74,reasoning 正文,"<reasoning>
I need to put a soapbottle on the toilet. First, I should locate the soapbottle. Since I am in a room with multiple drawers, it is likely that the soapbottle is inside one of them. I should check the drawers to find the soapbottle. The available actions include going to each drawer, so I will",1191, start,student,3,10354, proceed,32.5,4.742676917857125e-09,1.0129794645763468e-05,-19.166664123535156
75,74,reasoning 正文,"<reasoning>
I need to put a soapbottle on the toilet. First, I should locate the soapbottle. Since I am in a room with multiple drawers, it is likely that the soapbottle is inside one of them. I should check the drawers to find the soapbottle. The available actions include going to each drawer, so I will",1191, start,teacher,3,10354, proceed,32.75,1.0912771131188492e-08,1.670020355959423e-05,-18.333332061767578
75,74,reasoning 正文,"<reasoning>
I need to put a soapbottle on the toilet. First, I should locate the soapbottle. Since I am in a room with multiple drawers, it is likely that the soapbottle is inside one of them. I should check the drawers to find the soapbottle. The available actions include going to each drawer, so I will",1191, start,student,4,5157, choose,31.25,5.905326783128828e-10,2.9022346552665113e-06,-21.249996185302734
75,74,reasoning 正文,"<reasoning>
I need to put a soapbottle on the toilet. First, I should locate the soapbottle. Since I am in a room with multiple drawers, it is likely that the soapbottle is inside one of them. I should check the drawers to find the soapbottle. The available actions include going to each drawer, so I will",1191, start,teacher,4,5157, choose,32.5,7.194133289090132e-09,1.300613166677067e-05,-18.75
75,74,reasoning 正文,"<reasoning>
I need to put a soapbottle on the toilet. First, I should locate the soapbottle. Since I am in a room with multiple drawers, it is likely that the soapbottle is inside one of them. I should check the drawers to find the soapbottle. The available actions include going to each drawer, so I will",1191, start,student,5,728, go,28.875,1.127618397961383e-11,2.6994985091732815e-07,-25.208328247070312
75,74,reasoning 正文,"<reasoning>
I need to put a soapbottle on the toilet. First, I should locate the soapbottle. Since I am in a room with multiple drawers, it is likely that the soapbottle is inside one of them. I should check the drawers to find the soapbottle. The available actions include going to each drawer, so I will",1191, start,teacher,5,728, go,30.5,2.566437617979034e-10,1.7601885247131577e-06,-22.083332061767578
75,74,reasoning 正文,"<reasoning>
I need to put a soapbottle on the toilet. First, I should locate the soapbottle. Since I am in a room with multiple drawers, it is likely that the soapbottle is inside one of them. I should check the drawers to find the soapbottle. The available actions include going to each drawer, so I will",1191, start,student,6,5145, Start,26.75,3.2661438657821673e-13,3.2240883740541904e-08,-28.749996185302734
75,74,reasoning 正文,"<reasoning>
I need to put a soapbottle on the toilet. First, I should locate the soapbottle. Since I am in a room with multiple drawers, it is likely that the soapbottle is inside one of them. I should check the drawers to find the soapbottle. The available actions include going to each drawer, so I will",1191, start,teacher,6,3293, select,26.0,1.4194565932813125e-13,1.9553928254367747e-08,-29.583332061767578
75,74,reasoning 正文,"<reasoning>
I need to put a soapbottle on the toilet. First, I should locate the soapbottle. Since I am in a room with multiple drawers, it is likely that the soapbottle is inside one of them. I should check the drawers to find the soapbottle. The available actions include going to each drawer, so I will",1191, start,student,7,1156, first,26.75,3.2661438657821673e-13,3.2240883740541904e-08,-28.749996185302734
75,74,reasoning 正文,"<reasoning>
I need to put a soapbottle on the toilet. First, I should locate the soapbottle. Since I am in a room with multiple drawers, it is likely that the soapbottle is inside one of them. I should check the drawers to find the soapbottle. The available actions include going to each drawer, so I will",1191, start,teacher,7,5145, Start,25.875,1.1525098909080655e-13,1.72562817368771e-08,-29.791664123535156
75,74,reasoning 正文,"<reasoning>
I need to put a soapbottle on the toilet. First, I should locate the soapbottle. Since I am in a room with multiple drawers, it is likely that the soapbottle is inside one of them. I should check the drawers to find the soapbottle. The available actions include going to each drawer, so I will",1191, start,student,8,8471, starts,26.5,2.1531719820739453e-13,2.5109224921493478e-08,-29.166664123535156
75,74,reasoning 正文,"<reasoning>
I need to put a soapbottle on the toilet. First, I should locate the soapbottle. Since I am in a room with multiple drawers, it is likely that the soapbottle is inside one of them. I should check the drawers to find the soapbottle. The available actions include going to each drawer, so I will",1191, start,teacher,8,8471, starts,25.75,9.357622912219837e-14,1.52286148136227e-08,-30.0
75,74,reasoning 正文,"<reasoning>
I need to put a soapbottle on the toilet. First, I should locate the soapbottle. Since I am in a room with multiple drawers, it is likely that the soapbottle is inside one of them. I should check the drawers to find the soapbottle. The available actions include going to each drawer, so I will",1191, start,student,9,1184, need,25.625,5.0087938083167444e-14,1.046708231200455e-08,-30.624996185302734
75,74,reasoning 正文,"<reasoning>
I need to put a soapbottle on the toilet. First, I should locate the soapbottle. Since I am in a room with multiple drawers, it is likely that the soapbottle is inside one of them. I should check the drawers to find the soapbottle. The available actions include going to each drawer, so I will",1191, start,teacher,9,55286,开始,25.0,2.6810039512872516e-14,7.19348847155743e-09,-31.25
75,74,reasoning 正文,"<reasoning>
I need to put a soapbottle on the toilet. First, I should locate the soapbottle. Since I am in a room with multiple drawers, it is likely that the soapbottle is inside one of them. I should check the drawers to find the soapbottle. The available actions include going to each drawer, so I will",1191, start,student,10,2468,start,25.375,3.301996330984554e-14,8.151771702102906e-09,-31.041664123535156
75,74,reasoning 正文,"<reasoning>
I need to put a soapbottle on the toilet. First, I should locate the soapbottle. Since I am in a room with multiple drawers, it is likely that the soapbottle is inside one of them. I should check the drawers to find the soapbottle. The available actions include going to each drawer, so I will",1191, start,teacher,10,1156, first,24.5,1.1651609886610074e-14,4.363071237634131e-09,-32.08333206176758
76,75,reasoning 正文,"<reasoning>
I need to put a soapbottle on the toilet. First, I should locate the soapbottle. Since I am in a room with multiple drawers, it is likely that the soapbottle is inside one of them. I should check the drawers to find the soapbottle. The available actions include going to each drawer, so I will start",553, by,student,1,553, by,48.0,1.0,0.9999938607215881,0.0
76,75,reasoning 正文,"<reasoning>
I need to put a soapbottle on the toilet. First, I should locate the soapbottle. Since I am in a room with multiple drawers, it is likely that the soapbottle is inside one of them. I should check the drawers to find the soapbottle. The available actions include going to each drawer, so I will start",553, by,teacher,1,553, by,48.0,1.0,0.999987006187439,0.0
76,75,reasoning 正文,"<reasoning>
I need to put a soapbottle on the toilet. First, I should locate the soapbottle. Since I am in a room with multiple drawers, it is likely that the soapbottle is inside one of them. I should check the drawers to find the soapbottle. The available actions include going to each drawer, so I will start",553, by,student,2,448, with,36.0,2.061153470123145e-09,6.144177405076334e-06,-20.0
76,75,reasoning 正文,"<reasoning>
I need to put a soapbottle on the toilet. First, I should locate the soapbottle. Since I am in a room with multiple drawers, it is likely that the soapbottle is inside one of them. I should check the drawers to find the soapbottle. The available actions include going to each drawer, so I will start",553, by,teacher,2,448, with,36.75,7.194133289090132e-09,1.3007123015995603e-05,-18.75
76,75,reasoning 正文,"<reasoning>
I need to put a soapbottle on the toilet. First, I should locate the soapbottle. Since I am in a room with multiple drawers, it is likely that the soapbottle is inside one of them. I should check the drawers to find the soapbottle. The available actions include going to each drawer, so I will start",553, by,student,3,67071,由,23.125,9.882652480537214e-19,1.573701238766212e-11,-41.458335876464844
76,75,reasoning 正文,"<reasoning>
I need to put a soapbottle on the toilet. First, I should locate the soapbottle. Since I am in a room with multiple drawers, it is likely that the soapbottle is inside one of them. I should check the drawers to find the soapbottle. The available actions include going to each drawer, so I will start",553, by,teacher,3,1694,by,22.75,5.289802439688595e-19,1.0815797042706965e-11,-42.083335876464844
76,75,reasoning 正文,"<reasoning>
I need to put a soapbottle on the toilet. First, I should locate the soapbottle. Since I am in a room with multiple drawers, it is likely that the soapbottle is inside one of them. I should check the drawers to find the soapbottle. The available actions include going to each drawer, so I will start",553, by,student,4,1694,by,23.0,8.024095000379967e-19,1.3887864816486406e-11,-41.66666793823242
76,75,reasoning 正文,"<reasoning>
I need to put a soapbottle on the toilet. First, I should locate the soapbottle. Since I am in a room with multiple drawers, it is likely that the soapbottle is inside one of them. I should check the drawers to find the soapbottle. The available actions include going to each drawer, so I will start",553, by,teacher,4,67071,由,22.625,4.2949882476289266e-19,9.544907399183788e-12,-42.29166793823242
76,75,reasoning 正文,"<reasoning>
I need to put a soapbottle on the toilet. First, I should locate the soapbottle. Since I am in a room with multiple drawers, it is likely that the soapbottle is inside one of them. I should check the drawers to find the soapbottle. The available actions include going to each drawer, so I will start",553, by,student,5,3216, By,21.75,9.991172114555636e-20,3.978939573656692e-12,-43.75
76,75,reasoning 正文,"<reasoning>
I need to put a soapbottle on the toilet. First, I should locate the soapbottle. Since I am in a room with multiple drawers, it is likely that the soapbottle is inside one of them. I should check the drawers to find the soapbottle. The available actions include going to each drawer, so I will start",553, by,teacher,5,3216, By,22.125,1.8665965124885263e-19,5.7892792122704595e-12,-43.125
76,75,reasoning 正文,"<reasoning>
I need to put a soapbottle on the toilet. First, I should locate the soapbottle. Since I am in a room with multiple drawers, it is likely that the soapbottle is inside one of them. I should check the drawers to find the soapbottle. The available actions include going to each drawer, so I will start",553, by,student,6,128411, bằng,21.125,3.525541029046464e-20,2.1297729205227434e-12,-44.79166793823242
76,75,reasoning 正文,"<reasoning>
I need to put a soapbottle on the toilet. First, I should locate the soapbottle. Since I am in a room with multiple drawers, it is likely that the soapbottle is inside one of them. I should check the drawers to find the soapbottle. The available actions include going to each drawer, so I will start",553, by,teacher,6,128411, bằng,21.125,3.525541029046464e-20,2.129756657490156e-12,-44.79166793823242
76,75,reasoning 正文,"<reasoning>
I need to put a soapbottle on the toilet. First, I should locate the soapbottle. Since I am in a room with multiple drawers, it is likely that the soapbottle is inside one of them. I should check the drawers to find the soapbottle. The available actions include going to each drawer, so I will start",553, by,student,7,51316, oleh,20.75,1.8870860670671488e-20,1.4637700773700857e-12,-45.41666793823242
76,75,reasoning 正文,"<reasoning>
I need to put a soapbottle on the toilet. First, I should locate the soapbottle. Since I am in a room with multiple drawers, it is likely that the soapbottle is inside one of them. I should check the drawers to find the soapbottle. The available actions include going to each drawer, so I will start",553, by,teacher,7,518, at,21.125,3.525541029046464e-20,2.129756657490156e-12,-44.79166793823242
76,75,reasoning 正文,"<reasoning>
I need to put a soapbottle on the toilet. First, I should locate the soapbottle. Since I am in a room with multiple drawers, it is likely that the soapbottle is inside one of them. I should check the drawers to find the soapbottle. The available actions include going to each drawer, so I will start",553, by,student,8,518, at,20.625,1.532195695919923e-20,1.2917726784078543e-12,-45.625
76,75,reasoning 正文,"<reasoning>
I need to put a soapbottle on the toilet. First, I should locate the soapbottle. Since I am in a room with multiple drawers, it is likely that the soapbottle is inside one of them. I should check the drawers to find the soapbottle. The available actions include going to each drawer, so I will start",553, by,teacher,8,51316, oleh,20.5,1.244042240437604e-20,1.139976676424459e-12,-45.833335876464844
76,75,reasoning 正文,"<reasoning>
I need to put a soapbottle on the toilet. First, I should locate the soapbottle. Since I am in a room with multiple drawers, it is likely that the soapbottle is inside one of them. I should check the drawers to find the soapbottle. The available actions include going to each drawer, so I will start",553, by,student,9,3710,_by,20.375,1.0100843823759237e-20,1.0060334726738618e-12,-46.04166793823242
76,75,reasoning 正文,"<reasoning>
I need to put a soapbottle on the toilet. First, I should locate the soapbottle. Since I am in a room with multiple drawers, it is likely that the soapbottle is inside one of them. I should check the drawers to find the soapbottle. The available actions include going to each drawer, so I will start",553, by,teacher,9,3710,_by,20.375,1.0100843823759237e-20,1.0060258832586544e-12,-46.04166793823242
76,75,reasoning 正文,"<reasoning>
I need to put a soapbottle on the toilet. First, I should locate the soapbottle. Since I am in a room with multiple drawers, it is likely that the soapbottle is inside one of them. I should check the drawers to find the soapbottle. The available actions include going to each drawer, so I will start",553, by,student,10,1359,By,18.625,5.465940219452041e-22,1.7482242324791397e-13,-48.958335876464844
76,75,reasoning 正文,"<reasoning>
I need to put a soapbottle on the toilet. First, I should locate the soapbottle. Since I am in a room with multiple drawers, it is likely that the soapbottle is inside one of them. I should check the drawers to find the soapbottle. The available actions include going to each drawer, so I will start",553, by,teacher,10,1359,By,19.0,1.0211720357067937e-21,2.543631538037827e-13,-48.333335876464844
77,76,reasoning 正文,"<reasoning>
I need to put a soapbottle on the toilet. First, I should locate the soapbottle. Since I am in a room with multiple drawers, it is likely that the soapbottle is inside one of them. I should check the drawers to find the soapbottle. The available actions include going to each drawer, so I will start by",2087, going,student,1,2087, going,40.5,0.9999992847442627,0.9997900724411011,-7.152555099310121e-07
77,76,reasoning 正文,"<reasoning>
I need to put a soapbottle on the toilet. First, I should locate the soapbottle. Since I am in a room with multiple drawers, it is likely that the soapbottle is inside one of them. I should check the drawers to find the soapbottle. The available actions include going to each drawer, so I will start by",2087, going,teacher,1,2087, going,40.0,0.9987289309501648,0.9819871783256531,-0.0012718691723421216
77,76,reasoning 正文,"<reasoning>
I need to put a soapbottle on the toilet. First, I should locate the soapbottle. Since I am in a room with multiple drawers, it is likely that the soapbottle is inside one of them. I should check the drawers to find the soapbottle. The available actions include going to each drawer, so I will start by",2087, going,student,2,13295, checking,32.0,7.038722742436221e-07,0.00020342569041531533,-14.166668891906738
77,76,reasoning 正文,"<reasoning>
I need to put a soapbottle on the toilet. First, I should locate the soapbottle. Since I am in a room with multiple drawers, it is likely that the soapbottle is inside one of them. I should check the drawers to find the soapbottle. The available actions include going to each drawer, so I will start by",2087, going,teacher,2,13295, checking,36.0,0.0012710195733234286,0.017985723912715912,-6.667935848236084
77,76,reasoning 正文,"<reasoning>
I need to put a soapbottle on the toilet. First, I should locate the soapbottle. Since I am in a room with multiple drawers, it is likely that the soapbottle is inside one of them. I should check the drawers to find the soapbottle. The available actions include going to each drawer, so I will start by",2087, going,student,3,7218, moving,27.875,7.27310212056409e-10,3.2880700473469915e-06,-21.041667938232422
77,76,reasoning 正文,"<reasoning>
I need to put a soapbottle on the toilet. First, I should locate the soapbottle. Since I am in a room with multiple drawers, it is likely that the soapbottle is inside one of them. I should check the drawers to find the soapbottle. The available actions include going to each drawer, so I will start by",2087, going,teacher,3,37836, examining,29.25,1.653252290623186e-08,2.1059115169919096e-05,-17.917936325073242
77,76,reasoning 正文,"<reasoning>
I need to put a soapbottle on the toilet. First, I should locate the soapbottle. Since I am in a room with multiple drawers, it is likely that the soapbottle is inside one of them. I should check the drawers to find the soapbottle. The available actions include going to each drawer, so I will start by",2087, going,student,4,37836, examining,27.25,2.5664279035275683e-10,1.7599770671949955e-06,-22.083335876464844
77,76,reasoning 正文,"<reasoning>
I need to put a soapbottle on the toilet. First, I should locate the soapbottle. Since I am in a room with multiple drawers, it is likely that the soapbottle is inside one of them. I should check the drawers to find the soapbottle. The available actions include going to each drawer, so I will start by",2087, going,teacher,4,7218, moving,26.625,2.0811374845663977e-10,1.5255171774697374e-06,-22.292936325073242
77,76,reasoning 正文,"<reasoning>
I need to put a soapbottle on the toilet. First, I should locate the soapbottle. Since I am in a room with multiple drawers, it is likely that the soapbottle is inside one of them. I should check the drawers to find the soapbottle. The available actions include going to each drawer, so I will start by",2087, going,student,5,16721, visiting,25.875,2.5946095966178362e-11,4.449918549198628e-07,-24.375
77,76,reasoning 正文,"<reasoning>
I need to put a soapbottle on the toilet. First, I should locate the soapbottle. Since I am in a room with multiple drawers, it is likely that the soapbottle is inside one of them. I should check the drawers to find the soapbottle. The available actions include going to each drawer, so I will start by",2087, going,teacher,5,16721, visiting,26.375,1.3719686497992711e-10,1.1880739521075157e-06,-22.709604263305664
77,76,reasoning 正文,"<reasoning>
I need to put a soapbottle on the toilet. First, I should locate the soapbottle. Since I am in a room with multiple drawers, it is likely that the soapbottle is inside one of them. I should check the drawers to find the soapbottle. The available actions include going to each drawer, so I will start by",2087, going,student,6,9546,going,25.125,7.433680407342713e-12,2.1019927487486711e-07,-25.625
77,76,reasoning 正文,"<reasoning>
I need to put a soapbottle on the toilet. First, I should locate the soapbottle. Since I am in a room with multiple drawers, it is likely that the soapbottle is inside one of them. I should check the drawers to find the soapbottle. The available actions include going to each drawer, so I will start by",2087, going,teacher,6,3330, looking,25.75,4.841205561434414e-11,6.359301778502413e-07,-23.751272201538086
77,76,reasoning 正文,"<reasoning>
I need to put a soapbottle on the toilet. First, I should locate the soapbottle. Since I am in a room with multiple drawers, it is likely that the soapbottle is inside one of them. I should check the drawers to find the soapbottle. The available actions include going to each drawer, so I will start by",2087, going,student,7,14496, heading,25.125,7.433680407342713e-12,2.1019927487486711e-07,-25.625
77,76,reasoning 正文,"<reasoning>
I need to put a soapbottle on the toilet. First, I should locate the soapbottle. Since I am in a room with multiple drawers, it is likely that the soapbottle is inside one of them. I should check the drawers to find the soapbottle. The available actions include going to each drawer, so I will start by",2087, going,teacher,7,24085, inspect,25.625,3.930756067860308e-11,5.612064342130907e-07,-23.959604263305664
77,76,reasoning 正文,"<reasoning>
I need to put a soapbottle on the toilet. First, I should locate the soapbottle. Since I am in a room with multiple drawers, it is likely that the soapbottle is inside one of them. I should check the drawers to find the soapbottle. The available actions include going to each drawer, so I will start by",2087, going,student,8,59399, navigating,24.5,2.623090546854945e-12,1.125115716149594e-07,-26.666667938232422
77,76,reasoning 正文,"<reasoning>
I need to put a soapbottle on the toilet. First, I should locate the soapbottle. Since I am in a room with multiple drawers, it is likely that the soapbottle is inside one of them. I should check the drawers to find the soapbottle. The available actions include going to each drawer, so I will start by",2087, going,teacher,8,23966, exploring,25.5,3.19152759775676e-11,4.952629524268559e-07,-24.167936325073242
77,76,reasoning 正文,"<reasoning>
I need to put a soapbottle on the toilet. First, I should locate the soapbottle. Since I am in a room with multiple drawers, it is likely that the soapbottle is inside one of them. I should check the drawers to find the soapbottle. The available actions include going to each drawer, so I will start by",2087, going,student,9,5994, Go,24.125,1.4040392112835143e-12,7.732799645054911e-08,-27.291667938232422
77,76,reasoning 正文,"<reasoning>
I need to put a soapbottle on the toilet. First, I should locate the soapbottle. Since I am in a room with multiple drawers, it is likely that the soapbottle is inside one of them. I should check the drawers to find the soapbottle. The available actions include going to each drawer, so I will start by",2087, going,teacher,9,15039, searching,25.375,2.591310672983571e-11,4.370679960175039e-07,-24.376272201538086
77,76,reasoning 正文,"<reasoning>
I need to put a soapbottle on the toilet. First, I should locate the soapbottle. Since I am in a room with multiple drawers, it is likely that the soapbottle is inside one of them. I should check the drawers to find the soapbottle. The available actions include going to each drawer, so I will start by",2087, going,student,10,15039, searching,23.875,9.255984650610727e-13,6.022310117259622e-08,-27.708335876464844
77,76,reasoning 正文,"<reasoning>
I need to put a soapbottle on the toilet. First, I should locate the soapbottle. Since I am in a room with multiple drawers, it is likely that the soapbottle is inside one of them. I should check the drawers to find the soapbottle. The available actions include going to each drawer, so I will start by",2087, going,teacher,10,14496, heading,25.0,1.3870286863504333e-11,3.0039214493626787e-07,-25.001272201538086
78,77,reasoning 正文,"<reasoning>
I need to put a soapbottle on the toilet. First, I should locate the soapbottle. Since I am in a room with multiple drawers, it is likely that the soapbottle is inside one of them. I should check the drawers to find the soapbottle. The available actions include going to each drawer, so I will start by going",311, to,student,1,311, to,53.25,1.0,1.0,0.0
78,77,reasoning 正文,"<reasoning>
I need to put a soapbottle on the toilet. First, I should locate the soapbottle. Since I am in a room with multiple drawers, it is likely that the soapbottle is inside one of them. I should check the drawers to find the soapbottle. The available actions include going to each drawer, so I will start by going",311, to,teacher,1,311, to,54.25,1.0,1.0,0.0
78,77,reasoning 正文,"<reasoning>
I need to put a soapbottle on the toilet. First, I should locate the soapbottle. Since I am in a room with multiple drawers, it is likely that the soapbottle is inside one of them. I should check the drawers to find the soapbottle. The available actions include going to each drawer, so I will start by going",311, to,student,2,983,to,25.875,1.532195695919923e-20,1.29177994256241e-12,-45.625
78,77,reasoning 正文,"<reasoning>
I need to put a soapbottle on the toilet. First, I should locate the soapbottle. Since I am in a room with multiple drawers, it is likely that the soapbottle is inside one of them. I should check the drawers to find the soapbottle. The available actions include going to each drawer, so I will start by going",311, to,teacher,2,983,to,25.75,2.3496982145267235e-21,4.1937956471276017e-13,-47.5
78,77,reasoning 正文,"<reasoning>
I need to put a soapbottle on the toilet. First, I should locate the soapbottle. Since I am in a room with multiple drawers, it is likely that the soapbottle is inside one of them. I should check the drawers to find the soapbottle. The available actions include going to each drawer, so I will start by going",311, to,student,3,2014, To,24.625,1.9078006002321017e-21,3.7010116651046976e-13,-47.708335876464844
78,77,reasoning 正文,"<reasoning>
I need to put a soapbottle on the toilet. First, I should locate the soapbottle. Since I am in a room with multiple drawers, it is likely that the soapbottle is inside one of them. I should check the drawers to find the soapbottle. The available actions include going to each drawer, so I will start by going",311, to,teacher,3,2014, To,25.125,8.291309796333216e-22,2.2447771723041465e-13,-48.541664123535156
78,77,reasoning 正文,"<reasoning>
I need to put a soapbottle on the toilet. First, I should locate the soapbottle. Since I am in a room with multiple drawers, it is likely that the soapbottle is inside one of them. I should check the drawers to find the soapbottle. The available actions include going to each drawer, so I will start by going",311, to,student,4,2346,_to,24.625,1.9078006002321017e-21,3.7010116651046976e-13,-47.708335876464844
78,77,reasoning 正文,"<reasoning>
I need to put a soapbottle on the toilet. First, I should locate the soapbottle. Since I am in a room with multiple drawers, it is likely that the soapbottle is inside one of them. I should check the drawers to find the soapbottle. The available actions include going to each drawer, so I will start by going",311, to,teacher,4,2346,_to,25.125,8.291309796333216e-22,2.2447771723041465e-13,-48.541664123535156
78,77,reasoning 正文,"<reasoning>
I need to put a soapbottle on the toilet. First, I should locate the soapbottle. Since I am in a room with multiple drawers, it is likely that the soapbottle is inside one of them. I should check the drawers to find the soapbottle. The available actions include going to each drawer, so I will start by going",311, to,student,5,31709,	to,24.25,1.0211720357067937e-21,2.5436656904062604e-13,-48.333335876464844
78,77,reasoning 正文,"<reasoning>
I need to put a soapbottle on the toilet. First, I should locate the soapbottle. Since I am in a room with multiple drawers, it is likely that the soapbottle is inside one of them. I should check the drawers to find the soapbottle. The available actions include going to each drawer, so I will start by going",311, to,teacher,5,31709,	to,25.0,6.731998611023858e-22,1.9810088085995409e-13,-48.75
78,77,reasoning 正文,"<reasoning>
I need to put a soapbottle on the toilet. First, I should locate the soapbottle. Since I am in a room with multiple drawers, it is likely that the soapbottle is inside one of them. I should check the drawers to find the soapbottle. The available actions include going to each drawer, so I will start by going",311, to,student,6,26939,到,23.375,2.3754909116580256e-22,1.0603575851565739e-13,-49.79166793823242
78,77,reasoning 正文,"<reasoning>
I need to put a soapbottle on the toilet. First, I should locate the soapbottle. Since I am in a room with multiple drawers, it is likely that the soapbottle is inside one of them. I should check the drawers to find the soapbottle. The available actions include going to each drawer, so I will start by going",311, to,teacher,6,26939,到,23.25,3.642947354080511e-23,3.4424770840998584e-14,-51.666664123535156
78,77,reasoning 正文,"<reasoning>
I need to put a soapbottle on the toilet. First, I should locate the soapbottle. Since I am in a room with multiple drawers, it is likely that the soapbottle is inside one of them. I should check the drawers to find the soapbottle. The available actions include going to each drawer, so I will start by going",311, to,student,7,1249,To,22.875,1.032385422106359e-22,6.431393774746635e-14,-50.625
78,77,reasoning 正文,"<reasoning>
I need to put a soapbottle on the toilet. First, I should locate the soapbottle. Since I am in a room with multiple drawers, it is likely that the soapbottle is inside one of them. I should check the drawers to find the soapbottle. The available actions include going to each drawer, so I will start by going",311, to,teacher,7,128252, إلى,23.125,2.9578336485818217e-23,3.0379751448858516e-14,-51.875
78,77,reasoning 正文,"<reasoning>
I need to put a soapbottle on the toilet. First, I should locate the soapbottle. Since I am in a room with multiple drawers, it is likely that the soapbottle is inside one of them. I should check the drawers to find the soapbottle. The available actions include going to each drawer, so I will start by going",311, to,student,8,128252, إلى,22.625,6.805895566528107e-23,5.008774495965547e-14,-51.04166793823242
78,77,reasoning 正文,"<reasoning>
I need to put a soapbottle on the toilet. First, I should locate the soapbottle. Since I am in a room with multiple drawers, it is likely that the soapbottle is inside one of them. I should check the drawers to find the soapbottle. The available actions include going to each drawer, so I will start by going",311, to,teacher,8,1249,To,22.875,1.9499292624915484e-23,2.365977659830095e-14,-52.291664123535156
78,77,reasoning 正文,"<reasoning>
I need to put a soapbottle on the toilet. First, I should locate the soapbottle. Since I am in a room with multiple drawers, it is likely that the soapbottle is inside one of them. I should check the drawers to find the soapbottle. The available actions include going to each drawer, so I will start by going",311, to,student,9,1119, into,22.375,4.4867167648372504e-23,3.9008374438584403e-14,-51.458335876464844
78,77,reasoning 正文,"<reasoning>
I need to put a soapbottle on the toilet. First, I should locate the soapbottle. Since I am in a room with multiple drawers, it is likely that the soapbottle is inside one of them. I should check the drawers to find the soapbottle. The available actions include going to each drawer, so I will start by going",311, to,teacher,9,1119, into,22.125,5.586640355571925e-24,1.1176086437054457e-14,-53.541664123535156
78,77,reasoning 正文,"<reasoning>
I need to put a soapbottle on the toilet. First, I should locate the soapbottle. Since I am in a room with multiple drawers, it is likely that the soapbottle is inside one of them. I should check the drawers to find the soapbottle. The available actions include going to each drawer, so I will start by going",311, to,student,10,2389,.to,20.75,2.99030190126327e-24,7.68120477976069e-15,-54.16666793823242
78,77,reasoning 正文,"<reasoning>
I need to put a soapbottle on the toilet. First, I should locate the soapbottle. Since I am in a room with multiple drawers, it is likely that the soapbottle is inside one of them. I should check the drawers to find the soapbottle. The available actions include going to each drawer, so I will start by going",311, to,teacher,10,2389,.to,21.25,1.2995814853898995e-24,4.658885768355414e-15,-55.0
79,78,reasoning 正文,"<reasoning>
I need to put a soapbottle on the toilet. First, I should locate the soapbottle. Since I am in a room with multiple drawers, it is likely that the soapbottle is inside one of them. I should check the drawers to find the soapbottle. The available actions include going to each drawer, so I will start by going to",26482, drawer,student,1,26482, drawer,45.0,1.0,0.9999982714653015,0.0
79,78,reasoning 正文,"<reasoning>
I need to put a soapbottle on the toilet. First, I should locate the soapbottle. Since I am in a room with multiple drawers, it is likely that the soapbottle is inside one of them. I should check the drawers to find the soapbottle. The available actions include going to each drawer, so I will start by going to",26482, drawer,teacher,1,26482, drawer,44.75,1.0,0.9999896287918091,0.0
79,78,reasoning 正文,"<reasoning>
I need to put a soapbottle on the toilet. First, I should locate the soapbottle. Since I am in a room with multiple drawers, it is likely that the soapbottle is inside one of them. I should check the drawers to find the soapbottle. The available actions include going to each drawer, so I will start by going to",26482, drawer,student,2,279, the,31.5,1.6918980105806725e-10,1.3709565109820687e-06,-22.5
79,78,reasoning 正文,"<reasoning>
I need to put a soapbottle on the toilet. First, I should locate the soapbottle. Since I am in a room with multiple drawers, it is likely that the soapbottle is inside one of them. I should check the drawers to find the soapbottle. The available actions include going to each drawer, so I will start by going to",26482, drawer,teacher,2,279, the,33.25,4.742676917857125e-09,1.0129986549145542e-05,-19.166664123535156
79,78,reasoning 正文,"<reasoning>
I need to put a soapbottle on the toilet. First, I should locate the soapbottle. Since I am in a room with multiple drawers, it is likely that the soapbottle is inside one of them. I should check the drawers to find the soapbottle. The available actions include going to each drawer, so I will start by going to",26482, drawer,student,3,80127,drawer,29.875,1.1276098110801769e-11,2.6995732582690835e-07,-25.208335876464844
79,78,reasoning 正文,"<reasoning>
I need to put a soapbottle on the toilet. First, I should locate the soapbottle. Since I am in a room with multiple drawers, it is likely that the soapbottle is inside one of them. I should check the drawers to find the soapbottle. The available actions include going to each drawer, so I will start by going to",26482, drawer,teacher,3,80127,drawer,29.5,9.15552009206344e-12,2.3823447747872706e-07,-25.416664123535156
79,78,reasoning 正文,"<reasoning>
I need to put a soapbottle on the toilet. First, I should locate the soapbottle. Since I am in a room with multiple drawers, it is likely that the soapbottle is inside one of them. I should check the drawers to find the soapbottle. The available actions include going to each drawer, so I will start by going to",26482, drawer,student,4,48260, Drawer,25.5,7.68120477976069e-15,3.3982614500160935e-09,-32.5
79,78,reasoning 正文,"<reasoning>
I need to put a soapbottle on the toilet. First, I should locate the soapbottle. Since I am in a room with multiple drawers, it is likely that the soapbottle is inside one of them. I should check the drawers to find the soapbottle. The available actions include going to each drawer, so I will start by going to",26482, drawer,teacher,4,264, a,25.75,1.7674311450152635e-14,5.602742714216902e-09,-31.666664123535156
79,78,reasoning 正文,"<reasoning>
I need to put a soapbottle on the toilet. First, I should locate the soapbottle. Since I am in a room with multiple drawers, it is likely that the soapbottle is inside one of them. I should check the drawers to find the soapbottle. The available actions include going to each drawer, so I will start by going to",26482, drawer,student,5,61607, drawers,25.25,5.0637560821981814e-15,2.6465685198928668e-09,-32.91666793823242
79,78,reasoning 正文,"<reasoning>
I need to put a soapbottle on the toilet. First, I should locate the soapbottle. Since I am in a room with multiple drawers, it is likely that the soapbottle is inside one of them. I should check the drawers to find the soapbottle. The available actions include going to each drawer, so I will start by going to",26482, drawer,teacher,5,61607, drawers,24.875,4.11146827981922e-15,2.3355708478334236e-09,-33.124996185302734
79,78,reasoning 正文,"<reasoning>
I need to put a soapbottle on the toilet. First, I should locate the soapbottle. Since I am in a room with multiple drawers, it is likely that the soapbottle is inside one of them. I should check the drawers to find the soapbottle. The available actions include going to each drawer, so I will start by going to",26482, drawer,student,6,69901,.drawer,25.25,5.0637560821981814e-15,2.6465685198928668e-09,-32.91666793823242
79,78,reasoning 正文,"<reasoning>
I need to put a soapbottle on the toilet. First, I should locate the soapbottle. Since I am in a room with multiple drawers, it is likely that the soapbottle is inside one of them. I should check the drawers to find the soapbottle. The available actions include going to each drawer, so I will start by going to",26482, drawer,teacher,6,69901,.drawer,24.75,3.3382546774346055e-15,2.0611339301979115e-09,-33.33332824707031
79,78,reasoning 正文,"<reasoning>
I need to put a soapbottle on the toilet. First, I should locate the soapbottle. Since I am in a room with multiple drawers, it is likely that the soapbottle is inside one of them. I should check the drawers to find the soapbottle. The available actions include going to each drawer, so I will start by going to",26482, drawer,student,7,264, a,24.25,9.564187820627207e-16,9.736181860731108e-10,-34.583335876464844
79,78,reasoning 正文,"<reasoning>
I need to put a soapbottle on the toilet. First, I should locate the soapbottle. Since I am in a room with multiple drawers, it is likely that the soapbottle is inside one of them. I should check the drawers to find the soapbottle. The available actions include going to each drawer, so I will start by going to",26482, drawer,teacher,7,48260, Drawer,24.625,2.7104433860503747e-15,1.8189442174687542e-09,-33.541664123535156
79,78,reasoning 正文,"<reasoning>
I need to put a soapbottle on the toilet. First, I should locate the soapbottle. Since I am in a room with multiple drawers, it is likely that the soapbottle is inside one of them. I should check the drawers to find the soapbottle. The available actions include going to each drawer, so I will start by going to",26482, drawer,student,8,94507,_drawer,23.75,4.156583901567944e-16,5.905292921326577e-10,-35.41666793823242
79,78,reasoning 正文,"<reasoning>
I need to put a soapbottle on the toilet. First, I should locate the soapbottle. Since I am in a room with multiple drawers, it is likely that the soapbottle is inside one of them. I should check the drawers to find the soapbottle. The available actions include going to each drawer, so I will start by going to",26482, drawer,teacher,8,825, one,23.375,3.374898487403129e-16,5.211363007795455e-10,-35.624996185302734
79,78,reasoning 正文,"<reasoning>
I need to put a soapbottle on the toilet. First, I should locate the soapbottle. Since I am in a room with multiple drawers, it is likely that the soapbottle is inside one of them. I should check the drawers to find the soapbottle. The available actions include going to each drawer, so I will start by going to",26482, drawer,student,9,23492,Drawer,23.625,3.37488578190892e-16,5.21140242071283e-10,-35.625
79,78,reasoning 正文,"<reasoning>
I need to put a soapbottle on the toilet. First, I should locate the soapbottle. Since I am in a room with multiple drawers, it is likely that the soapbottle is inside one of them. I should check the drawers to find the soapbottle. The available actions include going to each drawer, so I will start by going to",26482, drawer,teacher,9,23492,Drawer,23.25,2.740206376811437e-16,4.5990114494465217e-10,-35.83332824707031
79,78,reasoning 正文,"<reasoning>
I need to put a soapbottle on the toilet. First, I should locate the soapbottle. Since I am in a room with multiple drawers, it is likely that the soapbottle is inside one of them. I should check the drawers to find the soapbottle. The available actions include going to each drawer, so I will start by going to",26482, drawer,student,10,4038, draw,22.375,4.202210522411879e-17,1.4930919001177045e-10,-37.708335876464844
79,78,reasoning 正文,"<reasoning>
I need to put a soapbottle on the toilet. First, I should locate the soapbottle. Since I am in a room with multiple drawers, it is likely that the soapbottle is inside one of them. I should check the drawers to find the soapbottle. The available actions include going to each drawer, so I will start by going to",26482, drawer,teacher,10,94507,_drawer,23.125,2.2248675612349805e-16,4.0586134453235445e-10,-36.041664123535156
80,79,reasoning 正文,"<reasoning>
I need to put a soapbottle on the toilet. First, I should locate the soapbottle. Since I am in a room with multiple drawers, it is likely that the soapbottle is inside one of them. I should check the drawers to find the soapbottle. The available actions include going to each drawer, so I will start by going to drawer",220, ,student,1,220, ,58.5,1.0,1.0,0.0
80,79,reasoning 正文,"<reasoning>
I need to put a soapbottle on the toilet. First, I should locate the soapbottle. Since I am in a room with multiple drawers, it is likely that the soapbottle is inside one of them. I should check the drawers to find the soapbottle. The available actions include going to each drawer, so I will start by going to drawer",220, ,teacher,1,220, ,58.75,1.0,1.0,0.0
80,79,reasoning 正文,"<reasoning>
I need to put a soapbottle on the toilet. First, I should locate the soapbottle. Since I am in a room with multiple drawers, it is likely that the soapbottle is inside one of them. I should check the drawers to find the soapbottle. The available actions include going to each drawer, so I will start by going to drawer",220, ,student,2,16,1,25.5,1.2995814853898995e-24,4.658885768355414e-15,-55.0
80,79,reasoning 正文,"<reasoning>
I need to put a soapbottle on the toilet. First, I should locate the soapbottle. Since I am in a room with multiple drawers, it is likely that the soapbottle is inside one of them. I should check the drawers to find the soapbottle. The available actions include going to each drawer, so I will start by going to drawer",220, ,teacher,2,16,1,25.875,1.6005992697314987e-24,5.279209923760627e-15,-54.791664123535156
80,79,reasoning 正文,"<reasoning>
I need to put a soapbottle on the toilet. First, I should locate the soapbottle. Since I am in a room with multiple drawers, it is likely that the soapbottle is inside one of them. I should check the drawers to find the soapbottle. The available actions include going to each drawer, so I will start by going to drawer",220, ,student,3,825, one,18.875,2.0819311726622634e-29,6.181318885539313e-18,-66.04167175292969
80,79,reasoning 正文,"<reasoning>
I need to put a soapbottle on the toilet. First, I should locate the soapbottle. Since I am in a room with multiple drawers, it is likely that the soapbottle is inside one of them. I should check the drawers to find the soapbottle. The available actions include going to each drawer, so I will start by going to drawer",220, ,teacher,3,825, one,20.75,3.123801073380251e-28,3.139132557537509e-17,-63.33333206176758
80,79,reasoning 正文,"<reasoning>
I need to put a soapbottle on the toilet. First, I should locate the soapbottle. Since I am in a room with multiple drawers, it is likely that the soapbottle is inside one of them. I should check the drawers to find the soapbottle. The available actions include going to each drawer, so I will start by going to drawer",220, ,student,4,1372, number,17.875,3.9322700970599846e-30,2.2739800948881426e-18,-67.70833587646484
80,79,reasoning 正文,"<reasoning>
I need to put a soapbottle on the toilet. First, I should locate the soapbottle. Since I am in a room with multiple drawers, it is likely that the soapbottle is inside one of them. I should check the drawers to find the soapbottle. The available actions include going to each drawer, so I will start by going to drawer",220, ,teacher,4,400, $,17.0,6.030377708277699e-31,7.382532683308073e-19,-69.58332824707031
80,79,reasoning 正文,"<reasoning>
I need to put a soapbottle on the toilet. First, I should locate the soapbottle. Since I am in a room with multiple drawers, it is likely that the soapbottle is inside one of them. I should check the drawers to find the soapbottle. The available actions include going to each drawer, so I will start by going to drawer",220, ,student,5,378,�,15.8125,1.2640262376567278e-31,2.8910412188186393e-19,-71.14583587646484
80,79,reasoning 正文,"<reasoning>
I need to put a soapbottle on the toilet. First, I should locate the soapbottle. Since I am in a room with multiple drawers, it is likely that the soapbottle is inside one of them. I should check the drawers to find the soapbottle. The available actions include going to each drawer, so I will start by going to drawer",220, ,teacher,5,1372, number,16.25,1.7277321928837916e-31,3.4872613721194976e-19,-70.83332824707031
80,79,reasoning 正文,"<reasoning>
I need to put a soapbottle on the toilet. First, I should locate the soapbottle. Since I am in a room with multiple drawers, it is likely that the soapbottle is inside one of them. I should check the drawers to find the soapbottle. The available actions include going to each drawer, so I will start by going to drawer",220, ,student,6,198,"
",15.6875,1.0263062501888067e-31,2.5513352018432447e-19,-71.35417175292969
80,79,reasoning 正文,"<reasoning>
I need to put a soapbottle on the toilet. First, I should locate the soapbottle. Since I am in a room with multiple drawers, it is likely that the soapbottle is inside one of them. I should check the drawers to find the soapbottle. The available actions include going to each drawer, so I will start by going to drawer",220, ,teacher,6,378,�,15.375,4.0191036414113004e-32,1.4537069832872097e-19,-72.29166412353516
80,79,reasoning 正文,"<reasoning>
I need to put a soapbottle on the toilet. First, I should locate the soapbottle. Since I am in a room with multiple drawers, it is likely that the soapbottle is inside one of them. I should check the drawers to find the soapbottle. The available actions include going to each drawer, so I will start by going to drawer",220, ,student,7,671, #,14.875,2.6495428139815335e-32,1.1321481457284921e-19,-72.70833587646484
80,79,reasoning 正文,"<reasoning>
I need to put a soapbottle on the toilet. First, I should locate the soapbottle. Since I am in a room with multiple drawers, it is likely that the soapbottle is inside one of them. I should check the drawers to find the soapbottle. The available actions include going to each drawer, so I will start by going to drawer",220, ,teacher,7,198,"
",15.3125,3.621523240098783e-32,1.3656312473550068e-19,-72.39582824707031
80,79,reasoning 正文,"<reasoning>
I need to put a soapbottle on the toilet. First, I should locate the soapbottle. Since I am in a room with multiple drawers, it is likely that the soapbottle is inside one of them. I should check the drawers to find the soapbottle. The available actions include going to each drawer, so I will start by going to drawer",220, ,student,8,400, $,14.875,2.6495428139815335e-32,1.1321481457284921e-19,-72.70833587646484
80,79,reasoning 正文,"<reasoning>
I need to put a soapbottle on the toilet. First, I should locate the soapbottle. Since I am in a room with multiple drawers, it is likely that the soapbottle is inside one of them. I should check the drawers to find the soapbottle. The available actions include going to each drawer, so I will start by going to drawer",220, ,teacher,8,62,_,15.3125,3.621523240098783e-32,1.3656312473550068e-19,-72.39582824707031
80,79,reasoning 正文,"<reasoning>
I need to put a soapbottle on the toilet. First, I should locate the soapbottle. Since I am in a room with multiple drawers, it is likely that the soapbottle is inside one of them. I should check the drawers to find the soapbottle. The available actions include going to each drawer, so I will start by going to drawer",220, ,student,9,320, (,14.375,1.1514836297439945e-32,6.866824991707327e-20,-73.54167175292969
80,79,reasoning 正文,"<reasoning>
I need to put a soapbottle on the toilet. First, I should locate the soapbottle. Since I am in a room with multiple drawers, it is likely that the soapbottle is inside one of them. I should check the drawers to find the soapbottle. The available actions include going to each drawer, so I will start by going to drawer",220, ,teacher,9,358, I,15.0625,2.3874431324522758e-32,1.0635546457969298e-19,-72.8125
80,79,reasoning 正文,"<reasoning>
I need to put a soapbottle on the toilet. First, I should locate the soapbottle. Since I am in a room with multiple drawers, it is likely that the soapbottle is inside one of them. I should check the drawers to find the soapbottle. The available actions include going to each drawer, so I will start by going to drawer",220, ,student,10,62,_,14.125,7.591067011121859e-33,5.347889065630115e-20,-73.95833587646484
80,79,reasoning 正文,"<reasoning>
I need to put a soapbottle on the toilet. First, I should locate the soapbottle. Since I am in a room with multiple drawers, it is likely that the soapbottle is inside one of them. I should check the drawers to find the soapbottle. The available actions include going to each drawer, so I will start by going to drawer",220, ,teacher,10,320, (,14.3125,6.840139179297504e-33,5.023876603579412e-20,-74.0625
81,80,reasoning 正文,"<reasoning>
I need to put a soapbottle on the toilet. First, I should locate the soapbottle. Since I am in a room with multiple drawers, it is likely that the soapbottle is inside one of them. I should check the drawers to find the soapbottle. The available actions include going to each drawer, so I will start by going to drawer ",16,1,student,1,16,1,60.5,1.0,1.0,0.0
81,80,reasoning 正文,"<reasoning>
I need to put a soapbottle on the toilet. First, I should locate the soapbottle. Since I am in a room with multiple drawers, it is likely that the soapbottle is inside one of them. I should check the drawers to find the soapbottle. The available actions include going to each drawer, so I will start by going to drawer ",16,1,teacher,1,16,1,60.75,1.0,1.0,0.0
81,80,reasoning 正文,"<reasoning>
I need to put a soapbottle on the toilet. First, I should locate the soapbottle. Since I am in a room with multiple drawers, it is likely that the soapbottle is inside one of them. I should check the drawers to find the soapbottle. The available actions include going to each drawer, so I will start by going to drawer ",16,1,student,2,17,2,32.25,3.564267945115578e-21,5.384939998250016e-13,-47.08332824707031
81,80,reasoning 正文,"<reasoning>
I need to put a soapbottle on the toilet. First, I should locate the soapbottle. Since I am in a room with multiple drawers, it is likely that the soapbottle is inside one of them. I should check the drawers to find the soapbottle. The available actions include going to each drawer, so I will start by going to drawer ",16,1,teacher,2,17,2,33.0,8.201252627599619e-21,8.878265418850451e-13,-46.25
81,80,reasoning 正文,"<reasoning>
I need to put a soapbottle on the toilet. First, I should locate the soapbottle. Since I am in a room with multiple drawers, it is likely that the soapbottle is inside one of them. I should check the drawers to find the soapbottle. The available actions include going to each drawer, so I will start by going to drawer ",16,1,student,3,23,8,29.875,6.805921441165798e-23,5.008774495965547e-14,-51.041664123535156
81,80,reasoning 正文,"<reasoning>
I need to put a soapbottle on the toilet. First, I should locate the soapbottle. Since I am in a room with multiple drawers, it is likely that the soapbottle is inside one of them. I should check the drawers to find the soapbottle. The available actions include going to each drawer, so I will start by going to drawer ",16,1,teacher,3,23,8,31.625,8.291277484590538e-22,2.2447771723041465e-13,-48.54166793823242
81,80,reasoning 正文,"<reasoning>
I need to put a soapbottle on the toilet. First, I should locate the soapbottle. Since I am in a room with multiple drawers, it is likely that the soapbottle is inside one of them. I should check the drawers to find the soapbottle. The available actions include going to each drawer, so I will start by going to drawer ",16,1,student,4,18,3,28.625,8.474368251051118e-24,1.4350379676339627e-14,-53.124996185302734
81,80,reasoning 正文,"<reasoning>
I need to put a soapbottle on the toilet. First, I should locate the soapbottle. Since I am in a room with multiple drawers, it is likely that the soapbottle is inside one of them. I should check the drawers to find the soapbottle. The available actions include going to each drawer, so I will start by going to drawer ",16,1,teacher,4,18,3,29.625,2.9578336485818217e-23,3.0379751448858516e-14,-51.875
81,80,reasoning 正文,"<reasoning>
I need to put a soapbottle on the toilet. First, I should locate the soapbottle. Since I am in a room with multiple drawers, it is likely that the soapbottle is inside one of them. I should check the drawers to find the soapbottle. The available actions include going to each drawer, so I will start by going to drawer ",16,1,student,5,19,4,27.25,8.567390334564327e-25,3.6283439801114165e-15,-55.416664123535156
81,80,reasoning 正文,"<reasoning>
I need to put a soapbottle on the toilet. First, I should locate the soapbottle. Since I am in a room with multiple drawers, it is likely that the soapbottle is inside one of them. I should check the drawers to find the soapbottle. The available actions include going to each drawer, so I will start by going to drawer ",16,1,teacher,5,19,4,28.0,1.9713259312543105e-24,5.982128261852607e-15,-54.583335876464844
81,80,reasoning 正文,"<reasoning>
I need to put a soapbottle on the toilet. First, I should locate the soapbottle. Since I am in a room with multiple drawers, it is likely that the soapbottle is inside one of them. I should check the drawers to find the soapbottle. The available actions include going to each drawer, so I will start by going to drawer ",16,1,student,6,20,5,26.625,3.0231491818881547e-25,1.9421125050902077e-15,-56.45832824707031
81,80,reasoning 正文,"<reasoning>
I need to put a soapbottle on the toilet. First, I should locate the soapbottle. Since I am in a room with multiple drawers, it is likely that the soapbottle is inside one of them. I should check the drawers to find the soapbottle. The available actions include going to each drawer, so I will start by going to drawer ",16,1,teacher,6,20,5,27.75,1.2995814853898995e-24,4.658885768355414e-15,-55.0
81,80,reasoning 正文,"<reasoning>
I need to put a soapbottle on the toilet. First, I should locate the soapbottle. Since I am in a room with multiple drawers, it is likely that the soapbottle is inside one of them. I should check the drawers to find the soapbottle. The available actions include going to each drawer, so I will start by going to drawer ",16,1,student,7,21,6,26.0,1.0667655087738946e-25,1.0395379134185484e-15,-57.499996185302734
81,80,reasoning 正文,"<reasoning>
I need to put a soapbottle on the toilet. First, I should locate the soapbottle. Since I am in a room with multiple drawers, it is likely that the soapbottle is inside one of them. I should check the drawers to find the soapbottle. The available actions include going to each drawer, so I will start by going to drawer ",16,1,teacher,7,21,6,26.75,2.454589270844656e-25,1.71390848833098e-15,-56.66666793823242
81,80,reasoning 正文,"<reasoning>
I need to put a soapbottle on the toilet. First, I should locate the soapbottle. Since I am in a room with multiple drawers, it is likely that the soapbottle is inside one of them. I should check the drawers to find the soapbottle. The available actions include going to each drawer, so I will start by going to drawer ",16,1,student,8,15,0,24.625,1.0784753169101645e-26,2.6283636170603873e-16,-59.791664123535156
81,80,reasoning 正文,"<reasoning>
I need to put a soapbottle on the toilet. First, I should locate the soapbottle. Since I am in a room with multiple drawers, it is likely that the soapbottle is inside one of them. I should check the drawers to find the soapbottle. The available actions include going to each drawer, so I will start by going to drawer ",16,1,teacher,8,15,0,25.25,2.0148495136220123e-26,3.824246818943575e-16,-59.16666793823242
81,80,reasoning 正文,"<reasoning>
I need to put a soapbottle on the toilet. First, I should locate the soapbottle. Since I am in a room with multiple drawers, it is likely that the soapbottle is inside one of them. I should check the drawers to find the soapbottle. The available actions include going to each drawer, so I will start by going to drawer ",16,1,student,9,22,7,23.625,2.0369819538755205e-27,9.66920997991939e-17,-61.45832824707031
81,80,reasoning 正文,"<reasoning>
I need to put a soapbottle on the toilet. First, I should locate the soapbottle. Since I am in a room with multiple drawers, it is likely that the soapbottle is inside one of them. I should check the drawers to find the soapbottle. The available actions include going to each drawer, so I will start by going to drawer ",16,1,teacher,9,22,7,25.0,1.3282688929203757e-26,2.978326396525934e-16,-59.583335876464844
81,80,reasoning 正文,"<reasoning>
I need to put a soapbottle on the toilet. First, I should locate the soapbottle. Since I am in a room with multiple drawers, it is likely that the soapbottle is inside one of them. I should check the drawers to find the soapbottle. The available actions include going to each drawer, so I will start by going to drawer ",16,1,student,10,24,9,22.0,1.357600054860715e-28,1.903980345736795e-17,-64.16666412353516
81,80,reasoning 正文,"<reasoning>
I need to put a soapbottle on the toilet. First, I should locate the soapbottle. Since I am in a room with multiple drawers, it is likely that the soapbottle is inside one of them. I should check the drawers to find the soapbottle. The available actions include going to each drawer, so I will start by going to drawer ",16,1,teacher,10,24,9,22.75,3.1237890363180986e-28,3.139132557537509e-17,-63.333335876464844
82,81,reasoning 正文,"<reasoning>
I need to put a soapbottle on the toilet. First, I should locate the soapbottle. Since I am in a room with multiple drawers, it is likely that the soapbottle is inside one of them. I should check the drawers to find the soapbottle. The available actions include going to each drawer, so I will start by going to drawer 1",311, to,student,1,311, to,45.25,0.999987006187439,0.998830258846283,-1.2993727978027891e-05
82,81,reasoning 正文,"<reasoning>
I need to put a soapbottle on the toilet. First, I should locate the soapbottle. Since I am in a room with multiple drawers, it is likely that the soapbottle is inside one of them. I should check the drawers to find the soapbottle. The available actions include going to each drawer, so I will start by going to drawer 1",311, to,teacher,1,311, to,43.5,0.984732985496521,0.9241385459899902,-0.015384809114038944
82,81,reasoning 正文,"<reasoning>
I need to put a soapbottle on the toilet. First, I should locate the soapbottle. Since I am in a room with multiple drawers, it is likely that the soapbottle is inside one of them. I should check the drawers to find the soapbottle. The available actions include going to each drawer, so I will start by going to drawer 1",311, to,student,2,624,".
",38.5,1.3007123015995603e-05,0.001169509720057249,-11.25001335144043
82,81,reasoning 正文,"<reasoning>
I need to put a soapbottle on the toilet. First, I should locate the soapbottle. Since I am in a room with multiple drawers, it is likely that the soapbottle is inside one of them. I should check the drawers to find the soapbottle. The available actions include going to each drawer, so I will start by going to drawer 1",311, to,teacher,2,624,".
",41.0,0.015267079696059227,0.07585791498422623,-4.182056427001953
82,81,reasoning 正文,"<reasoning>
I need to put a soapbottle on the toilet. First, I should locate the soapbottle. Since I am in a room with multiple drawers, it is likely that the soapbottle is inside one of them. I should check the drawers to find the soapbottle. The available actions include going to each drawer, so I will start by going to drawer 1",311, to,student,3,323, and,29.75,6.035602573284393e-12,1.853221505143665e-07,-25.833345413208008
82,81,reasoning 正文,"<reasoning>
I need to put a soapbottle on the toilet. First, I should locate the soapbottle. Since I am in a room with multiple drawers, it is likely that the soapbottle is inside one of them. I should check the drawers to find the soapbottle. The available actions include going to each drawer, so I will start by going to drawer 1",311, to,teacher,3,323, and,31.0,8.820956742816577e-10,3.443942432568292e-06,-20.84872055053711
82,81,reasoning 正文,"<reasoning>
I need to put a soapbottle on the toilet. First, I should locate the soapbottle. Since I am in a room with multiple drawers, it is likely that the soapbottle is inside one of them. I should check the drawers to find the soapbottle. The available actions include going to each drawer, so I will start by going to drawer 1",311, to,student,4,13,.,27.5,1.419437619743294e-13,1.9532793160692563e-08,-29.583345413208008
82,81,reasoning 正文,"<reasoning>
I need to put a soapbottle on the toilet. First, I should locate the soapbottle. Since I am in a room with multiple drawers, it is likely that the soapbottle is inside one of them. I should check the drawers to find the soapbottle. The available actions include going to each drawer, so I will start by going to drawer 1",311, to,teacher,4,13,.,27.375,2.097269840434235e-12,9.17779630071891e-08,-26.890384674072266
82,81,reasoning 正文,"<reasoning>
I need to put a soapbottle on the toilet. First, I should locate the soapbottle. Since I am in a room with multiple drawers, it is likely that the soapbottle is inside one of them. I should check the drawers to find the soapbottle. The available actions include going to each drawer, so I will start by going to drawer 1",311, to,student,5,382,".

",24.75,1.4507792914532076e-15,1.2486897071894987e-09,-34.16667556762695
82,81,reasoning 正文,"<reasoning>
I need to put a soapbottle on the toilet. First, I should locate the soapbottle. Since I am in a room with multiple drawers, it is likely that the soapbottle is inside one of them. I should check the drawers to find the soapbottle. The available actions include going to each drawer, so I will start by going to drawer 1",311, to,teacher,5,3918,.</,25.375,7.481780359098675e-14,1.242079594732104e-08,-30.22372055053711
82,81,reasoning 正文,"<reasoning>
I need to put a soapbottle on the toilet. First, I should locate the soapbottle. Since I am in a room with multiple drawers, it is likely that the soapbottle is inside one of them. I should check the drawers to find the soapbottle. The available actions include going to each drawer, so I will start by going to drawer 1",311, to,student,6,11,",",23.125,9.669099468589552e-17,2.458815928640945e-10,-36.8750114440918
82,81,reasoning 正文,"<reasoning>
I need to put a soapbottle on the toilet. First, I should locate the soapbottle. Since I am in a room with multiple drawers, it is likely that the soapbottle is inside one of them. I should check the drawers to find the soapbottle. The available actions include going to each drawer, so I will start by going to drawer 1",311, to,teacher,6,11,",",23.125,1.7595459882543312e-15,1.3091422390587582e-09,-33.97372055053711
82,81,reasoning 正文,"<reasoning>
I need to put a soapbottle on the toilet. First, I should locate the soapbottle. Since I am in a room with multiple drawers, it is likely that the soapbottle is inside one of them. I should check the drawers to find the soapbottle. The available actions include going to each drawer, so I will start by going to drawer 1",311, to,student,7,3918,.</,22.5,3.4119059524387104e-17,1.3161091660940372e-10,-37.91667556762695
82,81,reasoning 正文,"<reasoning>
I need to put a soapbottle on the toilet. First, I should locate the soapbottle. Since I am in a room with multiple drawers, it is likely that the soapbottle is inside one of them. I should check the drawers to find the soapbottle. The available actions include going to each drawer, so I will start by going to drawer 1",311, to,teacher,7,382,".

",22.125,3.323361561820829e-16,4.816065324320107e-10,-35.640384674072266
82,81,reasoning 正文,"<reasoning>
I need to put a soapbottle on the toilet. First, I should locate the soapbottle. Since I am in a room with multiple drawers, it is likely that the soapbottle is inside one of them. I should check the drawers to find the soapbottle. The available actions include going to each drawer, so I will start by going to drawer 1",311, to,student,8,983,to,21.25,4.248305741072825e-18,3.770716031081811e-11,-40.0000114440918
82,81,reasoning 正文,"<reasoning>
I need to put a soapbottle on the toilet. First, I should locate the soapbottle. Since I am in a room with multiple drawers, it is likely that the soapbottle is inside one of them. I should check the drawers to find the soapbottle. The available actions include going to each drawer, so I will start by going to drawer 1",311, to,teacher,8,8997,"。
",21.0,5.0965403336029815e-17,1.5635474859276854e-10,-37.515384674072266
82,81,reasoning 正文,"<reasoning>
I need to put a soapbottle on the toilet. First, I should locate the soapbottle. Since I am in a room with multiple drawers, it is likely that the soapbottle is inside one of them. I should check the drawers to find the soapbottle. The available actions include going to each drawer, so I will start by going to drawer 1",311, to,student,9,2014, To,19.875,4.294955418898366e-19,9.533862414812244e-12,-42.29167556762695
82,81,reasoning 正文,"<reasoning>
I need to put a soapbottle on the toilet. First, I should locate the soapbottle. Since I am in a room with multiple drawers, it is likely that the soapbottle is inside one of them. I should check the drawers to find the soapbottle. The available actions include going to each drawer, so I will start by going to drawer 1",311, to,teacher,9,3224,".
",20.875,4.1380557175912464e-17,1.3798258369224214e-10,-37.72372055053711
82,81,reasoning 正文,"<reasoning>
I need to put a soapbottle on the toilet. First, I should locate the soapbottle. Since I am in a room with multiple drawers, it is likely that the soapbottle is inside one of them. I should check the drawers to find the soapbottle. The available actions include going to each drawer, so I will start by going to drawer 1",311, to,student,10,476, or,19.625,2.831405632556629e-19,7.424979901748952e-12,-42.708343505859375
82,81,reasoning 正文,"<reasoning>
I need to put a soapbottle on the toilet. First, I should locate the soapbottle. Since I am in a room with multiple drawers, it is likely that the soapbottle is inside one of them. I should check the drawers to find the soapbottle. The available actions include going to each drawer, so I will start by going to drawer 1",311, to,teacher,10,476, or,20.25,1.4601832232871923e-17,7.385675404592007e-11,-38.765384674072266
83,82,reasoning 正文,"<reasoning>
I need to put a soapbottle on the toilet. First, I should locate the soapbottle. Since I am in a room with multiple drawers, it is likely that the soapbottle is inside one of them. I should check the drawers to find the soapbottle. The available actions include going to each drawer, so I will start by going to drawer 1 to",2711, search,student,1,2711, search,38.0,0.7546560168266296,0.6105239391326904,-0.28149327635765076
83,82,reasoning 正文,"<reasoning>
I need to put a soapbottle on the toilet. First, I should locate the soapbottle. Since I am in a room with multiple drawers, it is likely that the soapbottle is inside one of them. I should check the drawers to find the soapbottle. The available actions include going to each drawer, so I will start by going to drawer 1 to",2711, search,teacher,1,2711, search,38.5,0.7679023146629333,0.6405207514762878,-0.2640928328037262
83,82,reasoning 正文,"<reasoning>
I need to put a soapbottle on the toilet. First, I should locate the soapbottle. Since I am in a room with multiple drawers, it is likely that the soapbottle is inside one of them. I should check the drawers to find the soapbottle. The available actions include going to each drawer, so I will start by going to drawer 1 to",2711, search,student,2,1401, look,37.25,0.21621257066726685,0.2883910834789276,-1.5314933061599731
83,82,reasoning 正文,"<reasoning>
I need to put a soapbottle on the toilet. First, I should locate the soapbottle. Since I am in a room with multiple drawers, it is likely that the soapbottle is inside one of them. I should check the drawers to find the soapbottle. The available actions include going to each drawer, so I will start by going to drawer 1 to",2711, search,teacher,2,1401, look,37.75,0.22000768780708313,0.30256056785583496,-1.5140928030014038
83,82,reasoning 正文,"<reasoning>
I need to put a soapbottle on the toilet. First, I should locate the soapbottle. Since I am in a room with multiple drawers, it is likely that the soapbottle is inside one of them. I should check the drawers to find the soapbottle. The available actions include going to each drawer, so I will start by going to drawer 1 to",2711, search,student,3,1779, check,36.0,0.026921628043055534,0.08262543380260468,-3.6148252487182617
83,82,reasoning 正文,"<reasoning>
I need to put a soapbottle on the toilet. First, I should locate the soapbottle. Since I am in a room with multiple drawers, it is likely that the soapbottle is inside one of them. I should check the drawers to find the soapbottle. The available actions include going to each drawer, so I will start by going to drawer 1 to",2711, search,teacher,3,1779, check,36.0,0.011905473656952381,0.052577149122953415,-4.43075704574585
83,82,reasoning 正文,"<reasoning>
I need to put a soapbottle on the toilet. First, I should locate the soapbottle. Since I am in a room with multiple drawers, it is likely that the soapbottle is inside one of them. I should check the drawers to find the soapbottle. The available actions include going to each drawer, so I will start by going to drawer 1 to",2711, search,student,4,1490, see,34.5,0.0022098617628216743,0.01843622513115406,-6.114825248718262
83,82,reasoning 正文,"<reasoning>
I need to put a soapbottle on the toilet. First, I should locate the soapbottle. Since I am in a room with multiple drawers, it is likely that the soapbottle is inside one of them. I should check the drawers to find the soapbottle. The available actions include going to each drawer, so I will start by going to drawer 1 to",2711, search,teacher,4,1490, see,33.5,0.0001845805672928691,0.004315795376896858,-8.597424507141113
83,82,reasoning 正文,"<reasoning>
I need to put a soapbottle on the toilet. First, I should locate the soapbottle. Since I am in a room with multiple drawers, it is likely that the soapbottle is inside one of them. I should check the drawers to find the soapbottle. The available actions include going to each drawer, so I will start by going to drawer 1 to",2711, search,student,5,3161, begin,27.0,8.235381265819797e-09,1.0196788934990764e-05,-18.614826202392578
83,82,reasoning 正文,"<reasoning>
I need to put a soapbottle on the toilet. First, I should locate the soapbottle. Since I am in a room with multiple drawers, it is likely that the soapbottle is inside one of them. I should check the drawers to find the soapbottle. The available actions include going to each drawer, so I will start by going to drawer 1 to",2711, search,teacher,5,3161, begin,28.125,2.3748237154563867e-08,1.9986096958746202e-05,-17.555757522583008
83,82,reasoning 正文,"<reasoning>
I need to put a soapbottle on the toilet. First, I should locate the soapbottle. Since I am in a room with multiple drawers, it is likely that the soapbottle is inside one of them. I should check the drawers to find the soapbottle. The available actions include going to each drawer, so I will start by going to drawer 1 to",2711, search,student,6,19314, investigate,26.375,2.905982787737571e-09,5.457947736431379e-06,-19.656494140625
83,82,reasoning 正文,"<reasoning>
I need to put a soapbottle on the toilet. First, I should locate the soapbottle. Since I am in a room with multiple drawers, it is likely that the soapbottle is inside one of them. I should check the drawers to find the soapbottle. The available actions include going to each drawer, so I will start by going to drawer 1 to",2711, search,teacher,6,19314, investigate,25.625,3.6818875726041256e-10,1.6405587075496442e-06,-21.72242546081543
83,82,reasoning 正文,"<reasoning>
I need to put a soapbottle on the toilet. First, I should locate the soapbottle. Since I am in a room with multiple drawers, it is likely that the soapbottle is inside one of them. I should check the drawers to find the soapbottle. The available actions include going to each drawer, so I will start by going to drawer 1 to",2711, search,student,7,24085, inspect,25.625,8.325780620488388e-10,2.5781516796996584e-06,-20.906494140625
83,82,reasoning 正文,"<reasoning>
I need to put a soapbottle on the toilet. First, I should locate the soapbottle. Since I am in a room with multiple drawers, it is likely that the soapbottle is inside one of them. I should check the drawers to find the soapbottle. The available actions include going to each drawer, so I will start by going to drawer 1 to",2711, search,teacher,7,1836,search,25.5,2.989462011271371e-10,1.447788008590578e-06,-21.930757522583008
83,82,reasoning 正文,"<reasoning>
I need to put a soapbottle on the toilet. First, I should locate the soapbottle. Since I am in a room with multiple drawers, it is likely that the soapbottle is inside one of them. I should check the drawers to find the soapbottle. The available actions include going to each drawer, so I will start by going to drawer 1 to",2711, search,student,8,1836,search,25.25,4.4564690826476294e-10,1.7719360130286077e-06,-21.531494140625
83,82,reasoning 正文,"<reasoning>
I need to put a soapbottle on the toilet. First, I should locate the soapbottle. Since I am in a room with multiple drawers, it is likely that the soapbottle is inside one of them. I should check the drawers to find the soapbottle. The available actions include going to each drawer, so I will start by going to drawer 1 to",2711, search,teacher,8,15039, searching,25.125,1.6001436287105264e-10,9.950491630661418e-07,-22.555757522583008
83,82,reasoning 正文,"<reasoning>
I need to put a soapbottle on the toilet. First, I should locate the soapbottle. Since I am in a room with multiple drawers, it is likely that the soapbottle is inside one of them. I should check the drawers to find the soapbottle. The available actions include going to each drawer, so I will start by going to drawer 1 to",2711, search,student,9,15039, searching,25.0,2.9378818822145547e-10,1.379985292260244e-06,-21.948162078857422
83,82,reasoning 正文,"<reasoning>
I need to put a soapbottle on the toilet. First, I should locate the soapbottle. Since I am in a room with multiple drawers, it is likely that the soapbottle is inside one of them. I should check the drawers to find the soapbottle. The available actions include going to each drawer, so I will start by going to drawer 1 to",2711, search,teacher,9,24085, inspect,24.375,4.584488344505644e-11,4.7002794190120767e-07,-23.805757522583008
83,82,reasoning 正文,"<reasoning>
I need to put a soapbottle on the toilet. First, I should locate the soapbottle. Since I am in a room with multiple drawers, it is likely that the soapbottle is inside one of them. I should check the drawers to find the soapbottle. The available actions include going to each drawer, so I will start by going to drawer 1 to",2711, search,student,10,7542, Search,24.125,6.834216526030445e-11,5.752634137934365e-07,-23.406494140625
83,82,reasoning 正文,"<reasoning>
I need to put a soapbottle on the toilet. First, I should locate the soapbottle. Since I am in a room with multiple drawers, it is likely that the soapbottle is inside one of them. I should check the drawers to find the soapbottle. The available actions include going to each drawer, so I will start by going to drawer 1 to",2711, search,teacher,10,7542, Search,24.125,3.022277220154912e-11,3.660581455733336e-07,-24.22242546081543
84,83,reasoning 正文,"<reasoning>
I need to put a soapbottle on the toilet. First, I should locate the soapbottle. Since I am in a room with multiple drawers, it is likely that the soapbottle is inside one of them. I should check the drawers to find the soapbottle. The available actions include going to each drawer, so I will start by going to drawer 1 to search",369, for,student,1,369, for,48.5,1.0,1.0,0.0
84,83,reasoning 正文,"<reasoning>
I need to put a soapbottle on the toilet. First, I should locate the soapbottle. Since I am in a room with multiple drawers, it is likely that the soapbottle is inside one of them. I should check the drawers to find the soapbottle. The available actions include going to each drawer, so I will start by going to drawer 1 to search",369, for,teacher,1,369, for,47.0,1.0,1.0,0.0
84,83,reasoning 正文,"<reasoning>
I need to put a soapbottle on the toilet. First, I should locate the soapbottle. Since I am in a room with multiple drawers, it is likely that the soapbottle is inside one of them. I should check the drawers to find the soapbottle. The available actions include going to each drawer, so I will start by going to drawer 1 to search",369, for,student,2,1958,for,24.375,3.4494109831563548e-18,3.3315444153414475e-11,-40.20832824707031
84,83,reasoning 正文,"<reasoning>
I need to put a soapbottle on the toilet. First, I should locate the soapbottle. Since I am in a room with multiple drawers, it is likely that the soapbottle is inside one of them. I should check the drawers to find the soapbottle. The available actions include going to each drawer, so I will start by going to drawer 1 to search",369, for,teacher,2,624,".
",25.75,4.156599518737909e-16,5.905304023556823e-10,-35.416664123535156
84,83,reasoning 正文,"<reasoning>
I need to put a soapbottle on the toilet. First, I should locate the soapbottle. Since I am in a room with multiple drawers, it is likely that the soapbottle is inside one of them. I should check the drawers to find the soapbottle. The available actions include going to each drawer, so I will start by going to drawer 1 to search",369, for,student,3,1526, through,23.5,8.024125502665055e-19,1.3887944613766301e-11,-41.666664123535156
84,83,reasoning 正文,"<reasoning>
I need to put a soapbottle on the toilet. First, I should locate the soapbottle. Since I am in a room with multiple drawers, it is likely that the soapbottle is inside one of them. I should check the drawers to find the soapbottle. The available actions include going to each drawer, so I will start by going to drawer 1 to search",369, for,teacher,3,1958,for,23.375,7.937000636696376e-18,5.4927885156930145e-11,-39.374996185302734
84,83,reasoning 正文,"<reasoning>
I need to put a soapbottle on the toilet. First, I should locate the soapbottle. Since I am in a room with multiple drawers, it is likely that the soapbottle is inside one of them. I should check the drawers to find the soapbottle. The available actions include going to each drawer, so I will start by going to drawer 1 to search",369, for,student,4,19849, для,22.125,8.112236523020262e-20,3.511422055901825e-12,-43.95832824707031
84,83,reasoning 正文,"<reasoning>
I need to put a soapbottle on the toilet. First, I should locate the soapbottle. Since I am in a room with multiple drawers, it is likely that the soapbottle is inside one of them. I should check the drawers to find the soapbottle. The available actions include going to each drawer, so I will start by going to drawer 1 to search",369, for,teacher,4,1526, through,23.25,6.44434743108015e-18,4.8473686869998645e-11,-39.58332824707031
84,83,reasoning 正文,"<reasoning>
I need to put a soapbottle on the toilet. First, I should locate the soapbottle. Since I am in a room with multiple drawers, it is likely that the soapbottle is inside one of them. I should check the drawers to find the soapbottle. The available actions include going to each drawer, so I will start by going to drawer 1 to search",369, for,student,5,1752, For,22.125,8.112236523020262e-20,3.511422055901825e-12,-43.95832824707031
84,83,reasoning 正文,"<reasoning>
I need to put a soapbottle on the toilet. First, I should locate the soapbottle. Since I am in a room with multiple drawers, it is likely that the soapbottle is inside one of them. I should check the drawers to find the soapbottle. The available actions include going to each drawer, so I will start by going to drawer 1 to search",369, for,teacher,5,4766, inside,22.5,1.8463366103898122e-18,2.2897348947448215e-11,-40.83332824707031
84,83,reasoning 正文,"<reasoning>
I need to put a soapbottle on the toilet. First, I should locate the soapbottle. Since I am in a room with multiple drawers, it is likely that the soapbottle is inside one of them. I should check the drawers to find the soapbottle. The available actions include going to each drawer, so I will start by going to drawer 1 to search",369, for,student,6,2023,	for,22.125,8.112236523020262e-20,3.511422055901825e-12,-43.95832824707031
84,83,reasoning 正文,"<reasoning>
I need to put a soapbottle on the toilet. First, I should locate the soapbottle. Since I am in a room with multiple drawers, it is likely that the soapbottle is inside one of them. I should check the drawers to find the soapbottle. The available actions include going to each drawer, so I will start by going to drawer 1 to search",369, for,teacher,6,2023,	for,21.625,4.2950045327472363e-19,9.545034901359273e-12,-42.291664123535156
84,83,reasoning 正文,"<reasoning>
I need to put a soapbottle on the toilet. First, I should locate the soapbottle. Since I am in a room with multiple drawers, it is likely that the soapbottle is inside one of them. I should check the drawers to find the soapbottle. The available actions include going to each drawer, so I will start by going to drawer 1 to search",369, for,student,7,624,".
",21.75,4.342167657088625e-20,2.4133626954497833e-12,-44.58332824707031
84,83,reasoning 正文,"<reasoning>
I need to put a soapbottle on the toilet. First, I should locate the soapbottle. Since I am in a room with multiple drawers, it is likely that the soapbottle is inside one of them. I should check the drawers to find the soapbottle. The available actions include going to each drawer, so I will start by going to drawer 1 to search",369, for,teacher,7,1752, For,21.5,3.4872748138044516e-19,8.423464183116014e-12,-42.499996185302734
84,83,reasoning 正文,"<reasoning>
I need to put a soapbottle on the toilet. First, I should locate the soapbottle. Since I am in a room with multiple drawers, it is likely that the soapbottle is inside one of them. I should check the drawers to find the soapbottle. The available actions include going to each drawer, so I will start by going to drawer 1 to search",369, for,student,8,4766, inside,20.25,3.564267945115578e-21,5.384939998250016e-13,-47.08332824707031
84,83,reasoning 正文,"<reasoning>
I need to put a soapbottle on the toilet. First, I should locate the soapbottle. Since I am in a room with multiple drawers, it is likely that the soapbottle is inside one of them. I should check the drawers to find the soapbottle. The available actions include going to each drawer, so I will start by going to drawer 1 to search",369, for,teacher,8,19849, для,20.75,9.991209596177142e-20,3.978962558742749e-12,-43.749996185302734
84,83,reasoning 正文,"<reasoning>
I need to put a soapbottle on the toilet. First, I should locate the soapbottle. Since I am in a room with multiple drawers, it is likely that the soapbottle is inside one of them. I should check the drawers to find the soapbottle. The available actions include going to each drawer, so I will start by going to drawer 1 to search",369, for,student,9,1052, there,19.75,1.5490206020858334e-21,3.266131668507727e-13,-47.916664123535156
84,83,reasoning 正文,"<reasoning>
I need to put a soapbottle on the toilet. First, I should locate the soapbottle. Since I am in a room with multiple drawers, it is likely that the soapbottle is inside one of them. I should check the drawers to find the soapbottle. The available actions include going to each drawer, so I will start by going to drawer 1 to search",369, for,teacher,9,1052, there,20.75,9.991209596177142e-20,3.978962558742749e-12,-43.749996185302734
84,83,reasoning 正文,"<reasoning>
I need to put a soapbottle on the toilet. First, I should locate the soapbottle. Since I am in a room with multiple drawers, it is likely that the soapbottle is inside one of them. I should check the drawers to find the soapbottle. The available actions include going to each drawer, so I will start by going to drawer 1 to search",369, for,student,10,5478,_for,19.625,1.2577077245993132e-21,2.882350662401084e-13,-48.124996185302734
84,83,reasoning 正文,"<reasoning>
I need to put a soapbottle on the toilet. First, I should locate the soapbottle. Since I am in a room with multiple drawers, it is likely that the soapbottle is inside one of them. I should check the drawers to find the soapbottle. The available actions include going to each drawer, so I will start by going to drawer 1 to search",369, for,teacher,10,5478,_for,19.125,6.658929542951533e-21,7.835042293777295e-13,-46.45832824707031
85,84,reasoning 正文,"<reasoning>
I need to put a soapbottle on the toilet. First, I should locate the soapbottle. Since I am in a room with multiple drawers, it is likely that the soapbottle is inside one of them. I should check the drawers to find the soapbottle. The available actions include going to each drawer, so I will start by going to drawer 1 to search for",279, the,student,1,279, the,55.25,1.0,1.0,0.0
85,84,reasoning 正文,"<reasoning>
I need to put a soapbottle on the toilet. First, I should locate the soapbottle. Since I am in a room with multiple drawers, it is likely that the soapbottle is inside one of them. I should check the drawers to find the soapbottle. The available actions include going to each drawer, so I will start by going to drawer 1 to search for",279, the,teacher,1,279, the,55.0,1.0,1.0,0.0
85,84,reasoning 正文,"<reasoning>
I need to put a soapbottle on the toilet. First, I should locate the soapbottle. Since I am in a room with multiple drawers, it is likely that the soapbottle is inside one of them. I should check the drawers to find the soapbottle. The available actions include going to each drawer, so I will start by going to drawer 1 to search for",279, the,student,2,1782,the,27.25,5.406613234566411e-21,6.914400150527522e-13,-46.666664123535156
85,84,reasoning 正文,"<reasoning>
I need to put a soapbottle on the toilet. First, I should locate the soapbottle. Since I am in a room with multiple drawers, it is likely that the soapbottle is inside one of them. I should check the drawers to find the soapbottle. The available actions include going to each drawer, so I will start by going to drawer 1 to search for",279, the,teacher,2,264, a,27.75,1.8870933372092514e-20,1.4637784257268138e-12,-45.416664123535156
85,84,reasoning 正文,"<reasoning>
I need to put a soapbottle on the toilet. First, I should locate the soapbottle. Since I am in a room with multiple drawers, it is likely that the soapbottle is inside one of them. I should check the drawers to find the soapbottle. The available actions include going to each drawer, so I will start by going to drawer 1 to search for",279, the,student,3,264, a,22.625,2.42794702218882e-24,6.7786390819349774e-15,-54.374996185302734
85,84,reasoning 正文,"<reasoning>
I need to put a soapbottle on the toilet. First, I should locate the soapbottle. Since I am in a room with multiple drawers, it is likely that the soapbottle is inside one of them. I should check the drawers to find the soapbottle. The available actions include going to each drawer, so I will start by going to drawer 1 to search for",279, the,teacher,3,1782,the,26.875,4.3898147951794565e-21,6.101936989542922e-13,-46.875
85,84,reasoning 正文,"<reasoning>
I need to put a soapbottle on the toilet. First, I should locate the soapbottle. Since I am in a room with multiple drawers, it is likely that the soapbottle is inside one of them. I should check the drawers to find the soapbottle. The available actions include going to each drawer, so I will start by going to drawer 1 to search for",279, the,student,4,432, it,19.875,2.481551951102407e-26,4.3334390869987217e-16,-58.95832824707031
85,84,reasoning 正文,"<reasoning>
I need to put a soapbottle on the toilet. First, I should locate the soapbottle. Since I am in a room with multiple drawers, it is likely that the soapbottle is inside one of them. I should check the drawers to find the soapbottle. The available actions include going to each drawer, so I will start by going to drawer 1 to search for",279, the,teacher,4,432, it,21.75,8.567390334564327e-25,3.6283439801114165e-15,-55.416664123535156
85,84,reasoning 正文,"<reasoning>
I need to put a soapbottle on the toilet. First, I should locate the soapbottle. Since I am in a room with multiple drawers, it is likely that the soapbottle is inside one of them. I should check the drawers to find the soapbottle. The available actions include going to each drawer, so I will start by going to drawer 1 to search for",279, the,student,5,576, The,19.125,7.109765293815853e-27,2.0469715840702642e-16,-60.20832824707031
85,84,reasoning 正文,"<reasoning>
I need to put a soapbottle on the toilet. First, I should locate the soapbottle. Since I am in a room with multiple drawers, it is likely that the soapbottle is inside one of them. I should check the drawers to find the soapbottle. The available actions include going to each drawer, so I will start by going to drawer 1 to search for",279, the,teacher,5,894, any,19.5,2.01485721734179e-26,3.824246818943575e-16,-59.166664123535156
85,84,reasoning 正文,"<reasoning>
I need to put a soapbottle on the toilet. First, I should locate the soapbottle. Since I am in a room with multiple drawers, it is likely that the soapbottle is inside one of them. I should check the drawers to find the soapbottle. The available actions include going to each drawer, so I will start by going to drawer 1 to search for",279, the,student,6,32088,	the,17.75,7.187808886283782e-28,5.175554941819762e-17,-62.499996185302734
85,84,reasoning 正文,"<reasoning>
I need to put a soapbottle on the toilet. First, I should locate the soapbottle. Since I am in a room with multiple drawers, it is likely that the soapbottle is inside one of them. I should check the drawers to find the soapbottle. The available actions include going to each drawer, so I will start by going to drawer 1 to search for",279, the,teacher,6,576, The,19.125,1.0784753169101645e-26,2.6283636170603873e-16,-59.791664123535156
85,84,reasoning 正文,"<reasoning>
I need to put a soapbottle on the toilet. First, I should locate the soapbottle. Since I am in a room with multiple drawers, it is likely that the soapbottle is inside one of them. I should check the drawers to find the soapbottle. The available actions include going to each drawer, so I will start by going to drawer 1 to search for",279, the,student,7,458, an,16.875,1.672056507271784e-28,2.1574925092024543e-17,-63.95832824707031
85,84,reasoning 正文,"<reasoning>
I need to put a soapbottle on the toilet. First, I should locate the soapbottle. Since I am in a room with multiple drawers, it is likely that the soapbottle is inside one of them. I should check the drawers to find the soapbottle. The available actions include going to each drawer, so I will start by going to drawer 1 to search for",279, the,teacher,7,458, an,18.75,5.77266262246376e-27,1.806446255483361e-16,-60.416664123535156
85,84,reasoning 正文,"<reasoning>
I need to put a soapbottle on the toilet. First, I should locate the soapbottle. Since I am in a room with multiple drawers, it is likely that the soapbottle is inside one of them. I should check the drawers to find the soapbottle. The available actions include going to each drawer, so I will start by going to drawer 1 to search for",279, the,student,8,894, any,16.875,1.672056507271784e-28,2.1574925092024543e-17,-63.95832824707031
85,84,reasoning 正文,"<reasoning>
I need to put a soapbottle on the toilet. First, I should locate the soapbottle. Since I am in a room with multiple drawers, it is likely that the soapbottle is inside one of them. I should check the drawers to find the soapbottle. The available actions include going to each drawer, so I will start by going to drawer 1 to search for",279, the,teacher,8,26785, soap,18.125,2.0369740575627485e-27,9.66920997991939e-17,-61.45833206176758
85,84,reasoning 正文,"<reasoning>
I need to put a soapbottle on the toilet. First, I should locate the soapbottle. Since I am in a room with multiple drawers, it is likely that the soapbottle is inside one of them. I should check the drawers to find the soapbottle. The available actions include going to each drawer, so I will start by going to drawer 1 to search for",279, the,student,9,26785, soap,16.5,8.94987348876526e-29,1.482821336855421e-17,-64.58332824707031
85,84,reasoning 正文,"<reasoning>
I need to put a soapbottle on the toilet. First, I should locate the soapbottle. Since I am in a room with multiple drawers, it is likely that the soapbottle is inside one of them. I should check the drawers to find the soapbottle. The available actions include going to each drawer, so I will start by going to drawer 1 to search for",279, the,teacher,9,32088,	the,17.75,1.0903137193888212e-27,6.645544556704893e-17,-62.08333206176758
85,84,reasoning 正文,"<reasoning>
I need to put a soapbottle on the toilet. First, I should locate the soapbottle. Since I am in a room with multiple drawers, it is likely that the soapbottle is inside one of them. I should check the drawers to find the soapbottle. The available actions include going to each drawer, so I will start by going to drawer 1 to search for",279, the,student,10,73277,theValue,16.5,8.94987348876526e-29,1.482821336855421e-17,-64.58332824707031
85,84,reasoning 正文,"<reasoning>
I need to put a soapbottle on the toilet. First, I should locate the soapbottle. Since I am in a room with multiple drawers, it is likely that the soapbottle is inside one of them. I should check the drawers to find the soapbottle. The available actions include going to each drawer, so I will start by going to drawer 1 to search for",279, the,teacher,10,16068,_the,16.25,8.94987348876526e-29,1.482821336855421e-17,-64.58332824707031
86,85,reasoning 正文,"<reasoning>
I need to put a soapbottle on the toilet. First, I should locate the soapbottle. Since I am in a room with multiple drawers, it is likely that the soapbottle is inside one of them. I should check the drawers to find the soapbottle. The available actions include going to each drawer, so I will start by going to drawer 1 to search for the",26785, soap,student,1,26785, soap,49.5,1.0,0.9999997615814209,0.0
86,85,reasoning 正文,"<reasoning>
I need to put a soapbottle on the toilet. First, I should locate the soapbottle. Since I am in a room with multiple drawers, it is likely that the soapbottle is inside one of them. I should check the drawers to find the soapbottle. The available actions include going to each drawer, so I will start by going to drawer 1 to search for the",26785, soap,teacher,1,26785, soap,49.5,1.0,0.9999997615814209,0.0
86,85,reasoning 正文,"<reasoning>
I need to put a soapbottle on the toilet. First, I should locate the soapbottle. Since I am in a room with multiple drawers, it is likely that the soapbottle is inside one of them. I should check the drawers to find the soapbottle. The available actions include going to each drawer, so I will start by going to drawer 1 to search for the",26785, soap,student,2,35012,soap,34.25,9.155485397593921e-12,2.3823696437830222e-07,-25.416667938232422
86,85,reasoning 正文,"<reasoning>
I need to put a soapbottle on the toilet. First, I should locate the soapbottle. Since I am in a room with multiple drawers, it is likely that the soapbottle is inside one of them. I should check the drawers to find the soapbottle. The available actions include going to each drawer, so I will start by going to drawer 1 to search for the",26785, soap,teacher,2,35012,soap,34.0,6.0356602528399694e-12,1.8553915026586765e-07,-25.833335876464844
86,85,reasoning 正文,"<reasoning>
I need to put a soapbottle on the toilet. First, I should locate the soapbottle. Since I am in a room with multiple drawers, it is likely that the soapbottle is inside one of them. I should check the drawers to find the soapbottle. The available actions include going to each drawer, so I will start by going to drawer 1 to search for the",26785, soap,student,3,114765,皂,28.75,9.564187820627207e-16,9.736200734522527e-10,-34.583335876464844
86,85,reasoning 正文,"<reasoning>
I need to put a soapbottle on the toilet. First, I should locate the soapbottle. Since I am in a room with multiple drawers, it is likely that the soapbottle is inside one of them. I should check the drawers to find the soapbottle. The available actions include going to each drawer, so I will start by going to drawer 1 to search for the",26785, soap,teacher,3,114765,皂,28.0,2.740185465685552e-16,4.5990555808117506e-10,-35.833335876464844
86,85,reasoning 正文,"<reasoning>
I need to put a soapbottle on the toilet. First, I should locate the soapbottle. Since I am in a room with multiple drawers, it is likely that the soapbottle is inside one of them. I should check the drawers to find the soapbottle. The available actions include going to each drawer, so I will start by going to drawer 1 to search for the",26785, soap,student,4,60631, Soap,26.5,2.249281267618891e-17,1.0261879540562902e-10,-38.333335876464844
86,85,reasoning 正文,"<reasoning>
I need to put a soapbottle on the toilet. First, I should locate the soapbottle. Since I am in a room with multiple drawers, it is likely that the soapbottle is inside one of them. I should check the drawers to find the soapbottle. The available actions include going to each drawer, so I will start by going to drawer 1 to search for the",26785, soap,teacher,4,60631, Soap,26.625,2.7702750207350052e-17,1.1628233792526643e-10,-38.125
86,85,reasoning 正文,"<reasoning>
I need to put a soapbottle on the toilet. First, I should locate the soapbottle. Since I am in a room with multiple drawers, it is likely that the soapbottle is inside one of them. I should check the drawers to find the soapbottle. The available actions include going to each drawer, so I will start by going to drawer 1 to search for the",26785, soap,student,5,95531,Soap,25.25,2.8006840412088327e-18,2.940077695190446e-11,-40.41666793823242
86,85,reasoning 正文,"<reasoning>
I need to put a soapbottle on the toilet. First, I should locate the soapbottle. Since I am in a room with multiple drawers, it is likely that the soapbottle is inside one of them. I should check the drawers to find the soapbottle. The available actions include going to each drawer, so I will start by going to drawer 1 to search for the",26785, soap,teacher,5,95531,Soap,25.5,4.24835413113866e-18,3.775134718719819e-11,-40.0
86,85,reasoning 正文,"<reasoning>
I need to put a soapbottle on the toilet. First, I should locate the soapbottle. Since I am in a room with multiple drawers, it is likely that the soapbottle is inside one of them. I should check the drawers to find the soapbottle. The available actions include going to each drawer, so I will start by going to drawer 1 to search for the",26785, soap,student,6,19174, soup,24.125,4.2949882476289266e-19,9.545034901359273e-12,-42.29166793823242
86,85,reasoning 正文,"<reasoning>
I need to put a soapbottle on the toilet. First, I should locate the soapbottle. Since I am in a room with multiple drawers, it is likely that the soapbottle is inside one of them. I should check the drawers to find the soapbottle. The available actions include going to each drawer, so I will start by going to drawer 1 to search for the",26785, soap,teacher,6,19174, soup,25.0,1.846322548319399e-18,2.2897348947448215e-11,-40.833335876464844
86,85,reasoning 正文,"<reasoning>
I need to put a soapbottle on the toilet. First, I should locate the soapbottle. Since I am in a room with multiple drawers, it is likely that the soapbottle is inside one of them. I should check the drawers to find the soapbottle. The available actions include going to each drawer, so I will start by going to drawer 1 to search for the",26785, soap,student,7,63232, SOAP,23.125,8.112174484474321e-20,3.511422055901825e-12,-43.958335876464844
86,85,reasoning 正文,"<reasoning>
I need to put a soapbottle on the toilet. First, I should locate the soapbottle. Since I am in a room with multiple drawers, it is likely that the soapbottle is inside one of them. I should check the drawers to find the soapbottle. The available actions include going to each drawer, so I will start by going to drawer 1 to search for the",26785, soap,teacher,7,63232, SOAP,22.75,4.3421346991110935e-20,2.4133626954497833e-12,-44.583335876464844
86,85,reasoning 正文,"<reasoning>
I need to put a soapbottle on the toilet. First, I should locate the soapbottle. Since I am in a room with multiple drawers, it is likely that the soapbottle is inside one of them. I should check the drawers to find the soapbottle. The available actions include going to each drawer, so I will start by going to drawer 1 to search for the",26785, soap,student,8,28739, soy,21.5,5.406592635830454e-21,6.914400150527522e-13,-46.66666793823242
86,85,reasoning 正文,"<reasoning>
I need to put a soapbottle on the toilet. First, I should locate the soapbottle. Since I am in a room with multiple drawers, it is likely that the soapbottle is inside one of them. I should check the drawers to find the soapbottle. The available actions include going to each drawer, so I will start by going to drawer 1 to search for the",26785, soap,teacher,8,11087, sock,21.5,5.406592635830454e-21,6.914400150527522e-13,-46.66666793823242
86,85,reasoning 正文,"<reasoning>
I need to put a soapbottle on the toilet. First, I should locate the soapbottle. Since I am in a room with multiple drawers, it is likely that the soapbottle is inside one of them. I should check the drawers to find the soapbottle. The available actions include going to each drawer, so I will start by going to drawer 1 to search for the",26785, soap,student,9,11087, sock,20.625,1.2577028778379115e-21,2.882350662401084e-13,-48.125
86,85,reasoning 正文,"<reasoning>
I need to put a soapbottle on the toilet. First, I should locate the soapbottle. Since I am in a room with multiple drawers, it is likely that the soapbottle is inside one of them. I should check the drawers to find the soapbottle. The available actions include going to each drawer, so I will start by going to drawer 1 to search for the",26785, soap,teacher,9,28739, soy,21.25,3.564240884031085e-21,5.384939998250016e-13,-47.083335876464844
86,85,reasoning 正文,"<reasoning>
I need to put a soapbottle on the toilet. First, I should locate the soapbottle. Since I am in a room with multiple drawers, it is likely that the soapbottle is inside one of them. I should check the drawers to find the soapbottle. The available actions include going to each drawer, so I will start by going to drawer 1 to search for the",26785, soap,student,10,31083, foam,20.375,8.291277484590538e-22,2.2447771723041465e-13,-48.54166793823242
86,85,reasoning 正文,"<reasoning>
I need to put a soapbottle on the toilet. First, I should locate the soapbottle. Since I am in a room with multiple drawers, it is likely that the soapbottle is inside one of them. I should check the drawers to find the soapbottle. The available actions include going to each drawer, so I will start by going to drawer 1 to search for the",26785, soap,teacher,10,31083, foam,20.375,8.291277484590538e-22,2.2447771723041465e-13,-48.54166793823242
87,86,reasoning 正文,"<reasoning>
I need to put a soapbottle on the toilet. First, I should locate the soapbottle. Since I am in a room with multiple drawers, it is likely that the soapbottle is inside one of them. I should check the drawers to find the soapbottle. The available actions include going to each drawer, so I will start by going to drawer 1 to search for the soap",65,b,student,1,65,b,57.75,1.0,1.0,0.0
87,86,reasoning 正文,"<reasoning>
I need to put a soapbottle on the toilet. First, I should locate the soapbottle. Since I am in a room with multiple drawers, it is likely that the soapbottle is inside one of them. I should check the drawers to find the soapbottle. The available actions include going to each drawer, so I will start by going to drawer 1 to search for the soap",65,b,teacher,1,65,b,59.0,1.0,1.0,0.0
87,86,reasoning 正文,"<reasoning>
I need to put a soapbottle on the toilet. First, I should locate the soapbottle. Since I am in a room with multiple drawers, it is likely that the soapbottle is inside one of them. I should check the drawers to find the soapbottle. The available actions include going to each drawer, so I will start by going to drawer 1 to search for the soap",65,b,student,2,16486, bottle,32.25,3.4872613721194976e-19,8.423464183116014e-12,-42.5
87,86,reasoning 正文,"<reasoning>
I need to put a soapbottle on the toilet. First, I should locate the soapbottle. Since I am in a room with multiple drawers, it is likely that the soapbottle is inside one of them. I should check the drawers to find the soapbottle. The available actions include going to each drawer, so I will start by going to drawer 1 to search for the soap",65,b,teacher,2,16486, bottle,35.0,4.2483702611606045e-18,3.775134718719819e-11,-39.999996185302734
87,86,reasoning 正文,"<reasoning>
I need to put a soapbottle on the toilet. First, I should locate the soapbottle. Since I am in a room with multiple drawers, it is likely that the soapbottle is inside one of them. I should check the drawers to find the soapbottle. The available actions include going to each drawer, so I will start by going to drawer 1 to search for the soap",65,b,student,3,100822,瓶,30.625,2.3241768653519783e-20,1.6586784029604118e-12,-45.208335876464844
87,86,reasoning 正文,"<reasoning>
I need to put a soapbottle on the toilet. First, I should locate the soapbottle. Since I am in a room with multiple drawers, it is likely that the soapbottle is inside one of them. I should check the drawers to find the soapbottle. The available actions include going to each drawer, so I will start by going to drawer 1 to search for the soap",65,b,teacher,3,100822,瓶,32.25,4.342167657088625e-20,2.4133626954497833e-12,-44.58332824707031
87,86,reasoning 正文,"<reasoning>
I need to put a soapbottle on the toilet. First, I should locate the soapbottle. Since I am in a room with multiple drawers, it is likely that the soapbottle is inside one of them. I should check the drawers to find the soapbottle. The available actions include going to each drawer, so I will start by going to drawer 1 to search for the soap",65,b,student,4,77489,bubble,26.0,1.043717882326402e-23,1.62611098224923e-14,-52.91666793823242
87,86,reasoning 正文,"<reasoning>
I need to put a soapbottle on the toilet. First, I should locate the soapbottle. Since I am in a room with multiple drawers, it is likely that the soapbottle is inside one of them. I should check the drawers to find the soapbottle. The available actions include going to each drawer, so I will start by going to drawer 1 to search for the soap",65,b,teacher,4,53985, Bottle,27.375,1.2854757452145068e-23,1.842625309061638e-14,-52.70832824707031
87,86,reasoning 正文,"<reasoning>
I need to put a soapbottle on the toilet. First, I should locate the soapbottle. Since I am in a room with multiple drawers, it is likely that the soapbottle is inside one of them. I should check the drawers to find the soapbottle. The available actions include going to each drawer, so I will start by going to drawer 1 to search for the soap",65,b,student,5,53985, Bottle,25.0,1.9713259312543105e-24,5.982128261852607e-15,-54.583335876464844
87,86,reasoning 正文,"<reasoning>
I need to put a soapbottle on the toilet. First, I should locate the soapbottle. Since I am in a room with multiple drawers, it is likely that the soapbottle is inside one of them. I should check the drawers to find the soapbottle. The available actions include going to each drawer, so I will start by going to drawer 1 to search for the soap",65,b,teacher,5,77489,bubble,25.75,8.567390334564327e-25,3.6283439801114165e-15,-55.416664123535156
87,86,reasoning 正文,"<reasoning>
I need to put a soapbottle on the toilet. First, I should locate the soapbottle. Since I am in a room with multiple drawers, it is likely that the soapbottle is inside one of them. I should check the drawers to find the soapbottle. The available actions include going to each drawer, so I will start by going to drawer 1 to search for the soap",65,b,student,6,9923,б,23.625,1.9929727675316408e-25,1.5125188877038631e-15,-56.875
87,86,reasoning 正文,"<reasoning>
I need to put a soapbottle on the toilet. First, I should locate the soapbottle. Since I am in a room with multiple drawers, it is likely that the soapbottle is inside one of them. I should check the drawers to find the soapbottle. The available actions include going to each drawer, so I will start by going to drawer 1 to search for the soap",65,b,teacher,6,33,B,24.125,5.709984156870051e-26,7.144633971630562e-16,-58.124996185302734
87,86,reasoning 正文,"<reasoning>
I need to put a soapbottle on the toilet. First, I should locate the soapbottle. Since I am in a room with multiple drawers, it is likely that the soapbottle is inside one of them. I should check the drawers to find the soapbottle. The available actions include going to each drawer, so I will start by going to drawer 1 to search for the soap",65,b,student,7,33,B,23.125,8.661401846867909e-26,9.173890920400186e-16,-57.708335876464844
87,86,reasoning 正文,"<reasoning>
I need to put a soapbottle on the toilet. First, I should locate the soapbottle. Since I am in a room with multiple drawers, it is likely that the soapbottle is inside one of them. I should check the drawers to find the soapbottle. The available actions include going to each drawer, so I will start by going to drawer 1 to search for the soap",65,b,teacher,7,9923,б,23.5,2.01485721734179e-26,3.824246818943575e-16,-59.166664123535156
87,86,reasoning 正文,"<reasoning>
I need to put a soapbottle on the toilet. First, I should locate the soapbottle. Since I am in a room with multiple drawers, it is likely that the soapbottle is inside one of them. I should check the drawers to find the soapbottle. The available actions include going to each drawer, so I will start by going to drawer 1 to search for the soap",65,b,student,8,21360,ب,23.0,7.032515627448899e-26,8.095930321944762e-16,-57.91666793823242
87,86,reasoning 正文,"<reasoning>
I need to put a soapbottle on the toilet. First, I should locate the soapbottle. Since I am in a room with multiple drawers, it is likely that the soapbottle is inside one of them. I should check the drawers to find the soapbottle. The available actions include going to each drawer, so I will start by going to drawer 1 to search for the soap",65,b,teacher,8,6331,bot,23.375,1.6359378963545877e-26,3.37488578190892e-16,-59.374996185302734
87,86,reasoning 正文,"<reasoning>
I need to put a soapbottle on the toilet. First, I should locate the soapbottle. Since I am in a room with multiple drawers, it is likely that the soapbottle is inside one of them. I should check the drawers to find the soapbottle. The available actions include going to each drawer, so I will start by going to drawer 1 to search for the soap",65,b,student,9,6331,bot,22.375,2.4815331540261498e-26,4.3334390869987217e-16,-58.958335876464844
87,86,reasoning 正文,"<reasoning>
I need to put a soapbottle on the toilet. First, I should locate the soapbottle. Since I am in a room with multiple drawers, it is likely that the soapbottle is inside one of them. I should check the drawers to find the soapbottle. The available actions include going to each drawer, so I will start by going to drawer 1 to search for the soap",65,b,teacher,9,21360,ب,23.25,1.328279061830482e-26,2.978326396525934e-16,-59.58332824707031
87,86,reasoning 正文,"<reasoning>
I need to put a soapbottle on the toilet. First, I should locate the soapbottle. Since I am in a room with multiple drawers, it is likely that the soapbottle is inside one of them. I should check the drawers to find the soapbottle. The available actions include going to each drawer, so I will start by going to drawer 1 to search for the soap",65,b,student,10,2011,box,22.125,1.63593157930437e-26,3.37488578190892e-16,-59.375
87,86,reasoning 正文,"<reasoning>
I need to put a soapbottle on the toilet. First, I should locate the soapbottle. Since I am in a room with multiple drawers, it is likely that the soapbottle is inside one of them. I should check the drawers to find the soapbottle. The available actions include going to each drawer, so I will start by going to drawer 1 to search for the soap",65,b,teacher,10,16110,bul,22.625,4.687040179529974e-27,1.5941832399727815e-16,-60.624996185302734
88,87,reasoning 正文,"<reasoning>
I need to put a soapbottle on the toilet. First, I should locate the soapbottle. Since I am in a room with multiple drawers, it is likely that the soapbottle is inside one of them. I should check the drawers to find the soapbottle. The available actions include going to each drawer, so I will start by going to drawer 1 to search for the soapb",62118,ottle,student,1,62118,ottle,40.75,1.0,0.9999997615814209,0.0
88,87,reasoning 正文,"<reasoning>
I need to put a soapbottle on the toilet. First, I should locate the soapbottle. Since I am in a room with multiple drawers, it is likely that the soapbottle is inside one of them. I should check the drawers to find the soapbottle. The available actions include going to each drawer, so I will start by going to drawer 1 to search for the soapb",62118,ottle,teacher,1,62118,ottle,42.25,1.0,0.9999998807907104,0.0
88,87,reasoning 正文,"<reasoning>
I need to put a soapbottle on the toilet. First, I should locate the soapbottle. Since I am in a room with multiple drawers, it is likely that the soapbottle is inside one of them. I should check the drawers to find the soapbottle. The available actions include going to each drawer, so I will start by going to drawer 1 to search for the soapb",62118,ottle,student,2,1716,ott,25.25,6.035683237926026e-12,1.8553915026586765e-07,-25.833332061767578
88,87,reasoning 正文,"<reasoning>
I need to put a soapbottle on the toilet. First, I should locate the soapbottle. Since I am in a room with multiple drawers, it is likely that the soapbottle is inside one of them. I should check the drawers to find the soapbottle. The available actions include going to each drawer, so I will start by going to drawer 1 to search for the soapb",62118,ottle,teacher,2,1716,ott,26.125,2.1297852804275097e-12,9.931194711043645e-08,-26.875
88,87,reasoning 正文,"<reasoning>
I need to put a soapbottle on the toilet. First, I should locate the soapbottle. Since I am in a room with multiple drawers, it is likely that the soapbottle is inside one of them. I should check the drawers to find the soapbottle. The available actions include going to each drawer, so I will start by going to drawer 1 to search for the soapb",62118,ottle,student,3,9605,owl,21.25,7.68120477976069e-15,3.3982678893096363e-09,-32.5
88,87,reasoning 正文,"<reasoning>
I need to put a soapbottle on the toilet. First, I should locate the soapbottle. Since I am in a room with multiple drawers, it is likely that the soapbottle is inside one of them. I should check the drawers to find the soapbottle. The available actions include going to each drawer, so I will start by going to drawer 1 to search for the soapb",62118,ottle,teacher,3,9605,owl,21.75,1.450795808595679e-15,1.2501528701136522e-09,-34.166664123535156
88,87,reasoning 正文,"<reasoning>
I need to put a soapbottle on the toilet. First, I should locate the soapbottle. Since I am in a room with multiple drawers, it is likely that the soapbottle is inside one of them. I should check the drawers to find the soapbottle. The available actions include going to each drawer, so I will start by going to drawer 1 to search for the soapb",62118,ottle,student,4,55975,uckle,18.5,7.850792369564467e-17,2.1724398668876432e-10,-37.08333206176758
88,87,reasoning 正文,"<reasoning>
I need to put a soapbottle on the toilet. First, I should locate the soapbottle. Since I am in a room with multiple drawers, it is likely that the soapbottle is inside one of them. I should check the drawers to find the soapbottle. The available actions include going to each drawer, so I will start by going to drawer 1 to search for the soapb",62118,ottle,teacher,4,55975,uckle,19.0,1.482821336855421e-17,7.99195987166712e-11,-38.75
88,87,reasoning 正文,"<reasoning>
I need to put a soapbottle on the toilet. First, I should locate the soapbottle. Since I am in a room with multiple drawers, it is likely that the soapbottle is inside one of them. I should check the drawers to find the soapbottle. The available actions include going to each drawer, so I will start by going to drawer 1 to search for the soapb",62118,ottle,student,5,100822,瓶,18.25,5.175554941819762e-17,1.6918980105806725e-10,-37.5
88,87,reasoning 正文,"<reasoning>
I need to put a soapbottle on the toilet. First, I should locate the soapbottle. Since I am in a room with multiple drawers, it is likely that the soapbottle is inside one of them. I should check the drawers to find the soapbottle. The available actions include going to each drawer, so I will start by going to drawer 1 to search for the soapb",62118,ottle,teacher,5,1272,ote,18.75,9.775385559857716e-18,6.224144116773189e-11,-39.166664123535156
88,87,reasoning 正文,"<reasoning>
I need to put a soapbottle on the toilet. First, I should locate the soapbottle. Since I am in a room with multiple drawers, it is likely that the soapbottle is inside one of them. I should check the drawers to find the soapbottle. The available actions include going to each drawer, so I will start by going to drawer 1 to search for the soapb",62118,ottle,student,6,1272,ote,17.375,1.2039580728484816e-17,7.052879807956103e-11,-38.95833206176758
88,87,reasoning 正文,"<reasoning>
I need to put a soapbottle on the toilet. First, I should locate the soapbottle. Since I am in a room with multiple drawers, it is likely that the soapbottle is inside one of them. I should check the drawers to find the soapbottle. The available actions include going to each drawer, so I will start by going to drawer 1 to search for the soapb",62118,ottle,teacher,6,100822,瓶,18.375,5.232386799395524e-18,4.2777878461741636e-11,-39.791664123535156
88,87,reasoning 正文,"<reasoning>
I need to put a soapbottle on the toilet. First, I should locate the soapbottle. Since I am in a room with multiple drawers, it is likely that the soapbottle is inside one of them. I should check the drawers to find the soapbottle. The available actions include going to each drawer, so I will start by going to drawer 1 to search for the soapb",62118,ottle,student,7,57639,otty,17.25,9.775385559857716e-18,6.224144116773189e-11,-39.166664123535156
88,87,reasoning 正文,"<reasoning>
I need to put a soapbottle on the toilet. First, I should locate the soapbottle. Since I am in a room with multiple drawers, it is likely that the soapbottle is inside one of them. I should check the drawers to find the soapbottle. The available actions include going to each drawer, so I will start by going to drawer 1 to search for the soapb",62118,ottle,teacher,7,57639,otty,18.25,4.24835413113866e-18,3.775134718719819e-11,-40.0
88,87,reasoning 正文,"<reasoning>
I need to put a soapbottle on the toilet. First, I should locate the soapbottle. Since I am in a room with multiple drawers, it is likely that the soapbottle is inside one of them. I should check the drawers to find the soapbottle. The available actions include going to each drawer, so I will start by going to drawer 1 to search for the soapb",62118,ottle,student,8,7441,roke,17.125,7.936970858194324e-18,5.4927885156930145e-11,-39.375
88,87,reasoning 正文,"<reasoning>
I need to put a soapbottle on the toilet. First, I should locate the soapbottle. Since I am in a room with multiple drawers, it is likely that the soapbottle is inside one of them. I should check the drawers to find the soapbottle. The available actions include going to each drawer, so I will start by going to drawer 1 to search for the soapb",62118,ottle,teacher,8,2133,oute,18.0,2.800694794556796e-18,2.940077695190446e-11,-40.416664123535156
88,87,reasoning 正文,"<reasoning>
I need to put a soapbottle on the toilet. First, I should locate the soapbottle. Since I am in a room with multiple drawers, it is likely that the soapbottle is inside one of them. I should check the drawers to find the soapbottle. The available actions include going to each drawer, so I will start by going to drawer 1 to search for the soapb",62118,ottle,student,9,460,ore,16.875,5.232386799395524e-18,4.2777878461741636e-11,-39.791664123535156
88,87,reasoning 正文,"<reasoning>
I need to put a soapbottle on the toilet. First, I should locate the soapbottle. Since I am in a room with multiple drawers, it is likely that the soapbottle is inside one of them. I should check the drawers to find the soapbottle. The available actions include going to each drawer, so I will start by going to drawer 1 to search for the soapb",62118,ottle,teacher,9,23798,OTT,17.875,2.2739800948881426e-18,2.5946095966178362e-11,-40.625
88,87,reasoning 正文,"<reasoning>
I need to put a soapbottle on the toilet. First, I should locate the soapbottle. Since I am in a room with multiple drawers, it is likely that the soapbottle is inside one of them. I should check the drawers to find the soapbottle. The available actions include going to each drawer, so I will start by going to drawer 1 to search for the soapb",62118,ottle,student,10,2133,oute,16.875,5.232386799395524e-18,4.2777878461741636e-11,-39.791664123535156
88,87,reasoning 正文,"<reasoning>
I need to put a soapbottle on the toilet. First, I should locate the soapbottle. Since I am in a room with multiple drawers, it is likely that the soapbottle is inside one of them. I should check the drawers to find the soapbottle. The available actions include going to each drawer, so I will start by going to drawer 1 to search for the soapb",62118,ottle,teacher,10,50526,otle,17.125,6.515062171069119e-19,1.2256066821147993e-11,-41.875
89,88,reasoning 正文,"<reasoning>
I need to put a soapbottle on the toilet. First, I should locate the soapbottle. Since I am in a room with multiple drawers, it is likely that the soapbottle is inside one of them. I should check the drawers to find the soapbottle. The available actions include going to each drawer, so I will start by going to drawer 1 to search for the soapbottle",624,".
",student,1,624,".
",50.5,1.0,0.999997079372406,0.0
89,88,reasoning 正文,"<reasoning>
I need to put a soapbottle on the toilet. First, I should locate the soapbottle. Since I am in a room with multiple drawers, it is likely that the soapbottle is inside one of them. I should check the drawers to find the soapbottle. The available actions include going to each drawer, so I will start by going to drawer 1 to search for the soapbottle",624,".
",teacher,1,624,".
",51.75,1.0,0.9999998807907104,0.0
89,88,reasoning 正文,"<reasoning>
I need to put a soapbottle on the toilet. First, I should locate the soapbottle. Since I am in a room with multiple drawers, it is likely that the soapbottle is inside one of them. I should check the drawers to find the soapbottle. The available actions include going to each drawer, so I will start by going to drawer 1 to search for the soapbottle",624,".
",student,2,13,.,37.75,5.905304023556823e-10,2.9023121896898374e-06,-21.25
89,88,reasoning 正文,"<reasoning>
I need to put a soapbottle on the toilet. First, I should locate the soapbottle. Since I am in a room with multiple drawers, it is likely that the soapbottle is inside one of them. I should check the drawers to find the soapbottle. The available actions include going to each drawer, so I will start by going to drawer 1 to search for the soapbottle",624,".
",teacher,2,13,.,36.0,3.978962558742749e-12,1.4449803131810768e-07,-26.25
89,88,reasoning 正文,"<reasoning>
I need to put a soapbottle on the toilet. First, I should locate the soapbottle. Since I am in a room with multiple drawers, it is likely that the soapbottle is inside one of them. I should check the drawers to find the soapbottle. The available actions include going to each drawer, so I will start by going to drawer 1 to search for the soapbottle",624,".
",student,3,382,".

",34.25,1.7292521581335762e-12,8.764214953771443e-08,-27.083332061767578
89,88,reasoning 正文,"<reasoning>
I need to put a soapbottle on the toilet. First, I should locate the soapbottle. Since I am in a room with multiple drawers, it is likely that the soapbottle is inside one of them. I should check the drawers to find the soapbottle. The available actions include going to each drawer, so I will start by going to drawer 1 to search for the soapbottle",624,".
",teacher,3,3918,.</,30.125,2.224859090905508e-16,4.05865202557365e-10,-36.04166793823242
89,88,reasoning 正文,"<reasoning>
I need to put a soapbottle on the toilet. First, I should locate the soapbottle. Since I am in a room with multiple drawers, it is likely that the soapbottle is inside one of them. I should check the drawers to find the soapbottle. The available actions include going to each drawer, so I will start by going to drawer 1 to search for the soapbottle",624,".
",student,4,3918,.</,27.875,4.20222640427964e-17,1.493088985782265e-10,-37.70833206176758
89,88,reasoning 正文,"<reasoning>
I need to put a soapbottle on the toilet. First, I should locate the soapbottle. Since I am in a room with multiple drawers, it is likely that the soapbottle is inside one of them. I should check the drawers to find the soapbottle. The available actions include going to each drawer, so I will start by going to drawer 1 to search for the soapbottle",624,".
",teacher,4,382,".

",28.75,2.249281267618891e-17,1.0261879540562902e-10,-38.333335876464844
89,88,reasoning 正文,"<reasoning>
I need to put a soapbottle on the toilet. First, I should locate the soapbottle. Since I am in a room with multiple drawers, it is likely that the soapbottle is inside one of them. I should check the drawers to find the soapbottle. The available actions include going to each drawer, so I will start by going to drawer 1 to search for the soapbottle",624,".
",student,5,3224,".
",25.5,8.024125502665055e-19,1.3887891704700284e-11,-41.666664123535156
89,88,reasoning 正文,"<reasoning>
I need to put a soapbottle on the toilet. First, I should locate the soapbottle. Since I am in a room with multiple drawers, it is likely that the soapbottle is inside one of them. I should check the drawers to find the soapbottle. The available actions include going to each drawer, so I will start by going to drawer 1 to search for the soapbottle",624,".
",teacher,5,3224,".
",27.125,1.4990981833589332e-18,2.020683967374204e-11,-41.04166793823242
89,88,reasoning 正文,"<reasoning>
I need to put a soapbottle on the toilet. First, I should locate the soapbottle. Since I am in a room with multiple drawers, it is likely that the soapbottle is inside one of them. I should check the drawers to find the soapbottle. The available actions include going to each drawer, so I will start by going to drawer 1 to search for the soapbottle",624,".
",student,6,8997,"。
",25.25,5.289822602216026e-19,1.0815900258753786e-11,-42.08333206176758
89,88,reasoning 正文,"<reasoning>
I need to put a soapbottle on the toilet. First, I should locate the soapbottle. Since I am in a room with multiple drawers, it is likely that the soapbottle is inside one of them. I should check the drawers to find the soapbottle. The available actions include going to each drawer, so I will start by going to drawer 1 to search for the soapbottle",624,".
",teacher,6,8997,"。
",27.0,1.2171738340976647e-18,1.783247334519178e-11,-41.25
89,88,reasoning 正文,"<reasoning>
I need to put a soapbottle on the toilet. First, I should locate the soapbottle. Since I am in a room with multiple drawers, it is likely that the soapbottle is inside one of them. I should check the drawers to find the soapbottle. The available actions include going to each drawer, so I will start by going to drawer 1 to search for the soapbottle",624,".
",student,7,198,"
",24.125,8.112206149982145e-20,3.5114088286353207e-12,-43.95833206176758
89,88,reasoning 正文,"<reasoning>
I need to put a soapbottle on the toilet. First, I should locate the soapbottle. Since I am in a room with multiple drawers, it is likely that the soapbottle is inside one of them. I should check the drawers to find the soapbottle. The available actions include going to each drawer, so I will start by going to drawer 1 to search for the soapbottle",624,".
",teacher,7,10040,".""
",25.125,5.347889065630115e-20,2.734698101650168e-12,-44.375
89,88,reasoning 正文,"<reasoning>
I need to put a soapbottle on the toilet. First, I should locate the soapbottle. Since I am in a room with multiple drawers, it is likely that the soapbottle is inside one of them. I should check the drawers to find the soapbottle. The available actions include going to each drawer, so I will start by going to drawer 1 to search for the soapbottle",624,".
",student,8,10040,".""
",22.625,6.658904097454174e-21,7.835011394015379e-13,-46.45833206176758
89,88,reasoning 正文,"<reasoning>
I need to put a soapbottle on the toilet. First, I should locate the soapbottle. Since I am in a room with multiple drawers, it is likely that the soapbottle is inside one of them. I should check the drawers to find the soapbottle. The available actions include going to each drawer, so I will start by going to drawer 1 to search for the soapbottle",624,".
",teacher,8,198,"
",25.0,4.3421346991110935e-20,2.4133626954497833e-12,-44.583335876464844
89,88,reasoning 正文,"<reasoning>
I need to put a soapbottle on the toilet. First, I should locate the soapbottle. Since I am in a room with multiple drawers, it is likely that the soapbottle is inside one of them. I should check the drawers to find the soapbottle. The available actions include going to each drawer, so I will start by going to drawer 1 to search for the soapbottle",624,".
",student,9,33947,"..
",20.25,1.271513522503601e-22,7.287696650575687e-14,-50.416664123535156
89,88,reasoning 正文,"<reasoning>
I need to put a soapbottle on the toilet. First, I should locate the soapbottle. Since I am in a room with multiple drawers, it is likely that the soapbottle is inside one of them. I should check the drawers to find the soapbottle. The available actions include going to each drawer, so I will start by going to drawer 1 to search for the soapbottle",624,".
",teacher,9,33947,"..
",21.75,1.9287498933537385e-22,9.357622912219837e-14,-50.0
89,88,reasoning 正文,"<reasoning>
I need to put a soapbottle on the toilet. First, I should locate the soapbottle. Since I am in a room with multiple drawers, it is likely that the soapbottle is inside one of them. I should check the drawers to find the soapbottle. The available actions include going to each drawer, so I will start by going to drawer 1 to search for the soapbottle",624,".
",student,10,4192,".


",19.5,3.642947354080511e-23,3.442463870385881e-14,-51.666664123535156
89,88,reasoning 正文,"<reasoning>
I need to put a soapbottle on the toilet. First, I should locate the soapbottle. Since I am in a room with multiple drawers, it is likely that the soapbottle is inside one of them. I should check the drawers to find the soapbottle. The available actions include going to each drawer, so I will start by going to drawer 1 to search for the soapbottle",624,".
",teacher,10,4292,").
",21.0,5.525960543653601e-23,4.420228560345768e-14,-51.25
90,89,</reasoning> 标签/边界,"<reasoning>
I need to put a soapbottle on the toilet. First, I should locate the soapbottle. Since I am in a room with multiple drawers, it is likely that the soapbottle is inside one of them. I should check the drawers to find the soapbottle. The available actions include going to each drawer, so I will start by going to drawer 1 to search for the soapbottle.
",522,</,student,1,522,</,39.75,0.9999986886978149,0.9997037649154663,-1.311301275563892e-06
90,89,</reasoning> 标签/边界,"<reasoning>
I need to put a soapbottle on the toilet. First, I should locate the soapbottle. Since I am in a room with multiple drawers, it is likely that the soapbottle is inside one of them. I should check the drawers to find the soapbottle. The available actions include going to each drawer, so I will start by going to drawer 1 to search for the soapbottle.
",522,</,teacher,1,522,</,37.25,0.9980732202529907,0.9770211577415466,-0.0019286142196506262
90,89,</reasoning> 标签/边界,"<reasoning>
I need to put a soapbottle on the toilet. First, I should locate the soapbottle. Since I am in a room with multiple drawers, it is likely that the soapbottle is inside one of them. I should check the drawers to find the soapbottle. The available actions include going to each drawer, so I will start by going to drawer 1 to search for the soapbottle.
",522,</,student,2,27,<,31.625,1.3150065569789149e-06,0.0002959569392260164,-13.541668891906738
90,89,</reasoning> 标签/边界,"<reasoning>
I need to put a soapbottle on the toilet. First, I should locate the soapbottle. Since I am in a room with multiple drawers, it is likely that the soapbottle is inside one of them. I should check the drawers to find the soapbottle. The available actions include going to each drawer, so I will start by going to drawer 1 to search for the soapbottle.
",522,</,teacher,2,27,<,33.5,0.001926734228618443,0.02297733537852764,-6.251928806304932
90,89,</reasoning> 标签/边界,"<reasoning>
I need to put a soapbottle on the toilet. First, I should locate the soapbottle. Since I am in a room with multiple drawers, it is likely that the soapbottle is inside one of them. I should check the drawers to find the soapbottle. The available actions include going to each drawer, so I will start by going to drawer 1 to search for the soapbottle.
",522,</,student,3,690, </,24.25,6.0356489771373756e-12,1.8548411162555567e-07,-25.833337783813477
90,89,</reasoning> 标签/边界,"<reasoning>
I need to put a soapbottle on the toilet. First, I should locate the soapbottle. Since I am in a room with multiple drawers, it is likely that the soapbottle is inside one of them. I should check the drawers to find the soapbottle. The available actions include going to each drawer, so I will start by going to drawer 1 to search for the soapbottle.
",522,</,teacher,3,690, </,22.625,2.5896111643941566e-11,4.3485778178364853e-07,-24.376928329467773
90,89,</reasoning> 标签/边界,"<reasoning>
I need to put a soapbottle on the toilet. First, I should locate the soapbottle. Since I am in a room with multiple drawers, it is likely that the soapbottle is inside one of them. I should check the drawers to find the soapbottle. The available actions include going to each drawer, so I will start by going to drawer 1 to search for the soapbottle.
",522,</,student,4,11347,;</,23.25,1.1399896868505288e-12,6.823586318205344e-08,-27.500001907348633
90,89,</reasoning> 标签/边界,"<reasoning>
I need to put a soapbottle on the toilet. First, I should locate the soapbottle. Since I am in a room with multiple drawers, it is likely that the soapbottle is inside one of them. I should check the drawers to find the soapbottle. The available actions include going to each drawer, so I will start by going to drawer 1 to search for the soapbottle.
",522,</,teacher,4,88752,<algorithm,22.5,2.1026021201908662e-11,3.837606641354796e-07,-24.58526039123535
90,89,</reasoning> 标签/边界,"<reasoning>
I need to put a soapbottle on the toilet. First, I should locate the soapbottle. Since I am in a room with multiple drawers, it is likely that the soapbottle is inside one of them. I should check the drawers to find the soapbottle. The available actions include going to each drawer, so I will start by going to drawer 1 to search for the soapbottle.
",522,</,student,5,3918,.</,21.875,1.152503250169759e-13,1.725272724684146e-08,-29.791669845581055
90,89,</reasoning> 标签/边界,"<reasoning>
I need to put a soapbottle on the toilet. First, I should locate the soapbottle. Since I am in a room with multiple drawers, it is likely that the soapbottle is inside one of them. I should check the drawers to find the soapbottle. The available actions include going to each drawer, so I will start by going to drawer 1 to search for the soapbottle.
",522,</,teacher,5,11347,;</,21.5,3.9712972493832766e-12,1.4117766511390073e-07,-26.251928329467773
90,89,</reasoning> 标签/边界,"<reasoning>
I need to put a soapbottle on the toilet. First, I should locate the soapbottle. Since I am in a room with multiple drawers, it is likely that the soapbottle is inside one of them. I should check the drawers to find the soapbottle. The available actions include going to each drawer, so I will start by going to drawer 1 to search for the soapbottle.
",522,</,student,6,37132,。</,21.875,1.152503250169759e-13,1.725272724684146e-08,-29.791669845581055
90,89,</reasoning> 标签/边界,"<reasoning>
I need to put a soapbottle on the toilet. First, I should locate the soapbottle. Since I am in a room with multiple drawers, it is likely that the soapbottle is inside one of them. I should check the drawers to find the soapbottle. The available actions include going to each drawer, so I will start by going to drawer 1 to search for the soapbottle.
",522,</,teacher,6,1472,></,21.0,1.7259208385383973e-12,8.562857800598067e-08,-27.08526039123535
90,89,</reasoning> 标签/边界,"<reasoning>
I need to put a soapbottle on the toilet. First, I should locate the soapbottle. Since I am in a room with multiple drawers, it is likely that the soapbottle is inside one of them. I should check the drawers to find the soapbottle. The available actions include going to each drawer, so I will start by going to drawer 1 to search for the soapbottle.
",522,</,student,7,86661,()</,21.375,5.008765009196538e-14,1.0464307642621407e-08,-30.625001907348633
90,89,</reasoning> 标签/边界,"<reasoning>
I need to put a soapbottle on the toilet. First, I should locate the soapbottle. Since I am in a room with multiple drawers, it is likely that the soapbottle is inside one of them. I should check the drawers to find the soapbottle. The available actions include going to each drawer, so I will start by going to drawer 1 to search for the soapbottle.
",522,</,teacher,7,3918,.</,20.75,1.1377956953342871e-12,6.668759766625953e-08,-27.501928329467773
90,89,</reasoning> 标签/边界,"<reasoning>
I need to put a soapbottle on the toilet. First, I should locate the soapbottle. Since I am in a room with multiple drawers, it is likely that the soapbottle is inside one of them. I should check the drawers to find the soapbottle. The available actions include going to each drawer, so I will start by going to drawer 1 to search for the soapbottle.
",522,</,student,8,1472,></,21.25,4.066788138884503e-14,9.234718767459071e-09,-30.833337783813477
90,89,</reasoning> 标签/边界,"<reasoning>
I need to put a soapbottle on the toilet. First, I should locate the soapbottle. Since I am in a room with multiple drawers, it is likely that the soapbottle is inside one of them. I should check the drawers to find the soapbottle. The available actions include going to each drawer, so I will start by going to drawer 1 to search for the soapbottle.
",522,</,teacher,8,39982,<number,20.75,1.1377956953342871e-12,6.668759766625953e-08,-27.501928329467773
90,89,</reasoning> 标签/边界,"<reasoning>
I need to put a soapbottle on the toilet. First, I should locate the soapbottle. Since I am in a room with multiple drawers, it is likely that the soapbottle is inside one of them. I should check the drawers to find the soapbottle. The available actions include going to each drawer, so I will start by going to drawer 1 to search for the soapbottle.
",522,</,student,9,88752,<algorithm,20.875,2.1767948839399205e-14,6.346923431266305e-09,-31.458337783813477
90,89,</reasoning> 标签/边界,"<reasoning>
I need to put a soapbottle on the toilet. First, I should locate the soapbottle. Since I am in a room with multiple drawers, it is likely that the soapbottle is inside one of them. I should check the drawers to find the soapbottle. The available actions include going to each drawer, so I will start by going to drawer 1 to search for the soapbottle.
",522,</,teacher,9,37132,。</,20.375,6.090181527487748e-13,4.583367640975666e-08,-28.126928329467773
90,89,</reasoning> 标签/边界,"<reasoning>
I need to put a soapbottle on the toilet. First, I should locate the soapbottle. Since I am in a room with multiple drawers, it is likely that the soapbottle is inside one of them. I should check the drawers to find the soapbottle. The available actions include going to each drawer, so I will start by going to drawer 1 to search for the soapbottle.
",522,</,student,10,12533,)</,19.875,4.111452609709696e-15,2.334902715617204e-09,-33.125
90,89,</reasoning> 标签/边界,"<reasoning>
I need to put a soapbottle on the toilet. First, I should locate the soapbottle. Since I am in a room with multiple drawers, it is likely that the soapbottle is inside one of them. I should check the drawers to find the soapbottle. The available actions include going to each drawer, so I will start by going to drawer 1 to search for the soapbottle.
",522,</,teacher,10,86661,()</,20.375,6.090181527487748e-13,4.583367640975666e-08,-28.126928329467773
91,90,</reasoning> 标签/边界,"<reasoning>
I need to put a soapbottle on the toilet. First, I should locate the soapbottle. Since I am in a room with multiple drawers, it is likely that the soapbottle is inside one of them. I should check the drawers to find the soapbottle. The available actions include going to each drawer, so I will start by going to drawer 1 to search for the soapbottle.
</",19895,reason,student,1,19895,reason,42.0,1.0,0.9999998807907104,0.0
91,90,</reasoning> 标签/边界,"<reasoning>
I need to put a soapbottle on the toilet. First, I should locate the soapbottle. Since I am in a room with multiple drawers, it is likely that the soapbottle is inside one of them. I should check the drawers to find the soapbottle. The available actions include going to each drawer, so I will start by going to drawer 1 to search for the soapbottle.
</",19895,reason,teacher,1,19895,reason,42.75,1.0,0.9999998807907104,0.0
91,90,</reasoning> 标签/边界,"<reasoning>
I need to put a soapbottle on the toilet. First, I should locate the soapbottle. Since I am in a room with multiple drawers, it is likely that the soapbottle is inside one of them. I should check the drawers to find the soapbottle. The available actions include going to each drawer, so I will start by going to drawer 1 to search for the soapbottle.
</",19895,reason,student,2,25139,Reason,25.75,1.7292456529205413e-12,8.764248349280024e-08,-27.083335876464844
91,90,</reasoning> 标签/边界,"<reasoning>
I need to put a soapbottle on the toilet. First, I should locate the soapbottle. Since I am in a room with multiple drawers, it is likely that the soapbottle is inside one of them. I should check the drawers to find the soapbottle. The available actions include going to each drawer, so I will start by going to drawer 1 to search for the soapbottle.
</",19895,reason,teacher,2,25139,Reason,26.125,9.255984650610727e-13,6.023574172786539e-08,-27.708335876464844
91,90,</reasoning> 标签/边界,"<reasoning>
I need to put a soapbottle on the toilet. First, I should locate the soapbottle. Since I am in a room with multiple drawers, it is likely that the soapbottle is inside one of them. I should check the drawers to find the soapbottle. The available actions include going to each drawer, so I will start by going to drawer 1 to search for the soapbottle.
</",19895,reason,student,3,32711, reasoning,24.625,2.6518839750001855e-13,2.8453348122070565e-08,-28.958335876464844
91,90,</reasoning> 标签/边界,"<reasoning>
I need to put a soapbottle on the toilet. First, I should locate the soapbottle. Since I am in a room with multiple drawers, it is likely that the soapbottle is inside one of them. I should check the drawers to find the soapbottle. The available actions include going to each drawer, so I will start by going to drawer 1 to search for the soapbottle.
</",19895,reason,teacher,3,1311,action,25.75,4.95437187369302e-13,4.139937814784389e-08,-28.333335876464844
91,90,</reasoning> 标签/边界,"<reasoning>
I need to put a soapbottle on the toilet. First, I should locate the soapbottle. Since I am in a room with multiple drawers, it is likely that the soapbottle is inside one of them. I should check the drawers to find the soapbottle. The available actions include going to each drawer, so I will start by going to drawer 1 to search for the soapbottle.
</",19895,reason,student,4,1311,action,23.25,2.6810039512872516e-14,7.194133289090132e-09,-31.25
91,90,</reasoning> 标签/边界,"<reasoning>
I need to put a soapbottle on the toilet. First, I should locate the soapbottle. Since I am in a room with multiple drawers, it is likely that the soapbottle is inside one of them. I should check the drawers to find the soapbottle. The available actions include going to each drawer, so I will start by going to drawer 1 to search for the soapbottle.
</",19895,reason,teacher,4,32711, reasoning,24.5,6.168917915556904e-14,1.1861120086109622e-08,-30.416667938232422
91,90,</reasoning> 标签/边界,"<reasoning>
I need to put a soapbottle on the toilet. First, I should locate the soapbottle. Since I am in a room with multiple drawers, it is likely that the soapbottle is inside one of them. I should check the drawers to find the soapbottle. The available actions include going to each drawer, so I will start by going to drawer 1 to search for the soapbottle.
</",19895,reason,student,5,46692,reasonable,22.75,1.165156499386387e-14,4.363462480228009e-09,-32.083335876464844
91,90,</reasoning> 标签/边界,"<reasoning>
I need to put a soapbottle on the toilet. First, I should locate the soapbottle. Since I am in a room with multiple drawers, it is likely that the soapbottle is inside one of them. I should check the drawers to find the soapbottle. The available actions include going to each drawer, so I will start by going to drawer 1 to search for the soapbottle.
</",19895,reason,teacher,5,2874, reason,23.0,5.0637560821981814e-15,2.646573848963385e-09,-32.91666793823242
91,90,</reasoning> 标签/边界,"<reasoning>
I need to put a soapbottle on the toilet. First, I should locate the soapbottle. Since I am in a room with multiple drawers, it is likely that the soapbottle is inside one of them. I should check the drawers to find the soapbottle. The available actions include going to each drawer, so I will start by going to drawer 1 to search for the soapbottle.
</",19895,reason,student,6,2874, reason,22.25,5.0637560821981814e-15,2.646573848963385e-09,-32.91666793823242
91,90,</reasoning> 标签/边界,"<reasoning>
I need to put a soapbottle on the toilet. First, I should locate the soapbottle. Since I am in a room with multiple drawers, it is likely that the soapbottle is inside one of them. I should check the drawers to find the soapbottle. The available actions include going to each drawer, so I will start by going to drawer 1 to search for the soapbottle.
</",19895,reason,teacher,6,46692,reasonable,22.625,2.7104332216550077e-15,1.8189616479702408e-09,-33.54166793823242
91,90,</reasoning> 标签/边界,"<reasoning>
I need to put a soapbottle on the toilet. First, I should locate the soapbottle. Since I am in a room with multiple drawers, it is likely that the soapbottle is inside one of them. I should check the drawers to find the soapbottle. The available actions include going to each drawer, so I will start by going to drawer 1 to search for the soapbottle.
</",19895,reason,student,7,38229,_reason,22.25,5.0637560821981814e-15,2.646573848963385e-09,-32.91666793823242
91,90,</reasoning> 标签/边界,"<reasoning>
I need to put a soapbottle on the toilet. First, I should locate the soapbottle. Since I am in a room with multiple drawers, it is likely that the soapbottle is inside one of them. I should check the drawers to find the soapbottle. The available actions include going to each drawer, so I will start by going to drawer 1 to search for the soapbottle.
</",19895,reason,teacher,7,38229,_reason,22.375,1.786825531353603e-15,1.4166087192180044e-09,-33.958335876464844
91,90,</reasoning> 标签/边界,"<reasoning>
I need to put a soapbottle on the toilet. First, I should locate the soapbottle. Since I am in a room with multiple drawers, it is likely that the soapbottle is inside one of them. I should check the drawers to find the soapbottle. The available actions include going to each drawer, so I will start by going to drawer 1 to search for the soapbottle.
</",19895,reason,student,8,26759, Reason,21.125,7.765521298066581e-16,8.592166977905435e-10,-34.79166793823242
91,90,</reasoning> 标签/边界,"<reasoning>
I need to put a soapbottle on the toilet. First, I should locate the soapbottle. Since I am in a room with multiple drawers, it is likely that the soapbottle is inside one of them. I should check the drawers to find the soapbottle. The available actions include going to each drawer, so I will start by going to drawer 1 to search for the soapbottle.
</",19895,reason,teacher,8,57703,.reason,21.25,2.740185465685552e-16,4.5990555808117506e-10,-35.833335876464844
91,90,</reasoning> 标签/边界,"<reasoning>
I need to put a soapbottle on the toilet. First, I should locate the soapbottle. Since I am in a room with multiple drawers, it is likely that the soapbottle is inside one of them. I should check the drawers to find the soapbottle. The available actions include going to each drawer, so I will start by going to drawer 1 to search for the soapbottle.
</",19895,reason,student,9,57703,.reason,20.375,2.224859090905508e-16,4.05865202557365e-10,-36.04166793823242
91,90,</reasoning> 标签/边界,"<reasoning>
I need to put a soapbottle on the toilet. First, I should locate the soapbottle. Since I am in a room with multiple drawers, it is likely that the soapbottle is inside one of them. I should check the drawers to find the soapbottle. The available actions include going to each drawer, so I will start by going to drawer 1 to search for the soapbottle.
</",19895,reason,teacher,9,26759, Reason,21.25,2.740185465685552e-16,4.5990555808117506e-10,-35.833335876464844
91,90,</reasoning> 标签/边界,"<reasoning>
I need to put a soapbottle on the toilet. First, I should locate the soapbottle. Since I am in a room with multiple drawers, it is likely that the soapbottle is inside one of them. I should check the drawers to find the soapbottle. The available actions include going to each drawer, so I will start by going to drawer 1 to search for the soapbottle.
</",19895,reason,student,10,2165,ration,19.5,5.175554941819762e-17,1.6918980105806725e-10,-37.5
91,90,</reasoning> 标签/边界,"<reasoning>
I need to put a soapbottle on the toilet. First, I should locate the soapbottle. Since I am in a room with multiple drawers, it is likely that the soapbottle is inside one of them. I should check the drawers to find the soapbottle. The available actions include going to each drawer, so I will start by going to drawer 1 to search for the soapbottle.
</",19895,reason,teacher,10,2165,ration,20.375,6.374327915716516e-17,1.917171560394948e-10,-37.29166793823242
92,91,</reasoning> 标签/边界,"<reasoning>
I need to put a soapbottle on the toilet. First, I should locate the soapbottle. Since I am in a room with multiple drawers, it is likely that the soapbottle is inside one of them. I should check the drawers to find the soapbottle. The available actions include going to each drawer, so I will start by going to drawer 1 to search for the soapbottle.
</reason",287,ing,student,1,287,ing,52.25,1.0,1.0,0.0
92,91,</reasoning> 标签/边界,"<reasoning>
I need to put a soapbottle on the toilet. First, I should locate the soapbottle. Since I am in a room with multiple drawers, it is likely that the soapbottle is inside one of them. I should check the drawers to find the soapbottle. The available actions include going to each drawer, so I will start by going to drawer 1 to search for the soapbottle.
</reason",287,ing,teacher,1,287,ing,54.0,1.0,1.0,0.0
92,91,</reasoning> 标签/边界,"<reasoning>
I need to put a soapbottle on the toilet. First, I should locate the soapbottle. Since I am in a room with multiple drawers, it is likely that the soapbottle is inside one of them. I should check the drawers to find the soapbottle. The available actions include going to each drawer, so I will start by going to drawer 1 to search for the soapbottle.
</reason",287,ing,student,2,1718,ING,27.625,1.4991040770207977e-18,2.020683967374204e-11,-41.041664123535156
92,91,</reasoning> 标签/边界,"<reasoning>
I need to put a soapbottle on the toilet. First, I should locate the soapbottle. Since I am in a room with multiple drawers, it is likely that the soapbottle is inside one of them. I should check the drawers to find the soapbottle. The available actions include going to each drawer, so I will start by going to drawer 1 to search for the soapbottle.
</reason",287,ing,teacher,2,1229,ning,29.375,1.4990981833589332e-18,2.020683967374204e-11,-41.04166793823242
92,91,</reasoning> 标签/边界,"<reasoning>
I need to put a soapbottle on the toilet. First, I should locate the soapbottle. Since I am in a room with multiple drawers, it is likely that the soapbottle is inside one of them. I should check the drawers to find the soapbottle. The available actions include going to each drawer, so I will start by going to drawer 1 to search for the soapbottle.
</reason",287,ing,student,3,1229,ning,27.25,8.024125502665055e-19,1.3887944613766301e-11,-41.666664123535156
92,91,</reasoning> 标签/边界,"<reasoning>
I need to put a soapbottle on the toilet. First, I should locate the soapbottle. Since I am in a room with multiple drawers, it is likely that the soapbottle is inside one of them. I should check the drawers to find the soapbottle. The available actions include going to each drawer, so I will start by going to drawer 1 to search for the soapbottle.
</reason",287,ing,teacher,3,1718,ING,29.25,1.2171738340976647e-18,1.783247334519178e-11,-41.25
92,91,</reasoning> 标签/边界,"<reasoning>
I need to put a soapbottle on the toilet. First, I should locate the soapbottle. Since I am in a room with multiple drawers, it is likely that the soapbottle is inside one of them. I should check the drawers to find the soapbottle. The available actions include going to each drawer, so I will start by going to drawer 1 to search for the soapbottle.
</reason",287,ing,student,4,819,ings,26.0,9.991209596177142e-20,3.978962558742749e-12,-43.749996185302734
92,91,</reasoning> 标签/边界,"<reasoning>
I need to put a soapbottle on the toilet. First, I should locate the soapbottle. Since I am in a room with multiple drawers, it is likely that the soapbottle is inside one of them. I should check the drawers to find the soapbottle. The available actions include going to each drawer, so I will start by going to drawer 1 to search for the soapbottle.
</reason",287,ing,teacher,4,819,ings,27.25,4.3421346991110935e-20,2.4133626954497833e-12,-44.583335876464844
92,91,</reasoning> 标签/边界,"<reasoning>
I need to put a soapbottle on the toilet. First, I should locate the soapbottle. Since I am in a room with multiple drawers, it is likely that the soapbottle is inside one of them. I should check the drawers to find the soapbottle. The available actions include going to each drawer, so I will start by going to drawer 1 to search for the soapbottle.
</reason",287,ing,student,5,126604,инг,25.0,1.8870933372092514e-20,1.4637784257268138e-12,-45.416664123535156
92,91,</reasoning> 标签/边界,"<reasoning>
I need to put a soapbottle on the toilet. First, I should locate the soapbottle. Since I am in a room with multiple drawers, it is likely that the soapbottle is inside one of them. I should check the drawers to find the soapbottle. The available actions include going to each drawer, so I will start by going to drawer 1 to search for the soapbottle.
</reason",287,ing,teacher,5,126604,инг,26.375,1.0100843823759237e-20,1.006039218945376e-12,-46.04166793823242
92,91,</reasoning> 标签/边界,"<reasoning>
I need to put a soapbottle on the toilet. First, I should locate the soapbottle. Since I am in a room with multiple drawers, it is likely that the soapbottle is inside one of them. I should check the drawers to find the soapbottle. The available actions include going to each drawer, so I will start by going to drawer 1 to search for the soapbottle.
</reason",287,ing,student,6,74919,ingt,21.875,1.0323893348564489e-22,6.431393774746635e-14,-50.624996185302734
92,91,</reasoning> 标签/边界,"<reasoning>
I need to put a soapbottle on the toilet. First, I should locate the soapbottle. Since I am in a room with multiple drawers, it is likely that the soapbottle is inside one of them. I should check the drawers to find the soapbottle. The available actions include going to each drawer, so I will start by going to drawer 1 to search for the soapbottle.
</reason",287,ing,teacher,6,74919,ingt,23.25,5.525960543653601e-23,4.420228560345768e-14,-51.25
92,91,</reasoning> 标签/边界,"<reasoning>
I need to put a soapbottle on the toilet. First, I should locate the soapbottle. Since I am in a room with multiple drawers, it is likely that the soapbottle is inside one of them. I should check the drawers to find the soapbottle. The available actions include going to each drawer, so I will start by going to drawer 1 to search for the soapbottle.
</reason",287,ing,student,7,5311,ming,19.25,1.2995864157705571e-24,4.658885768355414e-15,-54.999996185302734
92,91,</reasoning> 标签/边界,"<reasoning>
I need to put a soapbottle on the toilet. First, I should locate the soapbottle. Since I am in a room with multiple drawers, it is likely that the soapbottle is inside one of them. I should check the drawers to find the soapbottle. The available actions include going to each drawer, so I will start by going to drawer 1 to search for the soapbottle.
</reason",287,ing,teacher,7,291,ed,21.25,1.9713259312543105e-24,5.982128261852607e-15,-54.583335876464844
92,91,</reasoning> 标签/边界,"<reasoning>
I need to put a soapbottle on the toilet. First, I should locate the soapbottle. Since I am in a room with multiple drawers, it is likely that the soapbottle is inside one of them. I should check the drawers to find the soapbottle. The available actions include going to each drawer, so I will start by going to drawer 1 to search for the soapbottle.
</reason",287,ing,student,8,291,ed,19.25,1.2995864157705571e-24,4.658885768355414e-15,-54.999996185302734
92,91,</reasoning> 标签/边界,"<reasoning>
I need to put a soapbottle on the toilet. First, I should locate the soapbottle. Since I am in a room with multiple drawers, it is likely that the soapbottle is inside one of them. I should check the drawers to find the soapbottle. The available actions include going to each drawer, so I will start by going to drawer 1 to search for the soapbottle.
</reason",287,ing,teacher,8,5311,ming,20.75,8.567357794051986e-25,3.6283439801114165e-15,-55.41666793823242
92,91,</reasoning> 标签/边界,"<reasoning>
I need to put a soapbottle on the toilet. First, I should locate the soapbottle. Since I am in a room with multiple drawers, it is likely that the soapbottle is inside one of them. I should check the drawers to find the soapbottle. The available actions include going to each drawer, so I will start by going to drawer 1 to search for the soapbottle.
</reason",287,ing,student,9,27918,ingen,19.0,8.567390334564327e-25,3.6283439801114165e-15,-55.416664123535156
92,91,</reasoning> 标签/边界,"<reasoning>
I need to put a soapbottle on the toilet. First, I should locate the soapbottle. Since I am in a room with multiple drawers, it is likely that the soapbottle is inside one of them. I should check the drawers to find the soapbottle. The available actions include going to each drawer, so I will start by going to drawer 1 to search for the soapbottle.
</reason",287,ing,teacher,9,258,in,19.625,1.3138468515694636e-25,1.1779508261755447e-15,-57.29166793823242
92,91,</reasoning> 标签/边界,"<reasoning>
I need to put a soapbottle on the toilet. First, I should locate the soapbottle. Since I am in a room with multiple drawers, it is likely that the soapbottle is inside one of them. I should check the drawers to find the soapbottle. The available actions include going to each drawer, so I will start by going to drawer 1 to search for the soapbottle.
</reason",287,ing,student,10,6968,ding,18.375,3.0231491818881547e-25,1.9421125050902077e-15,-56.45832824707031
92,91,</reasoning> 标签/边界,"<reasoning>
I need to put a soapbottle on the toilet. First, I should locate the soapbottle. Since I am in a room with multiple drawers, it is likely that the soapbottle is inside one of them. I should check the drawers to find the soapbottle. The available actions include going to each drawer, so I will start by going to drawer 1 to search for the soapbottle.
</reason",287,ing,teacher,10,3173,ging,19.5,1.066761441209852e-25,1.0395379134185484e-15,-57.5
93,92,</reasoning> 标签/边界,"<reasoning>
I need to put a soapbottle on the toilet. First, I should locate the soapbottle. Since I am in a room with multiple drawers, it is likely that the soapbottle is inside one of them. I should check the drawers to find the soapbottle. The available actions include going to each drawer, so I will start by going to drawer 1 to search for the soapbottle.
</reasoning",1339,">

",student,1,1339,">

",47.0,0.9994471669197083,0.9890130758285522,-0.0005529781919904053
93,92,</reasoning> 标签/边界,"<reasoning>
I need to put a soapbottle on the toilet. First, I should locate the soapbottle. Since I am in a room with multiple drawers, it is likely that the soapbottle is inside one of them. I should check the drawers to find the soapbottle. The available actions include going to each drawer, so I will start by going to drawer 1 to search for the soapbottle.
</reasoning",1339,">

",teacher,1,1339,">

",47.75,0.9955776333808899,0.9626729488372803,-0.004432139918208122
93,92,</reasoning> 标签/边界,"<reasoning>
I need to put a soapbottle on the toilet. First, I should locate the soapbottle. Since I am in a room with multiple drawers, it is likely that the soapbottle is inside one of them. I should check the drawers to find the soapbottle. The available actions include going to each drawer, so I will start by going to drawer 1 to search for the soapbottle.
</reasoning",1339,">

",student,2,397,">
",42.5,0.0005527785397134721,0.010986941866576672,-7.500553131103516
93,92,</reasoning> 标签/边界,"<reasoning>
I need to put a soapbottle on the toilet. First, I should locate the soapbottle. Since I am in a room with multiple drawers, it is likely that the soapbottle is inside one of them. I should check the drawers to find the soapbottle. The available actions include going to each drawer, so I will start by going to drawer 1 to search for the soapbottle.
</reasoning",1339,">

",teacher,2,397,">
",44.5,0.004422295372933149,0.037326879799366,-5.421096324920654
93,92,</reasoning> 标签/边界,"<reasoning>
I need to put a soapbottle on the toilet. First, I should locate the soapbottle. Since I am in a room with multiple drawers, it is likely that the soapbottle is inside one of them. I should check the drawers to find the soapbottle. The available actions include going to each drawer, so I will start by going to drawer 1 to search for the soapbottle.
</reasoning",1339,">

",student,3,29,>,29.125,1.1518725155559156e-13,1.7068224167360313e-08,-29.792217254638672
93,92,</reasoning> 标签/边界,"<reasoning>
I need to put a soapbottle on the toilet. First, I should locate the soapbottle. Since I am in a room with multiple drawers, it is likely that the soapbottle is inside one of them. I should check the drawers to find the soapbottle. The available actions include going to each drawer, so I will start by going to drawer 1 to search for the soapbottle.
</reasoning",1339,">

",teacher,3,29,>,31.875,3.216391779650718e-12,1.2275920369120286e-07,-26.46276092529297
93,92,</reasoning> 标签/边界,"<reasoning>
I need to put a soapbottle on the toilet. First, I should locate the soapbottle. Since I am in a room with multiple drawers, it is likely that the soapbottle is inside one of them. I should check the drawers to find the soapbottle. The available actions include going to each drawer, so I will start by going to drawer 1 to search for the soapbottle.
</reasoning",1339,">

",student,4,2533,"]

",20.875,1.2298589848332893e-19,4.45921988570519e-12,-43.54221725463867
93,92,</reasoning> 标签/边界,"<reasoning>
I need to put a soapbottle on the toilet. First, I should locate the soapbottle. Since I am in a room with multiple drawers, it is likely that the soapbottle is inside one of them. I should check the drawers to find the soapbottle. The available actions include going to each drawer, so I will start by going to drawer 1 to search for the soapbottle.
</reasoning",1339,">

",teacher,4,10370,">


",23.0,1.2117950921645387e-18,1.716682872243691e-11,-41.25442886352539
93,92,</reasoning> 标签/边界,"<reasoning>
I need to put a soapbottle on the toilet. First, I should locate the soapbottle. Since I am in a room with multiple drawers, it is likely that the soapbottle is inside one of them. I should check the drawers to find the soapbottle. The available actions include going to each drawer, so I will start by going to drawer 1 to search for the soapbottle.
</reasoning",1339,">

",student,5,1433,">
",20.75,9.985684934414083e-20,3.9352475271481335e-12,-43.75054931640625
93,92,</reasoning> 标签/边界,"<reasoning>
I need to put a soapbottle on the toilet. First, I should locate the soapbottle. Since I am in a room with multiple drawers, it is likely that the soapbottle is inside one of them. I should check the drawers to find the soapbottle. The available actions include going to each drawer, so I will start by going to drawer 1 to search for the soapbottle.
</reasoning",1339,">

",teacher,5,1433,">
",22.875,9.83901663527351e-19,1.514967491733632e-11,-41.46276092529297
93,92,</reasoning> 标签/边界,"<reasoning>
I need to put a soapbottle on the toilet. First, I should locate the soapbottle. Since I am in a room with multiple drawers, it is likely that the soapbottle is inside one of them. I should check the drawers to find the soapbottle. The available actions include going to each drawer, so I will start by going to drawer 1 to search for the soapbottle.
</reasoning",1339,">

",student,6,692,")

",19.25,8.196749178463893e-21,8.78072408620062e-13,-46.25054931640625
93,92,</reasoning> 标签/边界,"<reasoning>
I need to put a soapbottle on the toilet. First, I should locate the soapbottle. Since I am in a room with multiple drawers, it is likely that the soapbottle is inside one of them. I should check the drawers to find the soapbottle. The available actions include going to each drawer, so I will start by going to drawer 1 to search for the soapbottle.
</reasoning",1339,">

",teacher,6,27701,">



",21.625,1.2250968801974273e-19,4.340454211326783e-12,-43.54609680175781
93,92,</reasoning> 标签/边界,"<reasoning>
I need to put a soapbottle on the toilet. First, I should locate the soapbottle. Since I am in a room with multiple drawers, it is likely that the soapbottle is inside one of them. I should check the drawers to find the soapbottle. The available actions include going to each drawer, so I will start by going to drawer 1 to search for the soapbottle.
</reasoning",1339,">

",student,7,10389,">

",19.25,8.196749178463893e-21,8.78072408620062e-13,-46.25054931640625
93,92,</reasoning> 标签/边界,"<reasoning>
I need to put a soapbottle on the toilet. First, I should locate the soapbottle. Since I am in a room with multiple drawers, it is likely that the soapbottle is inside one of them. I should check the drawers to find the soapbottle. The available actions include going to each drawer, so I will start by going to drawer 1 to search for the soapbottle.
</reasoning",1339,">

",teacher,7,2533,"]

",21.125,5.3242562570355334e-20,2.632618732387182e-12,-44.37942886352539
93,92,</reasoning> 标签/边界,"<reasoning>
I need to put a soapbottle on the toilet. First, I should locate the soapbottle. Since I am in a room with multiple drawers, it is likely that the soapbottle is inside one of them. I should check the drawers to find the soapbottle. The available actions include going to each drawer, so I will start by going to drawer 1 to search for the soapbottle.
</reasoning",1339,">

",student,8,98140,"'>

",19.125,6.655247215976608e-21,7.748961520191722e-13,-46.45888137817383
93,92,</reasoning> 标签/边界,"<reasoning>
I need to put a soapbottle on the toilet. First, I should locate the soapbottle. Since I am in a room with multiple drawers, it is likely that the soapbottle is inside one of them. I should check the drawers to find the soapbottle. The available actions include going to each drawer, so I will start by going to drawer 1 to search for the soapbottle.
</reasoning",1339,">

",teacher,8,10389,">

",20.75,2.8498688854401805e-20,1.8093704702917823e-12,-45.00442886352539
93,92,</reasoning> 标签/边界,"<reasoning>
I need to put a soapbottle on the toilet. First, I should locate the soapbottle. Since I am in a room with multiple drawers, it is likely that the soapbottle is inside one of them. I should check the drawers to find the soapbottle. The available actions include going to each drawer, so I will start by going to drawer 1 to search for the soapbottle.
</reasoning",1339,">

",student,9,630,"}

",19.125,6.655247215976608e-21,7.748961520191722e-13,-46.45888137817383
93,92,</reasoning> 标签/边界,"<reasoning>
I need to put a soapbottle on the toilet. First, I should locate the soapbottle. Since I am in a room with multiple drawers, it is likely that the soapbottle is inside one of them. I should check the drawers to find the soapbottle. The available actions include going to each drawer, so I will start by going to drawer 1 to search for the soapbottle.
</reasoning",1339,">

",teacher,9,630,"}

",19.875,6.629477793397454e-21,7.542579299850416e-13,-46.46276092529297
93,92,</reasoning> 标签/边界,"<reasoning>
I need to put a soapbottle on the toilet. First, I should locate the soapbottle. Since I am in a room with multiple drawers, it is likely that the soapbottle is inside one of them. I should check the drawers to find the soapbottle. The available actions include going to each drawer, so I will start by going to drawer 1 to search for the soapbottle.
</reasoning",1339,">

",student,10,25321," >

",19.0,5.403623590575143e-21,6.838434983211239e-13,-46.66721725463867
93,92,</reasoning> 标签/边界,"<reasoning>
I need to put a soapbottle on the toilet. First, I should locate the soapbottle. Since I am in a room with multiple drawers, it is likely that the soapbottle is inside one of them. I should check the drawers to find the soapbottle. The available actions include going to each drawer, so I will start by going to drawer 1 to search for the soapbottle.
</reasoning",1339,">

",teacher,10,692,")

",19.625,4.370415632669241e-21,5.874166712944995e-13,-46.87942886352539
94,93,<action> 标签/边界,"<reasoning>
I need to put a soapbottle on the toilet. First, I should locate the soapbottle. Since I am in a room with multiple drawers, it is likely that the soapbottle is inside one of them. I should check the drawers to find the soapbottle. The available actions include going to each drawer, so I will start by going to drawer 1 to search for the soapbottle.
</reasoning>

",27,<,student,1,27,<,39.25,1.0,0.9999990463256836,0.0
94,93,<action> 标签/边界,"<reasoning>
I need to put a soapbottle on the toilet. First, I should locate the soapbottle. Since I am in a room with multiple drawers, it is likely that the soapbottle is inside one of them. I should check the drawers to find the soapbottle. The available actions include going to each drawer, so I will start by going to drawer 1 to search for the soapbottle.
</reasoning>

",27,<,teacher,1,27,<,40.25,1.0,0.9999995231628418,0.0
94,93,<action> 标签/边界,"<reasoning>
I need to put a soapbottle on the toilet. First, I should locate the soapbottle. Since I am in a room with multiple drawers, it is likely that the soapbottle is inside one of them. I should check the drawers to find the soapbottle. The available actions include going to each drawer, so I will start by going to drawer 1 to search for the soapbottle.
</reasoning>

",27,<,student,2,366, <,24.75,3.195590667082193e-11,5.043471560384205e-07,-24.166664123535156
94,93,<action> 标签/边界,"<reasoning>
I need to put a soapbottle on the toilet. First, I should locate the soapbottle. Since I am in a room with multiple drawers, it is likely that the soapbottle is inside one of them. I should check the drawers to find the soapbottle. The available actions include going to each drawer, so I will start by going to drawer 1 to search for the soapbottle.
</reasoning>

",27,<,teacher,2,366, <,24.875,7.433709030280067e-12,2.102433853679031e-07,-25.624996185302734
94,93,<action> 标签/边界,"<reasoning>
I need to put a soapbottle on the toilet. First, I should locate the soapbottle. Since I am in a room with multiple drawers, it is likely that the soapbottle is inside one of them. I should check the drawers to find the soapbottle. The available actions include going to each drawer, so I will start by going to drawer 1 to search for the soapbottle.
</reasoning>

",27,<,student,3,88752,<algorithm,23.375,3.230668553858007e-12,1.2751894473694847e-07,-26.458332061767578
94,93,<action> 标签/边界,"<reasoning>
I need to put a soapbottle on the toilet. First, I should locate the soapbottle. Since I am in a room with multiple drawers, it is likely that the soapbottle is inside one of them. I should check the drawers to find the soapbottle. The available actions include going to each drawer, so I will start by going to drawer 1 to search for the soapbottle.
</reasoning>

",27,<,teacher,3,88752,<algorithm,24.25,2.6231005215149317e-12,1.1253517584464134e-07,-26.666664123535156
94,93,<action> 标签/边界,"<reasoning>
I need to put a soapbottle on the toilet. First, I should locate the soapbottle. Since I am in a room with multiple drawers, it is likely that the soapbottle is inside one of them. I should check the drawers to find the soapbottle. The available actions include going to each drawer, so I will start by going to drawer 1 to search for the soapbottle.
</reasoning>

",27,<,student,4,9312,<a,23.25,2.6231005215149317e-12,1.1253517584464134e-07,-26.666664123535156
94,93,<action> 标签/边界,"<reasoning>
I need to put a soapbottle on the toilet. First, I should locate the soapbottle. Since I am in a room with multiple drawers, it is likely that the soapbottle is inside one of them. I should check the drawers to find the soapbottle. The available actions include going to each drawer, so I will start by going to drawer 1 to search for the soapbottle.
</reasoning>

",27,<,teacher,4,67424,<Action,23.625,9.256055123751938e-13,6.023574172786539e-08,-27.708328247070312
94,93,<action> 标签/边界,"<reasoning>
I need to put a soapbottle on the toilet. First, I should locate the soapbottle. Since I am in a room with multiple drawers, it is likely that the soapbottle is inside one of them. I should check the drawers to find the soapbottle. The available actions include going to each drawer, so I will start by going to drawer 1 to search for the soapbottle.
</reasoning>

",27,<,student,5,15306,(action,22.625,9.256020429282419e-13,6.023574172786539e-08,-27.708332061767578
94,93,<action> 标签/边界,"<reasoning>
I need to put a soapbottle on the toilet. First, I should locate the soapbottle. Since I am in a room with multiple drawers, it is likely that the soapbottle is inside one of them. I should check the drawers to find the soapbottle. The available actions include going to each drawer, so I will start by going to drawer 1 to search for the soapbottle.
</reasoning>

",27,<,teacher,5,15306,(action,23.375,6.101960299889631e-13,4.691164434689199e-08,-28.124996185302734
94,93,<action> 标签/边界,"<reasoning>
I need to put a soapbottle on the toilet. First, I should locate the soapbottle. Since I am in a room with multiple drawers, it is likely that the soapbottle is inside one of them. I should check the drawers to find the soapbottle. The available actions include going to each drawer, so I will start by going to drawer 1 to search for the soapbottle.
</reasoning>

",27,<,student,6,67424,<Action,22.625,9.256020429282419e-13,6.023574172786539e-08,-27.708332061767578
94,93,<action> 标签/边界,"<reasoning>
I need to put a soapbottle on the toilet. First, I should locate the soapbottle. Since I am in a room with multiple drawers, it is likely that the soapbottle is inside one of them. I should check the drawers to find the soapbottle. The available actions include going to each drawer, so I will start by going to drawer 1 to search for the soapbottle.
</reasoning>

",27,<,teacher,6,9312,<a,23.125,4.022654876301851e-13,3.6534821390432626e-08,-28.541664123535156
94,93,<action> 标签/边界,"<reasoning>
I need to put a soapbottle on the toilet. First, I should locate the soapbottle. Since I am in a room with multiple drawers, it is likely that the soapbottle is inside one of them. I should check the drawers to find the soapbottle. The available actions include going to each drawer, so I will start by going to drawer 1 to search for the soapbottle.
</reasoning>

",27,<,student,7,4159,<int,22.375,6.101936989542922e-13,4.691164434689199e-08,-28.125
94,93,<action> 标签/边界,"<reasoning>
I need to put a soapbottle on the toilet. First, I should locate the soapbottle. Since I am in a room with multiple drawers, it is likely that the soapbottle is inside one of them. I should check the drawers to find the soapbottle. The available actions include going to each drawer, so I will start by going to drawer 1 to search for the soapbottle.
</reasoning>

",27,<,teacher,7,4159,<int,22.75,2.1531719820739453e-13,2.510999053129126e-08,-29.166664123535156
94,93,<action> 标签/边界,"<reasoning>
I need to put a soapbottle on the toilet. First, I should locate the soapbottle. Since I am in a room with multiple drawers, it is likely that the soapbottle is inside one of them. I should check the drawers to find the soapbottle. The available actions include going to each drawer, so I will start by going to drawer 1 to search for the soapbottle.
</reasoning>

",27,<,student,8,32264,<object,21.875,2.651894274920824e-13,2.8453348122070565e-08,-28.958332061767578
94,93,<action> 标签/边界,"<reasoning>
I need to put a soapbottle on the toilet. First, I should locate the soapbottle. Since I am in a room with multiple drawers, it is likely that the soapbottle is inside one of them. I should check the drawers to find the soapbottle. The available actions include going to each drawer, so I will start by going to drawer 1 to search for the soapbottle.
</reasoning>

",27,<,teacher,8,32264,<object,22.125,7.597832682015165e-14,1.3440409674103648e-08,-30.208328247070312
94,93,<action> 标签/边界,"<reasoning>
I need to put a soapbottle on the toilet. First, I should locate the soapbottle. Since I am in a room with multiple drawers, it is likely that the soapbottle is inside one of them. I should check the drawers to find the soapbottle. The available actions include going to each drawer, so I will start by going to drawer 1 to search for the soapbottle.
</reasoning>

",27,<,student,9,66504,[action,21.5,1.4194565932813125e-13,1.9555681518568235e-08,-29.583332061767578
94,93,<action> 标签/边界,"<reasoning>
I need to put a soapbottle on the toilet. First, I should locate the soapbottle. Since I am in a room with multiple drawers, it is likely that the soapbottle is inside one of them. I should check the drawers to find the soapbottle. The available actions include going to each drawer, so I will start by going to drawer 1 to search for the soapbottle.
</reasoning>

",27,<,teacher,9,66504,[action,22.0,6.16894095485307e-14,1.1861120086109622e-08,-30.416664123535156
94,93,<action> 标签/边界,"<reasoning>
I need to put a soapbottle on the toilet. First, I should locate the soapbottle. Since I am in a room with multiple drawers, it is likely that the soapbottle is inside one of them. I should check the drawers to find the soapbottle. The available actions include going to each drawer, so I will start by going to drawer 1 to search for the soapbottle.
</reasoning>

",27,<,student,10,84826,<article,20.875,5.008774495965547e-14,1.0467402056235642e-08,-30.625
94,93,<action> 标签/边界,"<reasoning>
I need to put a soapbottle on the toilet. First, I should locate the soapbottle. Since I am in a room with multiple drawers, it is likely that the soapbottle is inside one of them. I should check the drawers to find the soapbottle. The available actions include going to each drawer, so I will start by going to drawer 1 to search for the soapbottle.
</reasoning>

",27,<,teacher,10,90825,$action,21.5,2.6810141156826187e-14,7.194133289090132e-09,-31.249996185302734
95,94,<action> 标签/边界,"<reasoning>
I need to put a soapbottle on the toilet. First, I should locate the soapbottle. Since I am in a room with multiple drawers, it is likely that the soapbottle is inside one of them. I should check the drawers to find the soapbottle. The available actions include going to each drawer, so I will start by going to drawer 1 to search for the soapbottle.
</reasoning>

<",1311,action,student,1,1311,action,39.0,1.0,0.9999998807907104,0.0
95,94,<action> 标签/边界,"<reasoning>
I need to put a soapbottle on the toilet. First, I should locate the soapbottle. Since I am in a room with multiple drawers, it is likely that the soapbottle is inside one of them. I should check the drawers to find the soapbottle. The available actions include going to each drawer, so I will start by going to drawer 1 to search for the soapbottle.
</reasoning>

<",1311,action,teacher,1,1311,action,39.25,1.0,0.9999998807907104,0.0
95,94,<action> 标签/边界,"<reasoning>
I need to put a soapbottle on the toilet. First, I should locate the soapbottle. Since I am in a room with multiple drawers, it is likely that the soapbottle is inside one of them. I should check the drawers to find the soapbottle. The available actions include going to each drawer, so I will start by going to drawer 1 to search for the soapbottle.
</reasoning>

<",1311,action,student,2,1917, action,23.375,4.900578640804065e-12,1.6373770961308765e-07,-26.041667938232422
95,94,<action> 标签/边界,"<reasoning>
I need to put a soapbottle on the toilet. First, I should locate the soapbottle. Since I am in a room with multiple drawers, it is likely that the soapbottle is inside one of them. I should check the drawers to find the soapbottle. The available actions include going to each drawer, so I will start by going to drawer 1 to search for the soapbottle.
</reasoning>

<",1311,action,teacher,2,1917, action,23.125,2.1297852804275097e-12,9.931194711043645e-08,-26.875
95,94,<action> 标签/边界,"<reasoning>
I need to put a soapbottle on the toilet. First, I should locate the soapbottle. Since I am in a room with multiple drawers, it is likely that the soapbottle is inside one of them. I should check the drawers to find the soapbottle. The available actions include going to each drawer, so I will start by going to drawer 1 to search for the soapbottle.
</reasoning>

<",1311,action,student,3,100675,行动,22.0,4.95437187369302e-13,4.139937814784389e-08,-28.333335876464844
95,94,<action> 标签/边界,"<reasoning>
I need to put a soapbottle on the toilet. First, I should locate the soapbottle. Since I am in a room with multiple drawers, it is likely that the soapbottle is inside one of them. I should check the drawers to find the soapbottle. The available actions include going to each drawer, so I will start by going to drawer 1 to search for the soapbottle.
</reasoning>

<",1311,action,teacher,3,100675,行动,22.25,4.954390305129952e-13,4.139937814784389e-08,-28.333332061767578
95,94,<action> 标签/边界,"<reasoning>
I need to put a soapbottle on the toilet. First, I should locate the soapbottle. Since I am in a room with multiple drawers, it is likely that the soapbottle is inside one of them. I should check the drawers to find the soapbottle. The available actions include going to each drawer, so I will start by going to drawer 1 to search for the soapbottle.
</reasoning>

<",1311,action,student,4,38933,	action,20.625,5.008774495965547e-14,1.0467402056235642e-08,-30.625
95,94,<action> 标签/边界,"<reasoning>
I need to put a soapbottle on the toilet. First, I should locate the soapbottle. Since I am in a room with multiple drawers, it is likely that the soapbottle is inside one of them. I should check the drawers to find the soapbottle. The available actions include going to each drawer, so I will start by going to drawer 1 to search for the soapbottle.
</reasoning>

<",1311,action,teacher,4,38933,	action,20.625,3.301996330984554e-14,8.152020392060422e-09,-31.041664123535156
95,94,<action> 标签/边界,"<reasoning>
I need to put a soapbottle on the toilet. First, I should locate the soapbottle. Since I am in a room with multiple drawers, it is likely that the soapbottle is inside one of them. I should check the drawers to find the soapbottle. The available actions include going to each drawer, so I will start by going to drawer 1 to search for the soapbottle.
</reasoning>

<",1311,action,student,5,4020,actions,20.5,4.0667959315876176e-14,9.23744991609965e-09,-30.833335876464844
95,94,<action> 标签/边界,"<reasoning>
I need to put a soapbottle on the toilet. First, I should locate the soapbottle. Since I am in a room with multiple drawers, it is likely that the soapbottle is inside one of them. I should check the drawers to find the soapbottle. The available actions include going to each drawer, so I will start by going to drawer 1 to search for the soapbottle.
</reasoning>

<",1311,action,teacher,5,4020,actions,20.625,3.301996330984554e-14,8.152020392060422e-09,-31.041664123535156
95,94,<action> 标签/边界,"<reasoning>
I need to put a soapbottle on the toilet. First, I should locate the soapbottle. Since I am in a room with multiple drawers, it is likely that the soapbottle is inside one of them. I should check the drawers to find the soapbottle. The available actions include going to each drawer, so I will start by going to drawer 1 to search for the soapbottle.
</reasoning>

<",1311,action,student,6,12395,.action,20.25,2.6810039512872516e-14,7.194133289090132e-09,-31.25
95,94,<action> 标签/边界,"<reasoning>
I need to put a soapbottle on the toilet. First, I should locate the soapbottle. Since I am in a room with multiple drawers, it is likely that the soapbottle is inside one of them. I should check the drawers to find the soapbottle. The available actions include going to each drawer, so I will start by going to drawer 1 to search for the soapbottle.
</reasoning>

<",1311,action,teacher,6,12395,.action,20.625,3.301996330984554e-14,8.152020392060422e-09,-31.041664123535156
95,94,<action> 标签/边界,"<reasoning>
I need to put a soapbottle on the toilet. First, I should locate the soapbottle. Since I am in a room with multiple drawers, it is likely that the soapbottle is inside one of them. I should check the drawers to find the soapbottle. The available actions include going to each drawer, so I will start by going to drawer 1 to search for the soapbottle.
</reasoning>

<",1311,action,student,7,15306,(action,20.0,1.7674243687516855e-14,5.602796449011294e-09,-31.666667938232422
95,94,<action> 标签/边界,"<reasoning>
I need to put a soapbottle on the toilet. First, I should locate the soapbottle. Since I am in a room with multiple drawers, it is likely that the soapbottle is inside one of them. I should check the drawers to find the soapbottle. The available actions include going to each drawer, so I will start by going to drawer 1 to search for the soapbottle.
</reasoning>

<",1311,action,teacher,7,15306,(action,20.0,1.1651609886610074e-14,4.363462480228009e-09,-32.08333206176758
95,94,<action> 标签/边界,"<reasoning>
I need to put a soapbottle on the toilet. First, I should locate the soapbottle. Since I am in a room with multiple drawers, it is likely that the soapbottle is inside one of them. I should check the drawers to find the soapbottle. The available actions include going to each drawer, so I will start by going to drawer 1 to search for the soapbottle.
</reasoning>

<",1311,action,student,8,7931,_action,18.75,2.200702134766289e-15,1.6052279505629485e-09,-33.75
95,94,<action> 标签/边界,"<reasoning>
I need to put a soapbottle on the toilet. First, I should locate the soapbottle. Since I am in a room with multiple drawers, it is likely that the soapbottle is inside one of them. I should check the drawers to find the soapbottle. The available actions include going to each drawer, so I will start by going to drawer 1 to search for the soapbottle.
</reasoning>

<",1311,action,teacher,8,7931,_action,19.0,2.200702134766289e-15,1.6052279505629485e-09,-33.75
95,94,<action> 标签/边界,"<reasoning>
I need to put a soapbottle on the toilet. First, I should locate the soapbottle. Since I am in a room with multiple drawers, it is likely that the soapbottle is inside one of them. I should check the drawers to find the soapbottle. The available actions include going to each drawer, so I will start by going to drawer 1 to search for the soapbottle.
</reasoning>

<",1311,action,student,9,25059,-action,18.25,9.564187820627207e-16,9.736200734522527e-10,-34.583335876464844
95,94,<action> 标签/边界,"<reasoning>
I need to put a soapbottle on the toilet. First, I should locate the soapbottle. Since I am in a room with multiple drawers, it is likely that the soapbottle is inside one of them. I should check the drawers to find the soapbottle. The available actions include going to each drawer, so I will start by going to drawer 1 to search for the soapbottle.
</reasoning>

<",1311,action,teacher,9,90555,'action,18.625,1.1779508261755447e-15,1.1032560420787263e-09,-34.375
95,94,<action> 标签/边界,"<reasoning>
I need to put a soapbottle on the toilet. First, I should locate the soapbottle. Since I am in a room with multiple drawers, it is likely that the soapbottle is inside one of them. I should check the drawers to find the soapbottle. The available actions include going to each drawer, so I will start by going to drawer 1 to search for the soapbottle.
</reasoning>

<",1311,action,student,10,90555,'action,18.125,7.765521298066581e-16,8.592166977905435e-10,-34.79166793823242
95,94,<action> 标签/边界,"<reasoning>
I need to put a soapbottle on the toilet. First, I should locate the soapbottle. Since I am in a room with multiple drawers, it is likely that the soapbottle is inside one of them. I should check the drawers to find the soapbottle. The available actions include going to each drawer, so I will start by going to drawer 1 to search for the soapbottle.
</reasoning>

<",1311,action,teacher,10,25059,-action,18.5,9.564223819527465e-16,9.736200734522527e-10,-34.58333206176758
96,95,<action> 标签/边界,"<reasoning>
I need to put a soapbottle on the toilet. First, I should locate the soapbottle. Since I am in a room with multiple drawers, it is likely that the soapbottle is inside one of them. I should check the drawers to find the soapbottle. The available actions include going to each drawer, so I will start by going to drawer 1 to search for the soapbottle.
</reasoning>

<action",29,>,student,1,29,>,44.75,0.977022647857666,0.9046505093574524,-0.023245446383953094
96,95,<action> 标签/边界,"<reasoning>
I need to put a soapbottle on the toilet. First, I should locate the soapbottle. Since I am in a room with multiple drawers, it is likely that the soapbottle is inside one of them. I should check the drawers to find the soapbottle. The available actions include going to each drawer, so I will start by going to drawer 1 to search for the soapbottle.
</reasoning>

<action",29,>,teacher,1,29,>,46.0,0.9999701380729675,0.9980732202529907,-2.992108420585282e-05
96,95,<action> 标签/边界,"<reasoning>
I need to put a soapbottle on the toilet. First, I should locate the soapbottle. Since I am in a room with multiple drawers, it is likely that the soapbottle is inside one of them. I should check the drawers to find the soapbottle. The available actions include going to each drawer, so I will start by going to drawer 1 to search for the soapbottle.
</reasoning>

<action",29,>,student,2,397,">
",42.5,0.022977372631430626,0.09534946084022522,-3.773245334625244
96,95,<action> 标签/边界,"<reasoning>
I need to put a soapbottle on the toilet. First, I should locate the soapbottle. Since I am in a room with multiple drawers, it is likely that the soapbottle is inside one of them. I should check the drawers to find the soapbottle. The available actions include going to each drawer, so I will start by going to drawer 1 to search for the soapbottle.
</reasoning>

<action",29,>,teacher,2,397,">
",39.75,2.992867121065501e-05,0.001926734228618443,-10.416693687438965
96,95,<action> 标签/边界,"<reasoning>
I need to put a soapbottle on the toilet. First, I should locate the soapbottle. Since I am in a room with multiple drawers, it is likely that the soapbottle is inside one of them. I should check the drawers to find the soapbottle. The available actions include going to each drawer, so I will start by going to drawer 1 to search for the soapbottle.
</reasoning>

<action",29,>,student,3,52130,>n,24.25,1.4174584976158811e-15,1.1309516656510255e-09,-34.189910888671875
96,95,<action> 标签/边界,"<reasoning>
I need to put a soapbottle on the toilet. First, I should locate the soapbottle. Since I am in a room with multiple drawers, it is likely that the soapbottle is inside one of them. I should check the drawers to find the soapbottle. The available actions include going to each drawer, so I will start by going to drawer 1 to search for the soapbottle.
</reasoning>

<action",29,>,teacher,3,52130,>n,25.375,1.1779149331544048e-15,1.1011306311203839e-09,-34.375030517578125
96,95,<action> 标签/边界,"<reasoning>
I need to put a soapbottle on the toilet. First, I should locate the soapbottle. Since I am in a room with multiple drawers, it is likely that the soapbottle is inside one of them. I should check the drawers to find the soapbottle. The available actions include going to each drawer, so I will start by going to drawer 1 to search for the soapbottle.
</reasoning>

<action",29,>,student,4,3346,go,23.5,4.061086760116534e-16,5.342237208161293e-10,-35.439910888671875
96,95,<action> 标签/边界,"<reasoning>
I need to put a soapbottle on the toilet. First, I should locate the soapbottle. Since I am in a room with multiple drawers, it is likely that the soapbottle is inside one of them. I should check the drawers to find the soapbottle. The available actions include going to each drawer, so I will start by going to drawer 1 to search for the soapbottle.
</reasoning>

<action",29,>,teacher,4,3346,go,24.25,1.8063911983417895e-16,3.5748479176866965e-10,-36.250030517578125
96,95,<action> 标签/边界,"<reasoning>
I need to put a soapbottle on the toilet. First, I should locate the soapbottle. Since I am in a room with multiple drawers, it is likely that the soapbottle is inside one of them. I should check the drawers to find the soapbottle. The available actions include going to each drawer, so I will start by going to drawer 1 to search for the soapbottle.
</reasoning>

<action",29,>,student,5,1433,">
",23.25,2.6772400650949206e-16,4.160538857878038e-10,-35.85657501220703
96,95,<action> 标签/边界,"<reasoning>
I need to put a soapbottle on the toilet. First, I should locate the soapbottle. Since I am in a room with multiple drawers, it is likely that the soapbottle is inside one of them. I should check the drawers to find the soapbottle. The available actions include going to each drawer, so I will start by going to drawer 1 to search for the soapbottle.
</reasoning>

<action",29,>,teacher,5,71150,>d,24.0,1.1908494438963332e-16,2.7840943439549903e-10,-36.66669464111328
96,95,<action> 标签/边界,"<reasoning>
I need to put a soapbottle on the toilet. First, I should locate the soapbottle. Since I am in a room with multiple drawers, it is likely that the soapbottle is inside one of them. I should check the drawers to find the soapbottle. The available actions include going to each drawer, so I will start by going to drawer 1 to search for the soapbottle.
</reasoning>

<action",29,>,student,6,71150,>d,23.25,2.6772400650949206e-16,4.160538857878038e-10,-35.85657501220703
96,95,<action> 标签/边界,"<reasoning>
I need to put a soapbottle on the toilet. First, I should locate the soapbottle. Since I am in a room with multiple drawers, it is likely that the soapbottle is inside one of them. I should check the drawers to find the soapbottle. The available actions include going to each drawer, so I will start by going to drawer 1 to search for the soapbottle.
</reasoning>

<action",29,>,teacher,6,16300,>w,23.875,9.66891484187683e-17,2.456954639740161e-10,-36.875030517578125
96,95,<action> 标签/边界,"<reasoning>
I need to put a soapbottle on the toilet. First, I should locate the soapbottle. Since I am in a room with multiple drawers, it is likely that the soapbottle is inside one of them. I should check the drawers to find the soapbottle. The available actions include going to each drawer, so I will start by going to drawer 1 to search for the soapbottle.
</reasoning>

<action",29,>,student,7,41329,>s,22.25,5.056647067020774e-17,1.5305766376538799e-10,-37.52324295043945
96,95,<action> 标签/边界,"<reasoning>
I need to put a soapbottle on the toilet. First, I should locate the soapbottle. Since I am in a room with multiple drawers, it is likely that the soapbottle is inside one of them. I should check the drawers to find the soapbottle. The available actions include going to each drawer, so I will start by going to drawer 1 to search for the soapbottle.
</reasoning>

<action",29,>,teacher,7,36721,>B,23.25,3.411840770606441e-17,1.3151130184851922e-10,-37.91669464111328
96,95,<action> 标签/边界,"<reasoning>
I need to put a soapbottle on the toilet. First, I should locate the soapbottle. Since I am in a room with multiple drawers, it is likely that the soapbottle is inside one of them. I should check the drawers to find the soapbottle. The available actions include going to each drawer, so I will start by going to drawer 1 to search for the soapbottle.
</reasoning>

<action",29,>,student,8,16300,>w,22.125,4.105680530160411e-17,1.3507291118930453e-10,-37.73157501220703
96,95,<action> 标签/边界,"<reasoning>
I need to put a soapbottle on the toilet. First, I should locate the soapbottle. Since I am in a room with multiple drawers, it is likely that the soapbottle is inside one of them. I should check the drawers to find the soapbottle. The available actions include going to each drawer, so I will start by going to drawer 1 to search for the soapbottle.
</reasoning>

<action",29,>,teacher,8,41329,>s,23.0,2.2492212143064198e-17,1.024211063183067e-10,-38.3333625793457
96,95,<action> 标签/边界,"<reasoning>
I need to put a soapbottle on the toilet. First, I should locate the soapbottle. Since I am in a room with multiple drawers, it is likely that the soapbottle is inside one of them. I should check the drawers to find the soapbottle. The available actions include going to each drawer, so I will start by going to drawer 1 to search for the soapbottle.
</reasoning>

<action",29,>,student,9,25525,/go,22.125,4.105680530160411e-17,1.3507291118930453e-10,-37.73157501220703
96,95,<action> 标签/边界,"<reasoning>
I need to put a soapbottle on the toilet. First, I should locate the soapbottle. Since I am in a room with multiple drawers, it is likely that the soapbottle is inside one of them. I should check the drawers to find the soapbottle. The available actions include going to each drawer, so I will start by going to drawer 1 to search for the soapbottle.
</reasoning>

<action",29,>,teacher,9,1433,">
",22.875,1.8262266916457905e-17,9.038630954805171e-11,-38.54169464111328
96,95,<action> 标签/边界,"<reasoning>
I need to put a soapbottle on the toilet. First, I should locate the soapbottle. Since I am in a room with multiple drawers, it is likely that the soapbottle is inside one of them. I should check the drawers to find the soapbottle. The available actions include going to each drawer, so I will start by going to drawer 1 to search for the soapbottle.
</reasoning>

<action",29,>,student,10,75664,"""go",22.0,3.333542831672377e-17,1.1920142650723164e-10,-37.939910888671875
96,95,<action> 标签/边界,"<reasoning>
I need to put a soapbottle on the toilet. First, I should locate the soapbottle. Since I am in a room with multiple drawers, it is likely that the soapbottle is inside one of them. I should check the drawers to find the soapbottle. The available actions include going to each drawer, so I will start by going to drawer 1 to search for the soapbottle.
</reasoning>

<action",29,>,teacher,10,25525,/go,22.75,1.4827761727939756e-17,7.97656315998374e-11,-38.750030517578125
97,96,action 正文,"<reasoning>
I need to put a soapbottle on the toilet. First, I should locate the soapbottle. Since I am in a room with multiple drawers, it is likely that the soapbottle is inside one of them. I should check the drawers to find the soapbottle. The available actions include going to each drawer, so I will start by going to drawer 1 to search for the soapbottle.
</reasoning>

<action>",3346,go,student,1,3346,go,47.0,1.0,0.9999833703041077,0.0
97,96,action 正文,"<reasoning>
I need to put a soapbottle on the toilet. First, I should locate the soapbottle. Since I am in a room with multiple drawers, it is likely that the soapbottle is inside one of them. I should check the drawers to find the soapbottle. The available actions include going to each drawer, so I will start by going to drawer 1 to search for the soapbottle.
</reasoning>

<action>",3346,go,teacher,1,3346,go,48.25,1.0,0.999987006187439,0.0
97,96,action 正文,"<reasoning>
I need to put a soapbottle on the toilet. First, I should locate the soapbottle. Since I am in a room with multiple drawers, it is likely that the soapbottle is inside one of them. I should check the drawers to find the soapbottle. The available actions include going to each drawer, so I will start by going to drawer 1 to search for the soapbottle.
</reasoning>

<action>",3346,go,student,2,728, go,36.0,1.0912812875574218e-08,1.670142955845222e-05,-18.333328247070312
97,96,action 正文,"<reasoning>
I need to put a soapbottle on the toilet. First, I should locate the soapbottle. Since I am in a room with multiple drawers, it is likely that the soapbottle is inside one of them. I should check the drawers to find the soapbottle. The available actions include going to each drawer, so I will start by going to drawer 1 to search for the soapbottle.
</reasoning>

<action>",3346,go,teacher,2,728, go,37.0,7.194133289090132e-09,1.3007123015995603e-05,-18.75
97,96,action 正文,"<reasoning>
I need to put a soapbottle on the toilet. First, I should locate the soapbottle. Since I am in a room with multiple drawers, it is likely that the soapbottle is inside one of them. I should check the drawers to find the soapbottle. The available actions include going to each drawer, so I will start by going to drawer 1 to search for the soapbottle.
</reasoning>

<action>",3346,go,student,3,10850,Go,28.375,3.301996330984554e-14,8.151880948048529e-09,-31.041664123535156
97,96,action 正文,"<reasoning>
I need to put a soapbottle on the toilet. First, I should locate the soapbottle. Since I am in a room with multiple drawers, it is likely that the soapbottle is inside one of them. I should check the drawers to find the soapbottle. The available actions include going to each drawer, so I will start by going to drawer 1 to search for the soapbottle.
</reasoning>

<action>",3346,go,teacher,3,10850,Go,28.75,7.68120477976069e-15,3.3982225922102316e-09,-32.5
97,96,action 正文,"<reasoning>
I need to put a soapbottle on the toilet. First, I should locate the soapbottle. Since I am in a room with multiple drawers, it is likely that the soapbottle is inside one of them. I should check the drawers to find the soapbottle. The available actions include going to each drawer, so I will start by going to drawer 1 to search for the soapbottle.
</reasoning>

<action>",3346,go,student,4,28535,goto,27.375,6.2366807207438375e-15,2.9989093430771163e-09,-32.70832824707031
97,96,action 正文,"<reasoning>
I need to put a soapbottle on the toilet. First, I should locate the soapbottle. Since I am in a room with multiple drawers, it is likely that the soapbottle is inside one of them. I should check the drawers to find the soapbottle. The available actions include going to each drawer, so I will start by going to drawer 1 to search for the soapbottle.
</reasoning>

<action>",3346,go,teacher,4,30680,	go,28.125,2.7104433860503747e-15,1.8189373340860016e-09,-33.541664123535156
97,96,action 正文,"<reasoning>
I need to put a soapbottle on the toilet. First, I should locate the soapbottle. Since I am in a room with multiple drawers, it is likely that the soapbottle is inside one of them. I should check the drawers to find the soapbottle. The available actions include going to each drawer, so I will start by going to drawer 1 to search for the soapbottle.
</reasoning>

<action>",3346,go,student,5,19926,-go,27.375,6.2366807207438375e-15,2.9989093430771163e-09,-32.70832824707031
97,96,action 正文,"<reasoning>
I need to put a soapbottle on the toilet. First, I should locate the soapbottle. Since I am in a room with multiple drawers, it is likely that the soapbottle is inside one of them. I should check the drawers to find the soapbottle. The available actions include going to each drawer, so I will start by going to drawer 1 to search for the soapbottle.
</reasoning>

<action>",3346,go,teacher,5,19926,-go,27.875,1.7868323076171812e-15,1.4165899564488882e-09,-33.95833206176758
97,96,action 正文,"<reasoning>
I need to put a soapbottle on the toilet. First, I should locate the soapbottle. Since I am in a room with multiple drawers, it is likely that the soapbottle is inside one of them. I should check the drawers to find the soapbottle. The available actions include going to each drawer, so I will start by going to drawer 1 to search for the soapbottle.
</reasoning>

<action>",3346,go,student,6,30680,	go,26.875,2.7104433860503747e-15,1.8189304507032489e-09,-33.541664123535156
97,96,action 正文,"<reasoning>
I need to put a soapbottle on the toilet. First, I should locate the soapbottle. Since I am in a room with multiple drawers, it is likely that the soapbottle is inside one of them. I should check the drawers to find the soapbottle. The available actions include going to each drawer, so I will start by going to drawer 1 to search for the soapbottle.
</reasoning>

<action>",3346,go,teacher,6,28535,goto,27.25,6.305116853596367e-16,7.582459105037742e-10,-35.0
97,96,action 正文,"<reasoning>
I need to put a soapbottle on the toilet. First, I should locate the soapbottle. Since I am in a room with multiple drawers, it is likely that the soapbottle is inside one of them. I should check the drawers to find the soapbottle. The available actions include going to each drawer, so I will start by going to drawer 1 to search for the soapbottle.
</reasoning>

<action>",3346,go,student,7,25515,_go,26.125,7.765550944219734e-16,8.59201931824316e-10,-34.791664123535156
97,96,action 正文,"<reasoning>
I need to put a soapbottle on the toilet. First, I should locate the soapbottle. Since I am in a room with multiple drawers, it is likely that the soapbottle is inside one of them. I should check the drawers to find the soapbottle. The available actions include going to each drawer, so I will start by going to drawer 1 to search for the soapbottle.
</reasoning>

<action>",3346,go,teacher,7,18002,.go,26.875,3.37488578190892e-16,5.2113424686695e-10,-35.625
97,96,action 正文,"<reasoning>
I need to put a soapbottle on the toilet. First, I should locate the soapbottle. Since I am in a room with multiple drawers, it is likely that the soapbottle is inside one of them. I should check the drawers to find the soapbottle. The available actions include going to each drawer, so I will start by going to drawer 1 to search for the soapbottle.
</reasoning>

<action>",3346,go,student,8,18002,.go,25.875,5.119379782932306e-16,6.691471265973803e-10,-35.20832824707031
97,96,action 正文,"<reasoning>
I need to put a soapbottle on the toilet. First, I should locate the soapbottle. Since I am in a room with multiple drawers, it is likely that the soapbottle is inside one of them. I should check the drawers to find the soapbottle. The available actions include going to each drawer, so I will start by going to drawer 1 to search for the soapbottle.
</reasoning>

<action>",3346,go,teacher,8,25515,_go,26.75,2.7401957888995964e-16,4.598993963433884e-10,-35.83333206176758
97,96,action 正文,"<reasoning>
I need to put a soapbottle on the toilet. First, I should locate the soapbottle. Since I am in a room with multiple drawers, it is likely that the soapbottle is inside one of them. I should check the drawers to find the soapbottle. The available actions include going to each drawer, so I will start by going to drawer 1 to search for the soapbottle.
</reasoning>

<action>",3346,go,student,9,9546,going,22.25,1.2171784869886103e-18,1.7832168033860007e-11,-41.249996185302734
97,96,action 正文,"<reasoning>
I need to put a soapbottle on the toilet. First, I should locate the soapbottle. Since I am in a room with multiple drawers, it is likely that the soapbottle is inside one of them. I should check the drawers to find the soapbottle. The available actions include going to each drawer, so I will start by going to drawer 1 to search for the soapbottle.
</reasoning>

<action>",3346,go,teacher,9,25525,/go,23.0,5.289822602216026e-19,1.0815797042706965e-11,-42.08333206176758
97,96,action 正文,"<reasoning>
I need to put a soapbottle on the toilet. First, I should locate the soapbottle. Since I am in a room with multiple drawers, it is likely that the soapbottle is inside one of them. I should check the drawers to find the soapbottle. The available actions include going to each drawer, so I will start by going to drawer 1 to search for the soapbottle.
</reasoning>

<action>",3346,go,student,10,75664,"""go",22.25,1.2171784869886103e-18,1.7832168033860007e-11,-41.249996185302734
97,96,action 正文,"<reasoning>
I need to put a soapbottle on the toilet. First, I should locate the soapbottle. Since I am in a room with multiple drawers, it is likely that the soapbottle is inside one of them. I should check the drawers to find the soapbottle. The available actions include going to each drawer, so I will start by going to drawer 1 to search for the soapbottle.
</reasoning>

<action>",3346,go,teacher,10,9546,going,22.5,2.298950247738069e-19,6.560112696119003e-12,-42.916664123535156
98,97,action 正文,"<reasoning>
I need to put a soapbottle on the toilet. First, I should locate the soapbottle. Since I am in a room with multiple drawers, it is likely that the soapbottle is inside one of them. I should check the drawers to find the soapbottle. The available actions include going to each drawer, so I will start by going to drawer 1 to search for the soapbottle.
</reasoning>

<action>go",311, to,student,1,311, to,54.0,1.0,1.0,0.0
98,97,action 正文,"<reasoning>
I need to put a soapbottle on the toilet. First, I should locate the soapbottle. Since I am in a room with multiple drawers, it is likely that the soapbottle is inside one of them. I should check the drawers to find the soapbottle. The available actions include going to each drawer, so I will start by going to drawer 1 to search for the soapbottle.
</reasoning>

<action>go",311, to,teacher,1,311, to,52.75,1.0,1.0,0.0
98,97,action 正文,"<reasoning>
I need to put a soapbottle on the toilet. First, I should locate the soapbottle. Since I am in a room with multiple drawers, it is likely that the soapbottle is inside one of them. I should check the drawers to find the soapbottle. The available actions include going to each drawer, so I will start by going to drawer 1 to search for the soapbottle.
</reasoning>

<action>go",311, to,student,2,26939,到,25.875,4.3898147951794565e-21,6.101936989542922e-13,-46.875
98,97,action 正文,"<reasoning>
I need to put a soapbottle on the toilet. First, I should locate the soapbottle. Since I am in a room with multiple drawers, it is likely that the soapbottle is inside one of them. I should check the drawers to find the soapbottle. The available actions include going to each drawer, so I will start by going to drawer 1 to search for the soapbottle.
</reasoning>

<action>go",311, to,teacher,2,26939,到,25.5,1.8870933372092514e-20,1.4637784257268138e-12,-45.416664123535156
98,97,action 正文,"<reasoning>
I need to put a soapbottle on the toilet. First, I should locate the soapbottle. Since I am in a room with multiple drawers, it is likely that the soapbottle is inside one of them. I should check the drawers to find the soapbottle. The available actions include going to each drawer, so I will start by going to drawer 1 to search for the soapbottle.
</reasoning>

<action>go",311, to,student,3,2346,_to,24.5,4.438001196060742e-22,1.5428111533547645e-13,-49.16666793823242
98,97,action 正文,"<reasoning>
I need to put a soapbottle on the toilet. First, I should locate the soapbottle. Since I am in a room with multiple drawers, it is likely that the soapbottle is inside one of them. I should check the drawers to find the soapbottle. The available actions include going to each drawer, so I will start by going to drawer 1 to search for the soapbottle.
</reasoning>

<action>go",311, to,teacher,3,2346,_to,24.875,6.658904097454174e-21,7.835042293777295e-13,-46.45833206176758
98,97,action 正文,"<reasoning>
I need to put a soapbottle on the toilet. First, I should locate the soapbottle. Since I am in a room with multiple drawers, it is likely that the soapbottle is inside one of them. I should check the drawers to find the soapbottle. The available actions include going to each drawer, so I will start by going to drawer 1 to search for the soapbottle.
</reasoning>

<action>go",311, to,student,4,128252, إلى,24.0,1.9287498933537385e-22,9.357622912219837e-14,-50.0
98,97,action 正文,"<reasoning>
I need to put a soapbottle on the toilet. First, I should locate the soapbottle. Since I am in a room with multiple drawers, it is likely that the soapbottle is inside one of them. I should check the drawers to find the soapbottle. The available actions include going to each drawer, so I will start by going to drawer 1 to search for the soapbottle.
</reasoning>

<action>go",311, to,teacher,4,128252, إلى,23.625,8.291309796333216e-22,2.2447771723041465e-13,-48.541664123535156
98,97,action 正文,"<reasoning>
I need to put a soapbottle on the toilet. First, I should locate the soapbottle. Since I am in a room with multiple drawers, it is likely that the soapbottle is inside one of them. I should check the drawers to find the soapbottle. The available actions include going to each drawer, so I will start by going to drawer 1 to search for the soapbottle.
</reasoning>

<action>go",311, to,student,5,2389,.to,23.625,1.032385422106359e-22,6.431393774746635e-14,-50.625
98,97,action 正文,"<reasoning>
I need to put a soapbottle on the toilet. First, I should locate the soapbottle. Since I am in a room with multiple drawers, it is likely that the soapbottle is inside one of them. I should check the drawers to find the soapbottle. The available actions include going to each drawer, so I will start by going to drawer 1 to search for the soapbottle.
</reasoning>

<action>go",311, to,teacher,5,2389,.to,23.5,6.731998611023858e-22,1.9810088085995409e-13,-48.75
98,97,action 正文,"<reasoning>
I need to put a soapbottle on the toilet. First, I should locate the soapbottle. Since I am in a room with multiple drawers, it is likely that the soapbottle is inside one of them. I should check the drawers to find the soapbottle. The available actions include going to each drawer, so I will start by going to drawer 1 to search for the soapbottle.
</reasoning>

<action>go",311, to,student,6,31709,	to,23.5,8.382291459560635e-23,5.6756852093598625e-14,-50.833335876464844
98,97,action 正文,"<reasoning>
I need to put a soapbottle on the toilet. First, I should locate the soapbottle. Since I am in a room with multiple drawers, it is likely that the soapbottle is inside one of them. I should check the drawers to find the soapbottle. The available actions include going to each drawer, so I will start by going to drawer 1 to search for the soapbottle.
</reasoning>

<action>go",311, to,teacher,6,31709,	to,23.375,5.465960919162194e-22,1.7482341258239636e-13,-48.95833206176758
98,97,action 正文,"<reasoning>
I need to put a soapbottle on the toilet. First, I should locate the soapbottle. Since I am in a room with multiple drawers, it is likely that the soapbottle is inside one of them. I should check the drawers to find the soapbottle. The available actions include going to each drawer, so I will start by going to drawer 1 to search for the soapbottle.
</reasoning>

<action>go",311, to,student,7,6395, zu,22.625,1.9499218471990393e-23,2.365977659830095e-14,-52.29166793823242
98,97,action 正文,"<reasoning>
I need to put a soapbottle on the toilet. First, I should locate the soapbottle. Since I am in a room with multiple drawers, it is likely that the soapbottle is inside one of them. I should check the drawers to find the soapbottle. The available actions include going to each drawer, so I will start by going to drawer 1 to search for the soapbottle.
</reasoning>

<action>go",311, to,teacher,7,6395, zu,22.25,8.382323013996844e-23,5.6756852093598625e-14,-50.83333206176758
98,97,action 正文,"<reasoning>
I need to put a soapbottle on the toilet. First, I should locate the soapbottle. Since I am in a room with multiple drawers, it is likely that the soapbottle is inside one of them. I should check the drawers to find the soapbottle. The available actions include going to each drawer, so I will start by going to drawer 1 to search for the soapbottle.
</reasoning>

<action>go",311, to,student,8,983,to,22.0,6.880603376379614e-24,1.266416662428502e-14,-53.333335876464844
98,97,action 正文,"<reasoning>
I need to put a soapbottle on the toilet. First, I should locate the soapbottle. Since I am in a room with multiple drawers, it is likely that the soapbottle is inside one of them. I should check the drawers to find the soapbottle. The available actions include going to each drawer, so I will start by going to drawer 1 to search for the soapbottle.
</reasoning>

<action>go",311, to,teacher,8,983,to,22.0,5.525960543653601e-23,4.420228560345768e-14,-51.25
98,97,action 正文,"<reasoning>
I need to put a soapbottle on the toilet. First, I should locate the soapbottle. Since I am in a room with multiple drawers, it is likely that the soapbottle is inside one of them. I should check the drawers to find the soapbottle. The available actions include going to each drawer, so I will start by going to drawer 1 to search for the soapbottle.
</reasoning>

<action>go",311, to,student,9,2014, To,21.625,3.682921381616866e-24,8.703945394560476e-15,-53.958335876464844
98,97,action 正文,"<reasoning>
I need to put a soapbottle on the toilet. First, I should locate the soapbottle. Since I am in a room with multiple drawers, it is likely that the soapbottle is inside one of them. I should check the drawers to find the soapbottle. The available actions include going to each drawer, so I will start by going to drawer 1 to search for the soapbottle.
</reasoning>

<action>go",311, to,teacher,9,2014, To,21.25,1.5832143333807154e-23,2.0879678940140776e-14,-52.5
98,97,action 正文,"<reasoning>
I need to put a soapbottle on the toilet. First, I should locate the soapbottle. Since I am in a room with multiple drawers, it is likely that the soapbottle is inside one of them. I should check the drawers to find the soapbottle. The available actions include going to each drawer, so I will start by going to drawer 1 to search for the soapbottle.
</reasoning>

<action>go",311, to,student,10,4686,-to,18.375,1.63593157930437e-26,3.37488578190892e-16,-59.375
98,97,action 正文,"<reasoning>
I need to put a soapbottle on the toilet. First, I should locate the soapbottle. Since I am in a room with multiple drawers, it is likely that the soapbottle is inside one of them. I should check the drawers to find the soapbottle. The available actions include going to each drawer, so I will start by going to drawer 1 to search for the soapbottle.
</reasoning>

<action>go",311, to,teacher,10,4686,-to,18.625,1.9929727675316408e-25,1.5125188877038631e-15,-56.875
99,98,action 正文,"<reasoning>
I need to put a soapbottle on the toilet. First, I should locate the soapbottle. Since I am in a room with multiple drawers, it is likely that the soapbottle is inside one of them. I should check the drawers to find the soapbottle. The available actions include going to each drawer, so I will start by going to drawer 1 to search for the soapbottle.
</reasoning>

<action>go to",26482, drawer,student,1,26482, drawer,48.5,1.0,1.0,0.0
99,98,action 正文,"<reasoning>
I need to put a soapbottle on the toilet. First, I should locate the soapbottle. Since I am in a room with multiple drawers, it is likely that the soapbottle is inside one of them. I should check the drawers to find the soapbottle. The available actions include going to each drawer, so I will start by going to drawer 1 to search for the soapbottle.
</reasoning>

<action>go to",26482, drawer,teacher,1,26482, drawer,48.25,1.0,1.0,0.0
99,98,action 正文,"<reasoning>
I need to put a soapbottle on the toilet. First, I should locate the soapbottle. Since I am in a room with multiple drawers, it is likely that the soapbottle is inside one of them. I should check the drawers to find the soapbottle. The available actions include going to each drawer, so I will start by going to drawer 1 to search for the soapbottle.
</reasoning>

<action>go to",26482, drawer,student,2,80127,drawer,28.875,6.2366807207438375e-15,2.998960857425459e-09,-32.70832824707031
99,98,action 正文,"<reasoning>
I need to put a soapbottle on the toilet. First, I should locate the soapbottle. Since I am in a room with multiple drawers, it is likely that the soapbottle is inside one of them. I should check the drawers to find the soapbottle. The available actions include going to each drawer, so I will start by going to drawer 1 to search for the soapbottle.
</reasoning>

<action>go to",26482, drawer,teacher,2,80127,drawer,28.625,6.2366570038213144e-15,2.998960857425459e-09,-32.70833206176758
99,98,action 正文,"<reasoning>
I need to put a soapbottle on the toilet. First, I should locate the soapbottle. Since I am in a room with multiple drawers, it is likely that the soapbottle is inside one of them. I should check the drawers to find the soapbottle. The available actions include going to each drawer, so I will start by going to drawer 1 to search for the soapbottle.
</reasoning>

<action>go to",26482, drawer,student,3,61607, drawers,28.5,3.3382546774346055e-15,2.061153470123145e-09,-33.33332824707031
99,98,action 正文,"<reasoning>
I need to put a soapbottle on the toilet. First, I should locate the soapbottle. Since I am in a room with multiple drawers, it is likely that the soapbottle is inside one of them. I should check the drawers to find the soapbottle. The available actions include going to each drawer, so I will start by going to drawer 1 to search for the soapbottle.
</reasoning>

<action>go to",26482, drawer,teacher,3,61607, drawers,28.0,2.200702134766289e-15,1.6052279505629485e-09,-33.75
99,98,action 正文,"<reasoning>
I need to put a soapbottle on the toilet. First, I should locate the soapbottle. Since I am in a room with multiple drawers, it is likely that the soapbottle is inside one of them. I should check the drawers to find the soapbottle. The available actions include going to each drawer, so I will start by going to drawer 1 to search for the soapbottle.
</reasoning>

<action>go to",26482, drawer,student,4,69901,.drawer,27.0,2.740206376811437e-16,4.5990555808117506e-10,-35.83332824707031
99,98,action 正文,"<reasoning>
I need to put a soapbottle on the toilet. First, I should locate the soapbottle. Since I am in a room with multiple drawers, it is likely that the soapbottle is inside one of them. I should check the drawers to find the soapbottle. The available actions include going to each drawer, so I will start by going to drawer 1 to search for the soapbottle.
</reasoning>

<action>go to",26482, drawer,teacher,4,69901,.drawer,26.75,2.7401957888995964e-16,4.5990555808117506e-10,-35.83333206176758
99,98,action 正文,"<reasoning>
I need to put a soapbottle on the toilet. First, I should locate the soapbottle. Since I am in a room with multiple drawers, it is likely that the soapbottle is inside one of them. I should check the drawers to find the soapbottle. The available actions include going to each drawer, so I will start by going to drawer 1 to search for the soapbottle.
</reasoning>

<action>go to",26482, drawer,student,5,48260, Drawer,25.875,4.202242617019646e-17,1.493094675675266e-10,-37.70832824707031
99,98,action 正文,"<reasoning>
I need to put a soapbottle on the toilet. First, I should locate the soapbottle. Since I am in a room with multiple drawers, it is likely that the soapbottle is inside one of them. I should check the drawers to find the soapbottle. The available actions include going to each drawer, so I will start by going to drawer 1 to search for the soapbottle.
</reasoning>

<action>go to",26482, drawer,teacher,5,48260, Drawer,25.5,3.411944664491378e-17,1.3176514046531196e-10,-37.916664123535156
99,98,action 正文,"<reasoning>
I need to put a soapbottle on the toilet. First, I should locate the soapbottle. Since I am in a room with multiple drawers, it is likely that the soapbottle is inside one of them. I should check the drawers to find the soapbottle. The available actions include going to each drawer, so I will start by going to drawer 1 to search for the soapbottle.
</reasoning>

<action>go to",26482, drawer,student,6,4038, draw,22.75,2.298950247738069e-19,6.5602007333354084e-12,-42.916664123535156
99,98,action 正文,"<reasoning>
I need to put a soapbottle on the toilet. First, I should locate the soapbottle. Since I am in a room with multiple drawers, it is likely that the soapbottle is inside one of them. I should check the drawers to find the soapbottle. The available actions include going to each drawer, so I will start by going to drawer 1 to search for the soapbottle.
</reasoning>

<action>go to",26482, drawer,teacher,6,4038, draw,22.625,2.8314379442993066e-19,7.433680407342713e-12,-42.70833206176758
99,98,action 正文,"<reasoning>
I need to put a soapbottle on the toilet. First, I should locate the soapbottle. Since I am in a room with multiple drawers, it is likely that the soapbottle is inside one of them. I should check the drawers to find the soapbottle. The available actions include going to each drawer, so I will start by going to drawer 1 to search for the soapbottle.
</reasoning>

<action>go to",26482, drawer,student,7,94507,_drawer,22.375,1.230539340887114e-19,4.508755348242577e-12,-43.541664123535156
99,98,action 正文,"<reasoning>
I need to put a soapbottle on the toilet. First, I should locate the soapbottle. Since I am in a room with multiple drawers, it is likely that the soapbottle is inside one of them. I should check the drawers to find the soapbottle. The available actions include going to each drawer, so I will start by going to drawer 1 to search for the soapbottle.
</reasoning>

<action>go to",26482, drawer,teacher,7,94507,_drawer,22.125,1.230539340887114e-19,4.508755348242577e-12,-43.541664123535156
99,98,action 正文,"<reasoning>
I need to put a soapbottle on the toilet. First, I should locate the soapbottle. Since I am in a room with multiple drawers, it is likely that the soapbottle is inside one of them. I should check the drawers to find the soapbottle. The available actions include going to each drawer, so I will start by going to drawer 1 to search for the soapbottle.
</reasoning>

<action>go to",26482, drawer,student,8,23492,Drawer,22.25,9.991209596177142e-20,3.978962558742749e-12,-43.749996185302734
99,98,action 正文,"<reasoning>
I need to put a soapbottle on the toilet. First, I should locate the soapbottle. Since I am in a room with multiple drawers, it is likely that the soapbottle is inside one of them. I should check the drawers to find the soapbottle. The available actions include going to each drawer, so I will start by going to drawer 1 to search for the soapbottle.
</reasoning>

<action>go to",26482, drawer,teacher,8,23492,Drawer,21.875,8.112206149982145e-20,3.511422055901825e-12,-43.95833206176758
99,98,action 正文,"<reasoning>
I need to put a soapbottle on the toilet. First, I should locate the soapbottle. Since I am in a room with multiple drawers, it is likely that the soapbottle is inside one of them. I should check the drawers to find the soapbottle. The available actions include going to each drawer, so I will start by going to drawer 1 to search for the soapbottle.
</reasoning>

<action>go to",26482, drawer,student,9,46622, dryer,21.75,4.342167657088625e-20,2.4133626954497833e-12,-44.58332824707031
99,98,action 正文,"<reasoning>
I need to put a soapbottle on the toilet. First, I should locate the soapbottle. Since I am in a room with multiple drawers, it is likely that the soapbottle is inside one of them. I should check the drawers to find the soapbottle. The available actions include going to each drawer, so I will start by going to drawer 1 to search for the soapbottle.
</reasoning>

<action>go to",26482, drawer,teacher,9,46622, dryer,21.25,2.862518609581133e-20,1.879528650772233e-12,-45.0
99,98,action 正文,"<reasoning>
I need to put a soapbottle on the toilet. First, I should locate the soapbottle. Since I am in a room with multiple drawers, it is likely that the soapbottle is inside one of them. I should check the drawers to find the soapbottle. The available actions include going to each drawer, so I will start by going to drawer 1 to search for the soapbottle.
</reasoning>

<action>go to",26482, drawer,student,10,95537, dresser,20.875,1.0100883405644017e-20,1.006039218945376e-12,-46.041664123535156
99,98,action 正文,"<reasoning>
I need to put a soapbottle on the toilet. First, I should locate the soapbottle. Since I am in a room with multiple drawers, it is likely that the soapbottle is inside one of them. I should check the drawers to find the soapbottle. The available actions include going to each drawer, so I will start by going to drawer 1 to search for the soapbottle.
</reasoning>

<action>go to",26482, drawer,teacher,10,52071, drawable,20.75,1.244047006419649e-20,1.1399918552548738e-12,-45.83333206176758
100,99,action 正文,"<reasoning>
I need to put a soapbottle on the toilet. First, I should locate the soapbottle. Since I am in a room with multiple drawers, it is likely that the soapbottle is inside one of them. I should check the drawers to find the soapbottle. The available actions include going to each drawer, so I will start by going to drawer 1 to search for the soapbottle.
</reasoning>

<action>go to drawer",220, ,student,1,220, ,59.0,1.0,1.0,0.0
100,99,action 正文,"<reasoning>
I need to put a soapbottle on the toilet. First, I should locate the soapbottle. Since I am in a room with multiple drawers, it is likely that the soapbottle is inside one of them. I should check the drawers to find the soapbottle. The available actions include going to each drawer, so I will start by going to drawer 1 to search for the soapbottle.
</reasoning>

<action>go to drawer",220, ,teacher,1,220, ,58.25,1.0,1.0,0.0
100,99,action 正文,"<reasoning>
I need to put a soapbottle on the toilet. First, I should locate the soapbottle. Since I am in a room with multiple drawers, it is likely that the soapbottle is inside one of them. I should check the drawers to find the soapbottle. The available actions include going to each drawer, so I will start by going to drawer 1 to search for the soapbottle.
</reasoning>

<action>go to drawer",220, ,student,2,16,1,19.0,1.1143859478563727e-29,4.24835413113866e-18,-66.66666412353516
100,99,action 正文,"<reasoning>
I need to put a soapbottle on the toilet. First, I should locate the soapbottle. Since I am in a room with multiple drawers, it is likely that the soapbottle is inside one of them. I should check the drawers to find the soapbottle. The available actions include going to each drawer, so I will start by going to drawer 1 to search for the soapbottle.
</reasoning>

<action>go to drawer",220, ,teacher,2,16,1,19.0,3.8895891573115715e-29,8.993766055444109e-18,-65.41666412353516
100,99,action 正文,"<reasoning>
I need to put a soapbottle on the toilet. First, I should locate the soapbottle. Since I am in a room with multiple drawers, it is likely that the soapbottle is inside one of them. I should check the drawers to find the soapbottle. The available actions include going to each drawer, so I will start by going to drawer 1 to search for the soapbottle.
</reasoning>

<action>go to drawer",220, ,student,3,62,_,13.5,1.1641367795059403e-33,1.7362054152806356e-20,-75.83332824707031
100,99,action 正文,"<reasoning>
I need to put a soapbottle on the toilet. First, I should locate the soapbottle. Since I am in a room with multiple drawers, it is likely that the soapbottle is inside one of them. I should check the drawers to find the soapbottle. The available actions include going to each drawer, so I will start by going to drawer 1 to search for the soapbottle.
</reasoning>

<action>go to drawer",220, ,teacher,3,62,_,13.625,5.004353121229029e-33,4.1649403334400174e-20,-74.375
100,99,action 正文,"<reasoning>
I need to put a soapbottle on the toilet. First, I should locate the soapbottle. Since I am in a room with multiple drawers, it is likely that the soapbottle is inside one of them. I should check the drawers to find the soapbottle. The available actions include going to each drawer, so I will start by going to drawer 1 to search for the soapbottle.
</reasoning>

<action>go to drawer",220, ,student,4,6006, door,12.0625,1.0604878406286735e-34,4.1238491671591654e-21,-78.22916412353516
100,99,action 正文,"<reasoning>
I need to put a soapbottle on the toilet. First, I should locate the soapbottle. Since I am in a room with multiple drawers, it is likely that the soapbottle is inside one of them. I should check the drawers to find the soapbottle. The available actions include going to each drawer, so I will start by going to drawer 1 to search for the soapbottle.
</reasoning>

<action>go to drawer",220, ,teacher,4,93920, �,11.9375,3.0053473766614753e-34,7.704364264286734e-21,-77.1875
100,99,action 正文,"<reasoning>
I need to put a soapbottle on the toilet. First, I should locate the soapbottle. Since I am in a room with multiple drawers, it is likely that the soapbottle is inside one of them. I should check the drawers to find the soapbottle. The available actions include going to each drawer, so I will start by going to drawer 1 to search for the soapbottle.
</reasoning>

<action>go to drawer",220, ,student,5,93920, �,11.9375,8.610464551321452e-35,3.639284098606831e-21,-78.4375
100,99,action 正文,"<reasoning>
I need to put a soapbottle on the toilet. First, I should locate the soapbottle. Since I am in a room with multiple drawers, it is likely that the soapbottle is inside one of them. I should check the drawers to find the soapbottle. The available actions include going to each drawer, so I will start by going to drawer 1 to search for the soapbottle.
</reasoning>

<action>go to drawer",220, ,teacher,5,1599, X,11.25,9.555816278912558e-35,3.873997809109103e-21,-78.33332824707031
100,99,action 正文,"<reasoning>
I need to put a soapbottle on the toilet. First, I should locate the soapbottle. Since I am in a room with multiple drawers, it is likely that the soapbottle is inside one of them. I should check the drawers to find the soapbottle. The available actions include going to each drawer, so I will start by going to drawer 1 to search for the soapbottle.
</reasoning>

<action>go to drawer",220, ,student,6,508, [,11.625,5.114860036494012e-35,2.6625570669018152e-21,-78.95832824707031
100,99,action 正文,"<reasoning>
I need to put a soapbottle on the toilet. First, I should locate the soapbottle. Since I am in a room with multiple drawers, it is likely that the soapbottle is inside one of them. I should check the drawers to find the soapbottle. The available actions include going to each drawer, so I will start by going to drawer 1 to search for the soapbottle.
</reasoning>

<action>go to drawer",220, ,teacher,6,6006, door,11.1875,8.610464551321452e-35,3.639284098606831e-21,-78.4375
100,99,action 正文,"<reasoning>
I need to put a soapbottle on the toilet. First, I should locate the soapbottle. Since I am in a room with multiple drawers, it is likely that the soapbottle is inside one of them. I should check the drawers to find the soapbottle. The available actions include going to each drawer, so I will start by going to drawer 1 to search for the soapbottle.
</reasoning>

<action>go to drawer",220, ,student,7,18137, �,11.4375,3.7421113625161984e-35,2.2073373211011147e-21,-79.27082824707031
100,99,action 正文,"<reasoning>
I need to put a soapbottle on the toilet. First, I should locate the soapbottle. Since I am in a room with multiple drawers, it is likely that the soapbottle is inside one of them. I should check the drawers to find the soapbottle. The available actions include going to each drawer, so I will start by going to drawer 1 to search for the soapbottle.
</reasoning>

<action>go to drawer",220, ,teacher,7,18137, �,11.0,6.29955056431282e-35,3.0170724198855863e-21,-78.75
100,99,action 正文,"<reasoning>
I need to put a soapbottle on the toilet. First, I should locate the soapbottle. Since I am in a room with multiple drawers, it is likely that the soapbottle is inside one of them. I should check the drawers to find the soapbottle. The available actions include going to each drawer, so I will start by going to drawer 1 to search for the soapbottle.
</reasoning>

<action>go to drawer",220, ,student,8,1599, X,11.375,3.371906406291508e-35,2.0736014415381835e-21,-79.375
100,99,action 正文,"<reasoning>
I need to put a soapbottle on the toilet. First, I should locate the soapbottle. Since I am in a room with multiple drawers, it is likely that the soapbottle is inside one of them. I should check the drawers to find the soapbottle. The available actions include going to each drawer, so I will start by going to drawer 1 to search for the soapbottle.
</reasoning>

<action>go to drawer",220, ,teacher,8,198,"
",11.0,6.29955056431282e-35,3.0170724198855863e-21,-78.75
100,99,action 正文,"<reasoning>
I need to put a soapbottle on the toilet. First, I should locate the soapbottle. Since I am in a room with multiple drawers, it is likely that the soapbottle is inside one of them. I should check the drawers to find the soapbottle. The available actions include going to each drawer, so I will start by going to drawer 1 to search for the soapbottle.
</reasoning>

<action>go to drawer",220, ,student,9,320, (,11.25,2.7377871840813123e-35,1.8299470718369496e-21,-79.58332824707031
100,99,action 正文,"<reasoning>
I need to put a soapbottle on the toilet. First, I should locate the soapbottle. Since I am in a room with multiple drawers, it is likely that the soapbottle is inside one of them. I should check the drawers to find the soapbottle. The available actions include going to each drawer, so I will start by going to drawer 1 to search for the soapbottle.
</reasoning>

<action>go to drawer",220, ,teacher,9,508, [,10.9375,5.676382438033539e-35,2.834277217518088e-21,-78.85416412353516
100,99,action 正文,"<reasoning>
I need to put a soapbottle on the toilet. First, I should locate the soapbottle. Since I am in a room with multiple drawers, it is likely that the soapbottle is inside one of them. I should check the drawers to find the soapbottle. The available actions include going to each drawer, so I will start by going to drawer 1 to search for the soapbottle.
</reasoning>

<action>go to drawer",220, ,student,10,198,"
",11.1875,2.466939338135878e-35,1.7190759911348256e-21,-79.6875
100,99,action 正文,"<reasoning>
I need to put a soapbottle on the toilet. First, I should locate the soapbottle. Since I am in a room with multiple drawers, it is likely that the soapbottle is inside one of them. I should check the drawers to find the soapbottle. The available actions include going to each drawer, so I will start by going to drawer 1 to search for the soapbottle.
</reasoning>

<action>go to drawer",220, ,teacher,10,320, (,10.5625,3.0383484048086644e-35,1.947968337296899e-21,-79.47916412353516
101,100,action 正文,"<reasoning>
I need to put a soapbottle on the toilet. First, I should locate the soapbottle. Since I am in a room with multiple drawers, it is likely that the soapbottle is inside one of them. I should check the drawers to find the soapbottle. The available actions include going to each drawer, so I will start by going to drawer 1 to search for the soapbottle.
</reasoning>

<action>go to drawer ",16,1,student,1,16,1,57.5,1.0,1.0,0.0
101,100,action 正文,"<reasoning>
I need to put a soapbottle on the toilet. First, I should locate the soapbottle. Since I am in a room with multiple drawers, it is likely that the soapbottle is inside one of them. I should check the drawers to find the soapbottle. The available actions include going to each drawer, so I will start by going to drawer 1 to search for the soapbottle.
</reasoning>

<action>go to drawer ",16,1,teacher,1,16,1,58.0,1.0,1.0,0.0
101,100,action 正文,"<reasoning>
I need to put a soapbottle on the toilet. First, I should locate the soapbottle. Since I am in a room with multiple drawers, it is likely that the soapbottle is inside one of them. I should check the drawers to find the soapbottle. The available actions include going to each drawer, so I will start by going to drawer 1 to search for the soapbottle.
</reasoning>

<action>go to drawer ",16,1,student,2,17,2,27.625,2.3754999993356537e-22,1.0603575851565739e-13,-49.791664123535156
101,100,action 正文,"<reasoning>
I need to put a soapbottle on the toilet. First, I should locate the soapbottle. Since I am in a room with multiple drawers, it is likely that the soapbottle is inside one of them. I should check the drawers to find the soapbottle. The available actions include going to each drawer, so I will start by going to drawer 1 to search for the soapbottle.
</reasoning>

<action>go to drawer ",16,1,teacher,2,17,2,27.75,1.271513522503601e-22,7.287724433256357e-14,-50.416664123535156
101,100,action 正文,"<reasoning>
I need to put a soapbottle on the toilet. First, I should locate the soapbottle. Since I am in a room with multiple drawers, it is likely that the soapbottle is inside one of them. I should check the drawers to find the soapbottle. The available actions include going to each drawer, so I will start by going to drawer 1 to search for the soapbottle.
</reasoning>

<action>go to drawer ",16,1,student,3,23,8,27.125,1.0323893348564489e-22,6.431393774746635e-14,-50.624996185302734
101,100,action 正文,"<reasoning>
I need to put a soapbottle on the toilet. First, I should locate the soapbottle. Since I am in a room with multiple drawers, it is likely that the soapbottle is inside one of them. I should check the drawers to find the soapbottle. The available actions include going to each drawer, so I will start by going to drawer 1 to search for the soapbottle.
</reasoning>

<action>go to drawer ",16,1,teacher,3,23,8,27.125,4.4867344353215273e-23,3.9008374438584403e-14,-51.45833206176758
101,100,action 正文,"<reasoning>
I need to put a soapbottle on the toilet. First, I should locate the soapbottle. Since I am in a room with multiple drawers, it is likely that the soapbottle is inside one of them. I should check the drawers to find the soapbottle. The available actions include going to each drawer, so I will start by going to drawer 1 to search for the soapbottle.
</reasoning>

<action>go to drawer ",16,1,student,4,18,3,25.25,4.5360022698405625e-24,9.86286180222444e-15,-53.749996185302734
101,100,action 正文,"<reasoning>
I need to put a soapbottle on the toilet. First, I should locate the soapbottle. Since I am in a room with multiple drawers, it is likely that the soapbottle is inside one of them. I should check the drawers to find the soapbottle. The available actions include going to each drawer, so I will start by going to drawer 1 to search for the soapbottle.
</reasoning>

<action>go to drawer ",16,1,teacher,4,18,3,25.625,3.68293558111316e-24,8.703945394560476e-15,-53.95833206176758
101,100,action 正文,"<reasoning>
I need to put a soapbottle on the toilet. First, I should locate the soapbottle. Since I am in a room with multiple drawers, it is likely that the soapbottle is inside one of them. I should check the drawers to find the soapbottle. The available actions include going to each drawer, so I will start by going to drawer 1 to search for the soapbottle.
</reasoning>

<action>go to drawer ",16,1,student,5,20,5,23.625,3.0231491818881547e-25,1.9421125050902077e-15,-56.45832824707031
101,100,action 正文,"<reasoning>
I need to put a soapbottle on the toilet. First, I should locate the soapbottle. Since I am in a room with multiple drawers, it is likely that the soapbottle is inside one of them. I should check the drawers to find the soapbottle. The available actions include going to each drawer, so I will start by going to drawer 1 to search for the soapbottle.
</reasoning>

<action>go to drawer ",16,1,teacher,5,15,0,23.875,1.9929727675316408e-25,1.5125188877038631e-15,-56.875
101,100,action 正文,"<reasoning>
I need to put a soapbottle on the toilet. First, I should locate the soapbottle. Since I am in a room with multiple drawers, it is likely that the soapbottle is inside one of them. I should check the drawers to find the soapbottle. The available actions include going to each drawer, so I will start by going to drawer 1 to search for the soapbottle.
</reasoning>

<action>go to drawer ",16,1,student,6,15,0,23.625,3.0231491818881547e-25,1.9421125050902077e-15,-56.45832824707031
101,100,action 正文,"<reasoning>
I need to put a soapbottle on the toilet. First, I should locate the soapbottle. Since I am in a room with multiple drawers, it is likely that the soapbottle is inside one of them. I should check the drawers to find the soapbottle. The available actions include going to each drawer, so I will start by going to drawer 1 to search for the soapbottle.
</reasoning>

<action>go to drawer ",16,1,teacher,6,20,5,23.75,1.6181689277240008e-25,1.334793164161545e-15,-57.08333206176758
101,100,action 正文,"<reasoning>
I need to put a soapbottle on the toilet. First, I should locate the soapbottle. Since I am in a room with multiple drawers, it is likely that the soapbottle is inside one of them. I should check the drawers to find the soapbottle. The available actions include going to each drawer, so I will start by going to drawer 1 to search for the soapbottle.
</reasoning>

<action>go to drawer ",16,1,student,7,21,6,23.625,3.0231491818881547e-25,1.9421125050902077e-15,-56.45832824707031
101,100,action 正文,"<reasoning>
I need to put a soapbottle on the toilet. First, I should locate the soapbottle. Since I am in a room with multiple drawers, it is likely that the soapbottle is inside one of them. I should check the drawers to find the soapbottle. The available actions include going to each drawer, so I will start by going to drawer 1 to search for the soapbottle.
</reasoning>

<action>go to drawer ",16,1,teacher,7,21,6,23.625,1.3138519052096377e-25,1.1779508261755447e-15,-57.291664123535156
101,100,action 正文,"<reasoning>
I need to put a soapbottle on the toilet. First, I should locate the soapbottle. Since I am in a room with multiple drawers, it is likely that the soapbottle is inside one of them. I should check the drawers to find the soapbottle. The available actions include going to each drawer, so I will start by going to drawer 1 to search for the soapbottle.
</reasoning>

<action>go to drawer ",16,1,student,8,19,4,23.125,1.3138519052096377e-25,1.1779508261755447e-15,-57.291664123535156
101,100,action 正文,"<reasoning>
I need to put a soapbottle on the toilet. First, I should locate the soapbottle. Since I am in a room with multiple drawers, it is likely that the soapbottle is inside one of them. I should check the drawers to find the soapbottle. The available actions include going to each drawer, so I will start by going to drawer 1 to search for the soapbottle.
</reasoning>

<action>go to drawer ",16,1,teacher,8,30986,₁,23.375,8.661434510639766e-26,9.173890920400186e-16,-57.70833206176758
101,100,action 正文,"<reasoning>
I need to put a soapbottle on the toilet. First, I should locate the soapbottle. Since I am in a room with multiple drawers, it is likely that the soapbottle is inside one of them. I should check the drawers to find the soapbottle. The available actions include going to each drawer, so I will start by going to drawer 1 to search for the soapbottle.
</reasoning>

<action>go to drawer ",16,1,student,9,30986,₁,22.875,8.661467790709205e-26,9.173890920400186e-16,-57.70832824707031
101,100,action 正文,"<reasoning>
I need to put a soapbottle on the toilet. First, I should locate the soapbottle. Since I am in a room with multiple drawers, it is likely that the soapbottle is inside one of them. I should check the drawers to find the soapbottle. The available actions include going to each drawer, so I will start by going to drawer 1 to search for the soapbottle.
</reasoning>

<action>go to drawer ",16,1,teacher,9,19,4,23.25,7.032542128244934e-26,8.095930321944762e-16,-57.916664123535156
101,100,action 正文,"<reasoning>
I need to put a soapbottle on the toilet. First, I should locate the soapbottle. Since I am in a room with multiple drawers, it is likely that the soapbottle is inside one of them. I should check the drawers to find the soapbottle. The available actions include going to each drawer, so I will start by going to drawer 1 to search for the soapbottle.
</reasoning>

<action>go to drawer ",16,1,student,10,22,7,22.375,3.7642485652323186e-26,5.564245721995e-16,-58.541664123535156
101,100,action 正文,"<reasoning>
I need to put a soapbottle on the toilet. First, I should locate the soapbottle. Since I am in a room with multiple drawers, it is likely that the soapbottle is inside one of them. I should check the drawers to find the soapbottle. The available actions include going to each drawer, so I will start by going to drawer 1 to search for the soapbottle.
</reasoning>

<action>go to drawer ",16,1,teacher,10,24,9,22.375,1.63593157930437e-26,3.37488578190892e-16,-59.375
102,101,</action> 标签/边界,"<reasoning>
I need to put a soapbottle on the toilet. First, I should locate the soapbottle. Since I am in a room with multiple drawers, it is likely that the soapbottle is inside one of them. I should check the drawers to find the soapbottle. The available actions include going to each drawer, so I will start by going to drawer 1 to search for the soapbottle.
</reasoning>

<action>go to drawer 1",522,</,student,1,522,</,50.0,1.0,1.0,0.0
102,101,</action> 标签/边界,"<reasoning>
I need to put a soapbottle on the toilet. First, I should locate the soapbottle. Since I am in a room with multiple drawers, it is likely that the soapbottle is inside one of them. I should check the drawers to find the soapbottle. The available actions include going to each drawer, so I will start by going to drawer 1 to search for the soapbottle.
</reasoning>

<action>go to drawer 1",522,</,teacher,1,522,</,46.0,1.0,1.0,0.0
102,101,</action> 标签/边界,"<reasoning>
I need to put a soapbottle on the toilet. First, I should locate the soapbottle. Since I am in a room with multiple drawers, it is likely that the soapbottle is inside one of them. I should check the drawers to find the soapbottle. The available actions include going to each drawer, so I will start by going to drawer 1 to search for the soapbottle.
</reasoning>

<action>go to drawer 1",522,</,student,2,690, </,26.125,5.232386799395524e-18,4.2777878461741636e-11,-39.791664123535156
102,101,</action> 标签/边界,"<reasoning>
I need to put a soapbottle on the toilet. First, I should locate the soapbottle. Since I am in a room with multiple drawers, it is likely that the soapbottle is inside one of them. I should check the drawers to find the soapbottle. The available actions include going to each drawer, so I will start by going to drawer 1 to search for the soapbottle.
</reasoning>

<action>go to drawer 1",522,</,teacher,2,690, </,24.0,1.1908857074943875e-16,2.789468100949932e-10,-36.666664123535156
102,101,</action> 标签/边界,"<reasoning>
I need to put a soapbottle on the toilet. First, I should locate the soapbottle. Since I am in a room with multiple drawers, it is likely that the soapbottle is inside one of them. I should check the drawers to find the soapbottle. The available actions include going to each drawer, so I will start by going to drawer 1 to search for the soapbottle.
</reasoning>

<action>go to drawer 1",522,</,student,3,30961,]</,25.0,8.024125502665055e-19,1.3887944613766301e-11,-41.666664123535156
102,101,</action> 标签/边界,"<reasoning>
I need to put a soapbottle on the toilet. First, I should locate the soapbottle. Since I am in a room with multiple drawers, it is likely that the soapbottle is inside one of them. I should check the drawers to find the soapbottle. The available actions include going to each drawer, so I will start by going to drawer 1 to search for the soapbottle.
</reasoning>

<action>go to drawer 1",522,</,teacher,3,30961,]</,22.625,1.2039580728484816e-17,7.052879807956103e-11,-38.95833206176758
102,101,</action> 标签/边界,"<reasoning>
I need to put a soapbottle on the toilet. First, I should locate the soapbottle. Since I am in a room with multiple drawers, it is likely that the soapbottle is inside one of them. I should check the drawers to find the soapbottle. The available actions include going to each drawer, so I will start by going to drawer 1 to search for the soapbottle.
</reasoning>

<action>go to drawer 1",522,</,student,4,52508,%</,23.875,1.230539340887114e-19,4.508755348242577e-12,-43.541664123535156
102,101,</action> 标签/边界,"<reasoning>
I need to put a soapbottle on the toilet. First, I should locate the soapbottle. Since I am in a room with multiple drawers, it is likely that the soapbottle is inside one of them. I should check the drawers to find the soapbottle. The available actions include going to each drawer, so I will start by going to drawer 1 to search for the soapbottle.
</reasoning>

<action>go to drawer 1",522,</,teacher,4,52508,%</,22.5,9.775385559857716e-18,6.224144116773189e-11,-39.166664123535156
102,101,</action> 标签/边界,"<reasoning>
I need to put a soapbottle on the toilet. First, I should locate the soapbottle. Since I am in a room with multiple drawers, it is likely that the soapbottle is inside one of them. I should check the drawers to find the soapbottle. The available actions include going to each drawer, so I will start by going to drawer 1 to search for the soapbottle.
</reasoning>

<action>go to drawer 1",522,</,student,5,11347,;</,23.875,1.230539340887114e-19,4.508755348242577e-12,-43.541664123535156
102,101,</action> 标签/边界,"<reasoning>
I need to put a soapbottle on the toilet. First, I should locate the soapbottle. Since I am in a room with multiple drawers, it is likely that the soapbottle is inside one of them. I should check the drawers to find the soapbottle. The available actions include going to each drawer, so I will start by going to drawer 1 to search for the soapbottle.
</reasoning>

<action>go to drawer 1",522,</,teacher,5,19686,'</,22.0,4.24835413113866e-18,3.775134718719819e-11,-40.0
102,101,</action> 标签/边界,"<reasoning>
I need to put a soapbottle on the toilet. First, I should locate the soapbottle. Since I am in a room with multiple drawers, it is likely that the soapbottle is inside one of them. I should check the drawers to find the soapbottle. The available actions include going to each drawer, so I will start by going to drawer 1 to search for the soapbottle.
</reasoning>

<action>go to drawer 1",522,</,student,6,5361,}</,23.75,9.991209596177142e-20,3.978962558742749e-12,-43.749996185302734
102,101,</action> 标签/边界,"<reasoning>
I need to put a soapbottle on the toilet. First, I should locate the soapbottle. Since I am in a room with multiple drawers, it is likely that the soapbottle is inside one of them. I should check the drawers to find the soapbottle. The available actions include going to each drawer, so I will start by going to drawer 1 to search for the soapbottle.
</reasoning>

<action>go to drawer 1",522,</,teacher,6,86661,()</,21.75,2.800694794556796e-18,2.940077695190446e-11,-40.416664123535156
102,101,</action> 标签/边界,"<reasoning>
I need to put a soapbottle on the toilet. First, I should locate the soapbottle. Since I am in a room with multiple drawers, it is likely that the soapbottle is inside one of them. I should check the drawers to find the soapbottle. The available actions include going to each drawer, so I will start by going to drawer 1 to search for the soapbottle.
</reasoning>

<action>go to drawer 1",522,</,student,7,19686,'</,23.625,8.112236523020262e-20,3.511422055901825e-12,-43.95832824707031
102,101,</action> 标签/边界,"<reasoning>
I need to put a soapbottle on the toilet. First, I should locate the soapbottle. Since I am in a room with multiple drawers, it is likely that the soapbottle is inside one of them. I should check the drawers to find the soapbottle. The available actions include going to each drawer, so I will start by going to drawer 1 to search for the soapbottle.
</reasoning>

<action>go to drawer 1",522,</,teacher,7,5361,}</,21.5,1.8463295793546055e-18,2.2897348947448215e-11,-40.83333206176758
102,101,</action> 标签/边界,"<reasoning>
I need to put a soapbottle on the toilet. First, I should locate the soapbottle. Since I am in a room with multiple drawers, it is likely that the soapbottle is inside one of them. I should check the drawers to find the soapbottle. The available actions include going to each drawer, so I will start by going to drawer 1 to search for the soapbottle.
</reasoning>

<action>go to drawer 1",522,</,student,8,86661,()</,23.375,5.347909422028002e-20,2.734698101650168e-12,-44.374996185302734
102,101,</action> 标签/边界,"<reasoning>
I need to put a soapbottle on the toilet. First, I should locate the soapbottle. Since I am in a room with multiple drawers, it is likely that the soapbottle is inside one of them. I should check the drawers to find the soapbottle. The available actions include going to each drawer, so I will start by going to drawer 1 to search for the soapbottle.
</reasoning>

<action>go to drawer 1",522,</,teacher,8,1472,></,21.375,1.4991040770207977e-18,2.020683967374204e-11,-41.041664123535156
102,101,</action> 标签/边界,"<reasoning>
I need to put a soapbottle on the toilet. First, I should locate the soapbottle. Since I am in a room with multiple drawers, it is likely that the soapbottle is inside one of them. I should check the drawers to find the soapbottle. The available actions include going to each drawer, so I will start by going to drawer 1 to search for the soapbottle.
</reasoning>

<action>go to drawer 1",522,</,student,9,1472,></,23.25,4.342167657088625e-20,2.4133626954497833e-12,-44.58332824707031
102,101,</action> 标签/边界,"<reasoning>
I need to put a soapbottle on the toilet. First, I should locate the soapbottle. Since I am in a room with multiple drawers, it is likely that the soapbottle is inside one of them. I should check the drawers to find the soapbottle. The available actions include going to each drawer, so I will start by going to drawer 1 to search for the soapbottle.
</reasoning>

<action>go to drawer 1",522,</,teacher,9,21522,"""</",21.375,1.4991040770207977e-18,2.020683967374204e-11,-41.041664123535156
102,101,</action> 标签/边界,"<reasoning>
I need to put a soapbottle on the toilet. First, I should locate the soapbottle. Since I am in a room with multiple drawers, it is likely that the soapbottle is inside one of them. I should check the drawers to find the soapbottle. The available actions include going to each drawer, so I will start by going to drawer 1 to search for the soapbottle.
</reasoning>

<action>go to drawer 1",522,</,student,10,12533,)</,22.875,2.3241947983691645e-20,1.6586784029604118e-12,-45.20832824707031
102,101,</action> 标签/边界,"<reasoning>
I need to put a soapbottle on the toilet. First, I should locate the soapbottle. Since I am in a room with multiple drawers, it is likely that the soapbottle is inside one of them. I should check the drawers to find the soapbottle. The available actions include going to each drawer, so I will start by going to drawer 1 to search for the soapbottle.
</reasoning>

<action>go to drawer 1",522,</,teacher,10,11347,;</,21.25,1.2171738340976647e-18,1.783247334519178e-11,-41.25
103,102,</action> 标签/边界,"<reasoning>
I need to put a soapbottle on the toilet. First, I should locate the soapbottle. Since I am in a room with multiple drawers, it is likely that the soapbottle is inside one of them. I should check the drawers to find the soapbottle. The available actions include going to each drawer, so I will start by going to drawer 1 to search for the soapbottle.
</reasoning>

<action>go to drawer 1</",1311,action,student,1,1311,action,47.0,1.0,1.0,0.0
103,102,</action> 标签/边界,"<reasoning>
I need to put a soapbottle on the toilet. First, I should locate the soapbottle. Since I am in a room with multiple drawers, it is likely that the soapbottle is inside one of them. I should check the drawers to find the soapbottle. The available actions include going to each drawer, so I will start by going to drawer 1 to search for the soapbottle.
</reasoning>

<action>go to drawer 1</",1311,action,teacher,1,1311,action,47.5,1.0,1.0,0.0
103,102,</action> 标签/边界,"<reasoning>
I need to put a soapbottle on the toilet. First, I should locate the soapbottle. Since I am in a room with multiple drawers, it is likely that the soapbottle is inside one of them. I should check the drawers to find the soapbottle. The available actions include going to each drawer, so I will start by going to drawer 1 to search for the soapbottle.
</reasoning>

<action>go to drawer 1</",1311,action,student,2,1917, action,27.5,7.681234425913844e-15,3.3982678893096363e-09,-32.499996185302734
103,102,</action> 标签/边界,"<reasoning>
I need to put a soapbottle on the toilet. First, I should locate the soapbottle. Since I am in a room with multiple drawers, it is likely that the soapbottle is inside one of them. I should check the drawers to find the soapbottle. The available actions include going to each drawer, so I will start by going to drawer 1 to search for the soapbottle.
</reasoning>

<action>go to drawer 1</",1311,action,teacher,2,1917, action,27.625,4.111452609709696e-15,2.335593052293916e-09,-33.125
103,102,</action> 标签/边界,"<reasoning>
I need to put a soapbottle on the toilet. First, I should locate the soapbottle. Since I am in a room with multiple drawers, it is likely that the soapbottle is inside one of them. I should check the drawers to find the soapbottle. The available actions include going to each drawer, so I will start by going to drawer 1 to search for the soapbottle.
</reasoning>

<action>go to drawer 1</",1311,action,student,3,12395,.action,26.875,2.7104433860503747e-15,1.8189616479702408e-09,-33.541664123535156
103,102,</action> 标签/边界,"<reasoning>
I need to put a soapbottle on the toilet. First, I should locate the soapbottle. Since I am in a room with multiple drawers, it is likely that the soapbottle is inside one of them. I should check the drawers to find the soapbottle. The available actions include going to each drawer, so I will start by going to drawer 1 to search for the soapbottle.
</reasoning>

<action>go to drawer 1</",1311,action,teacher,3,12395,.action,27.125,1.7868323076171812e-15,1.4166087192180044e-09,-33.95833206176758
103,102,</action> 标签/边界,"<reasoning>
I need to put a soapbottle on the toilet. First, I should locate the soapbottle. Since I am in a room with multiple drawers, it is likely that the soapbottle is inside one of them. I should check the drawers to find the soapbottle. The available actions include going to each drawer, so I will start by going to drawer 1 to search for the soapbottle.
</reasoning>

<action>go to drawer 1</",1311,action,student,4,100675,行动,25.875,5.119379782932306e-16,6.691586174056852e-10,-35.20832824707031
103,102,</action> 标签/边界,"<reasoning>
I need to put a soapbottle on the toilet. First, I should locate the soapbottle. Since I am in a room with multiple drawers, it is likely that the soapbottle is inside one of them. I should check the drawers to find the soapbottle. The available actions include going to each drawer, so I will start by going to drawer 1 to search for the soapbottle.
</reasoning>

<action>go to drawer 1</",1311,action,teacher,4,100675,行动,26.625,7.765550944219734e-16,8.592166977905435e-10,-34.791664123535156
103,102,</action> 标签/边界,"<reasoning>
I need to put a soapbottle on the toilet. First, I should locate the soapbottle. Since I am in a room with multiple drawers, it is likely that the soapbottle is inside one of them. I should check the drawers to find the soapbottle. The available actions include going to each drawer, so I will start by going to drawer 1 to search for the soapbottle.
</reasoning>

<action>go to drawer 1</",1311,action,student,5,25059,-action,25.0,1.1908857074943875e-16,2.789468100949932e-10,-36.666664123535156
103,102,</action> 标签/边界,"<reasoning>
I need to put a soapbottle on the toilet. First, I should locate the soapbottle. Since I am in a room with multiple drawers, it is likely that the soapbottle is inside one of them. I should check the drawers to find the soapbottle. The available actions include going to each drawer, so I will start by going to drawer 1 to search for the soapbottle.
</reasoning>

<action>go to drawer 1</",1311,action,teacher,5,25059,-action,25.125,6.374352400262648e-17,1.917171560394948e-10,-37.291664123535156
103,102,</action> 标签/边界,"<reasoning>
I need to put a soapbottle on the toilet. First, I should locate the soapbottle. Since I am in a room with multiple drawers, it is likely that the soapbottle is inside one of them. I should check the drawers to find the soapbottle. The available actions include going to each drawer, so I will start by going to drawer 1 to search for the soapbottle.
</reasoning>

<action>go to drawer 1</",1311,action,student,6,15306,(action,24.625,6.374352400262648e-17,1.917171560394948e-10,-37.291664123535156
103,102,</action> 标签/边界,"<reasoning>
I need to put a soapbottle on the toilet. First, I should locate the soapbottle. Since I am in a room with multiple drawers, it is likely that the soapbottle is inside one of them. I should check the drawers to find the soapbottle. The available actions include going to each drawer, so I will start by going to drawer 1 to search for the soapbottle.
</reasoning>

<action>go to drawer 1</",1311,action,teacher,6,2512,Action,24.875,4.20222640427964e-17,1.493094675675266e-10,-37.70833206176758
103,102,</action> 标签/边界,"<reasoning>
I need to put a soapbottle on the toilet. First, I should locate the soapbottle. Since I am in a room with multiple drawers, it is likely that the soapbottle is inside one of them. I should check the drawers to find the soapbottle. The available actions include going to each drawer, so I will start by going to drawer 1 to search for the soapbottle.
</reasoning>

<action>go to drawer 1</",1311,action,student,7,2512,Action,24.625,6.374352400262648e-17,1.917171560394948e-10,-37.291664123535156
103,102,</action> 标签/边界,"<reasoning>
I need to put a soapbottle on the toilet. First, I should locate the soapbottle. Since I am in a room with multiple drawers, it is likely that the soapbottle is inside one of them. I should check the drawers to find the soapbottle. The available actions include going to each drawer, so I will start by going to drawer 1 to search for the soapbottle.
</reasoning>

<action>go to drawer 1</",1311,action,teacher,7,15306,(action,24.75,3.411944664491378e-17,1.3176514046531196e-10,-37.916664123535156
103,102,</action> 标签/边界,"<reasoning>
I need to put a soapbottle on the toilet. First, I should locate the soapbottle. Since I am in a room with multiple drawers, it is likely that the soapbottle is inside one of them. I should check the drawers to find the soapbottle. The available actions include going to each drawer, so I will start by going to drawer 1 to search for the soapbottle.
</reasoning>

<action>go to drawer 1</",1311,action,student,8,7931,_action,24.0,2.2492984729756322e-17,1.0261879540562902e-10,-38.33332824707031
103,102,</action> 标签/边界,"<reasoning>
I need to put a soapbottle on the toilet. First, I should locate the soapbottle. Since I am in a room with multiple drawers, it is likely that the soapbottle is inside one of them. I should check the drawers to find the soapbottle. The available actions include going to each drawer, so I will start by going to drawer 1 to search for the soapbottle.
</reasoning>

<action>go to drawer 1</",1311,action,teacher,8,38933,	action,24.375,1.8262824436190766e-17,9.056077415747765e-11,-38.541664123535156
103,102,</action> 标签/边界,"<reasoning>
I need to put a soapbottle on the toilet. First, I should locate the soapbottle. Since I am in a room with multiple drawers, it is likely that the soapbottle is inside one of them. I should check the drawers to find the soapbottle. The available actions include going to each drawer, so I will start by going to drawer 1 to search for the soapbottle.
</reasoning>

<action>go to drawer 1</",1311,action,student,9,38933,	action,23.875,1.8262824436190766e-17,9.056077415747765e-11,-38.541664123535156
103,102,</action> 标签/边界,"<reasoning>
I need to put a soapbottle on the toilet. First, I should locate the soapbottle. Since I am in a room with multiple drawers, it is likely that the soapbottle is inside one of them. I should check the drawers to find the soapbottle. The available actions include going to each drawer, so I will start by going to drawer 1 to search for the soapbottle.
</reasoning>

<action>go to drawer 1</",1311,action,teacher,9,7931,_action,24.125,1.2039580728484816e-17,7.052879807956103e-11,-38.95833206176758
103,102,</action> 标签/边界,"<reasoning>
I need to put a soapbottle on the toilet. First, I should locate the soapbottle. Since I am in a room with multiple drawers, it is likely that the soapbottle is inside one of them. I should check the drawers to find the soapbottle. The available actions include going to each drawer, so I will start by going to drawer 1 to search for the soapbottle.
</reasoning>

<action>go to drawer 1</",1311,action,student,10,4020,actions,22.0,8.024125502665055e-19,1.3887944613766301e-11,-41.666664123535156
103,102,</action> 标签/边界,"<reasoning>
I need to put a soapbottle on the toilet. First, I should locate the soapbottle. Since I am in a room with multiple drawers, it is likely that the soapbottle is inside one of them. I should check the drawers to find the soapbottle. The available actions include going to each drawer, so I will start by going to drawer 1 to search for the soapbottle.
</reasoning>

<action>go to drawer 1</",1311,action,teacher,10,4020,actions,22.375,6.515062171069119e-19,1.2256066821147993e-11,-41.875
104,103,</action> 标签/边界,"<reasoning>
I need to put a soapbottle on the toilet. First, I should locate the soapbottle. Since I am in a room with multiple drawers, it is likely that the soapbottle is inside one of them. I should check the drawers to find the soapbottle. The available actions include going to each drawer, so I will start by going to drawer 1 to search for the soapbottle.
</reasoning>

<action>go to drawer 1</action",29,>,student,1,29,>,44.75,1.0,1.0,0.0
104,103,</action> 标签/边界,"<reasoning>
I need to put a soapbottle on the toilet. First, I should locate the soapbottle. Since I am in a room with multiple drawers, it is likely that the soapbottle is inside one of them. I should check the drawers to find the soapbottle. The available actions include going to each drawer, so I will start by going to drawer 1 to search for the soapbottle.
</reasoning>

<action>go to drawer 1</action",29,>,teacher,1,29,>,45.25,1.0,1.0,0.0
104,103,</action> 标签/边界,"<reasoning>
I need to put a soapbottle on the toilet. First, I should locate the soapbottle. Since I am in a room with multiple drawers, it is likely that the soapbottle is inside one of them. I should check the drawers to find the soapbottle. The available actions include going to each drawer, so I will start by going to drawer 1 to search for the soapbottle.
</reasoning>

<action>go to drawer 1</action",29,>,student,2,397,">
",26.125,3.301996330984554e-14,8.152020392060422e-09,-31.041664123535156
104,103,</action> 标签/边界,"<reasoning>
I need to put a soapbottle on the toilet. First, I should locate the soapbottle. Since I am in a room with multiple drawers, it is likely that the soapbottle is inside one of them. I should check the drawers to find the soapbottle. The available actions include going to each drawer, so I will start by going to drawer 1 to search for the soapbottle.
</reasoning>

<action>go to drawer 1</action",29,>,teacher,2,397,">
",26.75,4.066811516993847e-14,9.23744991609965e-09,-30.833332061767578
104,103,</action> 标签/边界,"<reasoning>
I need to put a soapbottle on the toilet. First, I should locate the soapbottle. Since I am in a room with multiple drawers, it is likely that the soapbottle is inside one of them. I should check the drawers to find the soapbottle. The available actions include going to each drawer, so I will start by going to drawer 1 to search for the soapbottle.
</reasoning>

<action>go to drawer 1</action",29,>,student,3,53529,>],25.125,6.2366807207438375e-15,2.998960857425459e-09,-32.70832824707031
104,103,</action> 标签/边界,"<reasoning>
I need to put a soapbottle on the toilet. First, I should locate the soapbottle. Since I am in a room with multiple drawers, it is likely that the soapbottle is inside one of them. I should check the drawers to find the soapbottle. The available actions include going to each drawer, so I will start by going to drawer 1 to search for the soapbottle.
</reasoning>

<action>go to drawer 1</action",29,>,teacher,3,13555,>(),25.375,4.111452609709696e-15,2.335593052293916e-09,-33.125
104,103,</action> 标签/边界,"<reasoning>
I need to put a soapbottle on the toilet. First, I should locate the soapbottle. Since I am in a room with multiple drawers, it is likely that the soapbottle is inside one of them. I should check the drawers to find the soapbottle. The available actions include going to each drawer, so I will start by going to drawer 1 to search for the soapbottle.
</reasoning>

<action>go to drawer 1</action",29,>,student,4,13555,>(),25.0,5.063775140439495e-15,2.646573848963385e-09,-32.916664123535156
104,103,</action> 标签/边界,"<reasoning>
I need to put a soapbottle on the toilet. First, I should locate the soapbottle. Since I am in a room with multiple drawers, it is likely that the soapbottle is inside one of them. I should check the drawers to find the soapbottle. The available actions include going to each drawer, so I will start by going to drawer 1 to search for the soapbottle.
</reasoning>

<action>go to drawer 1</action",29,>,teacher,4,53529,>],25.125,2.7104433860503747e-15,1.8189616479702408e-09,-33.541664123535156
104,103,</action> 标签/边界,"<reasoning>
I need to put a soapbottle on the toilet. First, I should locate the soapbottle. Since I am in a room with multiple drawers, it is likely that the soapbottle is inside one of them. I should check the drawers to find the soapbottle. The available actions include going to each drawer, so I will start by going to drawer 1 to search for the soapbottle.
</reasoning>

<action>go to drawer 1</action",29,>,student,5,1339,">

",24.625,2.7104433860503747e-15,1.8189616479702408e-09,-33.541664123535156
104,103,</action> 标签/边界,"<reasoning>
I need to put a soapbottle on the toilet. First, I should locate the soapbottle. Since I am in a room with multiple drawers, it is likely that the soapbottle is inside one of them. I should check the drawers to find the soapbottle. The available actions include going to each drawer, so I will start by going to drawer 1 to search for the soapbottle.
</reasoning>

<action>go to drawer 1</action",29,>,teacher,5,1339,">

",24.75,1.450795808595679e-15,1.2501528701136522e-09,-34.166664123535156
104,103,</action> 标签/边界,"<reasoning>
I need to put a soapbottle on the toilet. First, I should locate the soapbottle. Since I am in a room with multiple drawers, it is likely that the soapbottle is inside one of them. I should check the drawers to find the soapbottle. The available actions include going to each drawer, so I will start by going to drawer 1 to search for the soapbottle.
</reasoning>

<action>go to drawer 1</action",29,>,student,6,9231,>),24.375,1.7868390838807592e-15,1.4166087192180044e-09,-33.95832824707031
104,103,</action> 标签/边界,"<reasoning>
I need to put a soapbottle on the toilet. First, I should locate the soapbottle. Since I am in a room with multiple drawers, it is likely that the soapbottle is inside one of them. I should check the drawers to find the soapbottle. The available actions include going to each drawer, so I will start by going to drawer 1 to search for the soapbottle.
</reasoning>

<action>go to drawer 1</action",29,>,teacher,6,9231,>),24.625,1.1779508261755447e-15,1.1032560420787263e-09,-34.375
104,103,</action> 标签/边界,"<reasoning>
I need to put a soapbottle on the toilet. First, I should locate the soapbottle. Since I am in a room with multiple drawers, it is likely that the soapbottle is inside one of them. I should check the drawers to find the soapbottle. The available actions include going to each drawer, so I will start by going to drawer 1 to search for the soapbottle.
</reasoning>

<action>go to drawer 1</action",29,>,student,7,43626,>`,24.375,1.7868390838807592e-15,1.4166087192180044e-09,-33.95832824707031
104,103,</action> 标签/边界,"<reasoning>
I need to put a soapbottle on the toilet. First, I should locate the soapbottle. Since I am in a room with multiple drawers, it is likely that the soapbottle is inside one of them. I should check the drawers to find the soapbottle. The available actions include going to each drawer, so I will start by going to drawer 1 to search for the soapbottle.
</reasoning>

<action>go to drawer 1</action",29,>,teacher,7,43626,>`,24.375,7.765550944219734e-16,8.592166977905435e-10,-34.791664123535156
104,103,</action> 标签/边界,"<reasoning>
I need to put a soapbottle on the toilet. First, I should locate the soapbottle. Since I am in a room with multiple drawers, it is likely that the soapbottle is inside one of them. I should check the drawers to find the soapbottle. The available actions include going to each drawer, so I will start by going to drawer 1 to search for the soapbottle.
</reasoning>

<action>go to drawer 1</action",29,>,student,8,52038,>},23.875,7.765550944219734e-16,8.592166977905435e-10,-34.791664123535156
104,103,</action> 标签/边界,"<reasoning>
I need to put a soapbottle on the toilet. First, I should locate the soapbottle. Since I am in a room with multiple drawers, it is likely that the soapbottle is inside one of them. I should check the drawers to find the soapbottle. The available actions include going to each drawer, so I will start by going to drawer 1 to search for the soapbottle.
</reasoning>

<action>go to drawer 1</action",29,>,teacher,8,52038,>},24.0,4.156599518737909e-16,5.905304023556823e-10,-35.416664123535156
104,103,</action> 标签/边界,"<reasoning>
I need to put a soapbottle on the toilet. First, I should locate the soapbottle. Since I am in a room with multiple drawers, it is likely that the soapbottle is inside one of them. I should check the drawers to find the soapbottle. The available actions include going to each drawer, so I will start by going to drawer 1 to search for the soapbottle.
</reasoning>

<action>go to drawer 1</action",29,>,student,9,47585,>?,23.75,6.305140676398009e-16,7.582560135332983e-10,-34.999996185302734
104,103,</action> 标签/边界,"<reasoning>
I need to put a soapbottle on the toilet. First, I should locate the soapbottle. Since I am in a room with multiple drawers, it is likely that the soapbottle is inside one of them. I should check the drawers to find the soapbottle. The available actions include going to each drawer, so I will start by going to drawer 1 to search for the soapbottle.
</reasoning>

<action>go to drawer 1</action",29,>,teacher,9,47585,>?,23.875,3.37488578190892e-16,5.211412412720051e-10,-35.625
104,103,</action> 标签/边界,"<reasoning>
I need to put a soapbottle on the toilet. First, I should locate the soapbottle. Since I am in a room with multiple drawers, it is likely that the soapbottle is inside one of them. I should check the drawers to find the soapbottle. The available actions include going to each drawer, so I will start by going to drawer 1 to search for the soapbottle.
</reasoning>

<action>go to drawer 1</action",29,>,student,10,9877,">""",23.125,2.2248675612349805e-16,4.05865202557365e-10,-36.041664123535156
104,103,</action> 标签/边界,"<reasoning>
I need to put a soapbottle on the toilet. First, I should locate the soapbottle. Since I am in a room with multiple drawers, it is likely that the soapbottle is inside one of them. I should check the drawers to find the soapbottle. The available actions include going to each drawer, so I will start by going to drawer 1 to search for the soapbottle.
</reasoning>

<action>go to drawer 1</action",29,>,teacher,10,82254,＞,23.5,1.806446255483361e-16,3.581747953784742e-10,-36.25
105,104,结束 token,"<reasoning>
I need to put a soapbottle on the toilet. First, I should locate the soapbottle. Since I am in a room with multiple drawers, it is likely that the soapbottle is inside one of them. I should check the drawers to find the soapbottle. The available actions include going to each drawer, so I will start by going to drawer 1 to search for the soapbottle.
</reasoning>

<action>go to drawer 1</action>",151645,<|im_end|>,student,1,151645,<|im_end|>,34.25,1.0,0.9999990463256836,0.0
105,104,结束 token,"<reasoning>
I need to put a soapbottle on the toilet. First, I should locate the soapbottle. Since I am in a room with multiple drawers, it is likely that the soapbottle is inside one of them. I should check the drawers to find the soapbottle. The available actions include going to each drawer, so I will start by going to drawer 1 to search for the soapbottle.
</reasoning>

<action>go to drawer 1</action>",151645,<|im_end|>,teacher,1,151645,<|im_end|>,34.0,1.0,0.9999985694885254,0.0
105,104,结束 token,"<reasoning>
I need to put a soapbottle on the toilet. First, I should locate the soapbottle. Since I am in a room with multiple drawers, it is likely that the soapbottle is inside one of them. I should check the drawers to find the soapbottle. The available actions include going to each drawer, so I will start by going to drawer 1 to search for the soapbottle.
</reasoning>

<action>go to drawer 1</action>",151645,<|im_end|>,student,2,151668,</think>,20.125,5.970125782628344e-11,7.338207979046274e-07,-23.541667938232422
105,104,结束 token,"<reasoning>
I need to put a soapbottle on the toilet. First, I should locate the soapbottle. Since I am in a room with multiple drawers, it is likely that the soapbottle is inside one of them. I should check the drawers to find the soapbottle. The available actions include going to each drawer, so I will start by going to drawer 1 to search for the soapbottle.
</reasoning>

<action>go to drawer 1</action>",151645,<|im_end|>,teacher,2,151668,</think>,20.0,7.35296754039716e-11,8.315279274029308e-07,-23.333332061767578
105,104,结束 token,"<reasoning>
I need to put a soapbottle on the toilet. First, I should locate the soapbottle. Since I am in a room with multiple drawers, it is likely that the soapbottle is inside one of them. I should check the drawers to find the soapbottle. The available actions include going to each drawer, so I will start by going to drawer 1 to search for the soapbottle.
</reasoning>

<action>go to drawer 1</action>",151645,<|im_end|>,student,3,151665,<tool_response>,17.875,1.4040418133687282e-12,7.734421814120651e-08,-27.29166603088379
105,104,结束 token,"<reasoning>
I need to put a soapbottle on the toilet. First, I should locate the soapbottle. Since I am in a room with multiple drawers, it is likely that the soapbottle is inside one of them. I should check the drawers to find the soapbottle. The available actions include going to each drawer, so I will start by going to drawer 1 to search for the soapbottle.
</reasoning>

<action>go to drawer 1</action>",151645,<|im_end|>,teacher,3,151665,<tool_response>,17.875,2.1297891835553306e-12,9.93117552638978e-08,-26.874998092651367
105,104,结束 token,"<reasoning>
I need to put a soapbottle on the toilet. First, I should locate the soapbottle. Since I am in a room with multiple drawers, it is likely that the soapbottle is inside one of them. I should check the drawers to find the soapbottle. The available actions include going to each drawer, so I will start by going to drawer 1 to search for the soapbottle.
</reasoning>

<action>go to drawer 1</action>",151645,<|im_end|>,student,4,151657,<tool_call>,17.625,9.256020429282419e-13,6.023574172786539e-08,-27.708332061767578
105,104,结束 token,"<reasoning>
I need to put a soapbottle on the toilet. First, I should locate the soapbottle. Since I am in a room with multiple drawers, it is likely that the soapbottle is inside one of them. I should check the drawers to find the soapbottle. The available actions include going to each drawer, so I will start by going to drawer 1 to search for the soapbottle.
</reasoning>

<action>go to drawer 1</action>",151645,<|im_end|>,teacher,4,151657,<tool_call>,17.625,1.4040445238741595e-12,7.7344068927232e-08,-27.291664123535156
105,104,结束 token,"<reasoning>
I need to put a soapbottle on the toilet. First, I should locate the soapbottle. Since I am in a room with multiple drawers, it is likely that the soapbottle is inside one of them. I should check the drawers to find the soapbottle. The available actions include going to each drawer, so I will start by going to drawer 1 to search for the soapbottle.
</reasoning>

<action>go to drawer 1</action>",151645,<|im_end|>,student,5,151643,<|endoftext|>,17.0,3.266131668507727e-13,3.224186784223093e-08,-28.75
105,104,结束 token,"<reasoning>
I need to put a soapbottle on the toilet. First, I should locate the soapbottle. Since I am in a room with multiple drawers, it is likely that the soapbottle is inside one of them. I should check the drawers to find the soapbottle. The available actions include going to each drawer, so I will start by going to drawer 1 to search for the soapbottle.
</reasoning>

<action>go to drawer 1</action>",151645,<|im_end|>,teacher,5,151643,<|endoftext|>,17.375,9.256020429282419e-13,6.023562804102767e-08,-27.708332061767578
105,104,结束 token,"<reasoning>
I need to put a soapbottle on the toilet. First, I should locate the soapbottle. Since I am in a room with multiple drawers, it is likely that the soapbottle is inside one of them. I should check the drawers to find the soapbottle. The available actions include going to each drawer, so I will start by going to drawer 1 to search for the soapbottle.
</reasoning>

<action>go to drawer 1</action>",151645,<|im_end|>,student,6,1773,。,16.0,6.168929435204987e-14,1.1861120086109622e-08,-30.41666603088379
105,104,结束 token,"<reasoning>
I need to put a soapbottle on the toilet. First, I should locate the soapbottle. Since I am in a room with multiple drawers, it is likely that the soapbottle is inside one of them. I should check the drawers to find the soapbottle. The available actions include going to each drawer, so I will start by going to drawer 1 to search for the soapbottle.
</reasoning>

<action>go to drawer 1</action>",151645,<|im_end|>,teacher,6,1773,。,16.125,1.1525098909080655e-13,1.7257795192904268e-08,-29.791664123535156
105,104,结束 token,"<reasoning>
I need to put a soapbottle on the toilet. First, I should locate the soapbottle. Since I am in a room with multiple drawers, it is likely that the soapbottle is inside one of them. I should check the drawers to find the soapbottle. The available actions include going to each drawer, so I will start by going to drawer 1 to search for the soapbottle.
</reasoning>

<action>go to drawer 1</action>",151645,<|im_end|>,student,7,151667,<think>,16.0,6.168929435204987e-14,1.1861120086109622e-08,-30.41666603088379
105,104,结束 token,"<reasoning>
I need to put a soapbottle on the toilet. First, I should locate the soapbottle. Since I am in a room with multiple drawers, it is likely that the soapbottle is inside one of them. I should check the drawers to find the soapbottle. The available actions include going to each drawer, so I will start by going to drawer 1 to search for the soapbottle.
</reasoning>

<action>go to drawer 1</action>",151645,<|im_end|>,teacher,7,151667,<think>,15.9375,8.431941939373438e-14,1.430721496831211e-08,-30.104164123535156
105,104,结束 token,"<reasoning>
I need to put a soapbottle on the toilet. First, I should locate the soapbottle. Since I am in a room with multiple drawers, it is likely that the soapbottle is inside one of them. I should check the drawers to find the soapbottle. The available actions include going to each drawer, so I will start by going to drawer 1 to search for the soapbottle.
</reasoning>

<action>go to drawer 1</action>",151645,<|im_end|>,student,8,151644,<|im_start|>,15.375,2.1768072506209504e-14,6.348800152267131e-09,-31.458332061767578
105,104,结束 token,"<reasoning>
I need to put a soapbottle on the toilet. First, I should locate the soapbottle. Since I am in a room with multiple drawers, it is likely that the soapbottle is inside one of them. I should check the drawers to find the soapbottle. The available actions include going to each drawer, so I will start by going to drawer 1 to search for the soapbottle.
</reasoning>

<action>go to drawer 1</action>",151645,<|im_end|>,teacher,8,151644,<|im_start|>,15.25,2.681009033484935e-14,7.194119078235417e-09,-31.249998092651367
105,104,结束 token,"<reasoning>
I need to put a soapbottle on the toilet. First, I should locate the soapbottle. Since I am in a room with multiple drawers, it is likely that the soapbottle is inside one of them. I should check the drawers to find the soapbottle. The available actions include going to each drawer, so I will start by going to drawer 1 to search for the soapbottle.
</reasoning>

<action>go to drawer 1</action>",151645,<|im_end|>,student,9,78675,agascar,14.3125,3.704737034591335e-15,2.1940866901104528e-09,-33.229164123535156
105,104,结束 token,"<reasoning>
I need to put a soapbottle on the toilet. First, I should locate the soapbottle. Since I am in a room with multiple drawers, it is likely that the soapbottle is inside one of them. I should check the drawers to find the soapbottle. The available actions include going to each drawer, so I will start by going to drawer 1 to search for the soapbottle.
</reasoning>

<action>go to drawer 1</action>",151645,<|im_end|>,teacher,9,78675,agascar,14.25,5.063775140439495e-15,2.6465685198928668e-09,-32.916664123535156
105,104,结束 token,"<reasoning>
I need to put a soapbottle on the toilet. First, I should locate the soapbottle. Since I am in a room with multiple drawers, it is likely that the soapbottle is inside one of them. I should check the drawers to find the soapbottle. The available actions include going to each drawer, so I will start by going to drawer 1 to search for the soapbottle.
</reasoning>

<action>go to drawer 1</action>",151645,<|im_end|>,student,10,151666,</tool_response>,14.25,3.3382421836986335e-15,2.061153470123145e-09,-33.33333206176758
105,104,结束 token,"<reasoning>
I need to put a soapbottle on the toilet. First, I should locate the soapbottle. Since I am in a room with multiple drawers, it is likely that the soapbottle is inside one of them. I should check the drawers to find the soapbottle. The available actions include going to each drawer, so I will start by going to drawer 1 to search for the soapbottle.
</reasoning>

<action>go to drawer 1</action>",151645,<|im_end|>,teacher,10,14748,vince,14.1875,4.562836043785039e-15,2.4862210068476998e-09,-33.02083206176758
