sample_id,split,cohort,scope,level,temperature,tokens,turns,forward_full,reverse_full,forward_top32_tail,reverse_top32_tail,base_entropy,hint_entropy,base_top1,hint_top1,base_mass_on_hint_top32,hint_top32_mass,base_target_logp,hint_target_logp,overlap_top32,top1_changed
1,valid_seen,previous10,action_body,l1,0.6,31,4,7.429284591277247e-08,1.931270678665273e-08,7.429284043347205e-08,1.931270675127876e-08,9.168956640422061e-07,4.803334082880245e-07,0.9999999346271637,0.9999999673135819,0.9999999980772695,1.0,-6.537277019355492e-08,-3.0763676394848696e-08,30.096774193548388,0.0
1,valid_seen,previous10,action_body,l1,1.0,31,4,2.231727502031647e-05,3.535089476466828e-06,2.2317232811592382e-05,3.5350141322465713e-06,0.00011762533392163599,9.867099159359368e-05,0.9999870523329704,0.9999899652696425,1.0000000019227304,1.0,-1.2949175661038137e-05,-1.0039565155246296e-05,30.096774193548388,0.0
1,valid_seen,previous10,action_body,l2,0.6,31,4,1.2013447113227048e-08,9.597366182532008e-09,1.2013447102960782e-08,9.597363985576367e-09,9.168956640422061e-07,5.167341682823947e-07,0.9999999346271637,0.9999999653908515,0.9999999980772695,1.0,-6.537277019355492e-08,-3.460913024267234e-08,29.516129032258064,0.0
1,valid_seen,previous10,action_body,l2,1.0,31,4,3.7442007984941135e-06,1.1953779986677904e-06,3.7441562856443585e-06,1.1950515549417497e-06,0.00011762533392163599,8.996709713155792e-05,0.9999870523329704,0.9999906363025788,1.0,1.0,-1.2949175661038137e-05,-9.366434573434485e-06,29.516129032258064,0.0
1,valid_seen,previous10,action_body,l3,0.6,31,4,4.183328039319823e-08,7.712789162949902e-08,4.183328400316642e-08,7.712788886327437e-08,9.168956640422061e-07,1.3205207866879886e-07,0.9999999346271637,0.9999999923090781,0.9999999980772695,1.0,-6.537277019355492e-08,-7.69092098967268e-09,28.903225806451612,0.0
1,valid_seen,previous10,action_body,l3,1.0,31,4,6.081241651554578e-06,7.204592117423256e-06,6.081221060447408e-06,7.201843742204046e-06,0.00011762533392163599,4.173003902519237e-05,0.9999870523329704,0.9999960430206791,1.0,1.0000000057681915,-1.2949175661038137e-05,-3.960631725553574e-06,28.903225806451612,0.0
1,valid_seen,previous10,all_response,l1,0.6,584,4,0.6253970869252659,0.47113793446627167,0.6253970861131903,0.4711359242502848,0.05276776574387064,0.05103010472320718,0.9776077414416287,0.9798641841705531,0.9999997028953409,0.999999999591749,-0.058361667309563166,-0.579869244261515,27.772260273972602,0.08047945205479452
1,valid_seen,previous10,all_response,l1,1.0,584,4,0.37675125114973534,0.2812313578167587,0.3767509971749801,0.2811749589072669,0.0849648385333241,0.0913234307618829,0.9647100810216714,0.9650796257878003,0.9999892615700421,0.9999999632574108,-0.06246295978889185,-0.3762285274710078,27.772260273972602,0.08047945205479452
1,valid_seen,previous10,all_response,l2,0.6,584,4,1.4223553511668743,1.0979828642777523,1.4223553587929452,1.0979650130536827,0.05276776574387064,0.058758234376256366,0.9776077414416287,0.974944621834853,0.9999945397450499,0.9999999929576704,-0.058361667309563166,-1.1546474518634184,25.888698630136986,0.1232876712328767
1,valid_seen,previous10,all_response,l2,1.0,584,4,0.851735378269391,0.6536106404262257,0.8517348948644212,0.653342529244727,0.0849648385333241,0.09908064133187046,0.9647100810216714,0.9599978340509003,0.9999163470243755,0.9999999337612766,-0.06246295978889185,-0.7241559142172012,25.888698630136986,0.1232876712328767
1,valid_seen,previous10,all_response,l3,0.6,584,4,1.246932300518659,0.9766317697283416,1.2469322977936859,0.9419681065261631,0.05276776574387064,0.050901170358917176,0.9776077414416287,0.979299343203845,0.9982843179049306,0.9999999988773097,-0.058361667309563166,-1.0776457137856814,26.13013698630137,0.125
1,valid_seen,previous10,all_response,l3,1.0,584,4,0.7344595221323859,0.581883984718956,0.7344591576415006,0.5615718281780057,0.0849648385333241,0.09100425449486323,0.9647100810216714,0.9643945318889128,0.9982422594928297,0.9999999442737396,-0.06246295978889185,-0.674727038343478,26.13013698630137,0.125
1,valid_seen,previous10,reasoning_body,l1,0.6,493,4,0.7355375378970014,0.5472626412337982,0.7355375369350299,0.5472602599637464,0.05806195562765222,0.05925038274982382,0.976171546122607,0.9764225524047325,0.999999648779933,0.9999999991536865,-0.0647566851913374,-0.678171251567487,27.50912778904665,0.09127789046653144
1,valid_seen,previous10,reasoning_body,l1,1.0,493,4,0.4418703134733995,0.32799745176817435,0.44187001293633615,0.32793064276152006,0.09555344799161286,0.10474140060932656,0.9612558464128638,0.9596658114487453,0.9999872803929853,0.9999999576843293,-0.06945792561939282,-0.43950969058251377,27.50912778904665,0.09127789046653144
1,valid_seen,previous10,reasoning_body,l2,0.6,493,4,1.6798880077803402,1.2919062179738496,1.679888016814063,1.2918850716962518,0.05806195562765222,0.06818752047113684,0.976171546122607,0.9706512944693497,0.9999935325937871,0.9999999918995716,-0.0647566851913374,-1.3615223231976628,25.320486815415823,0.14198782961460446
1,valid_seen,previous10,reasoning_body,l2,1.0,493,4,1.0050993745925454,0.7701678969007245,1.0050988021982172,0.7698502970469461,0.09555344799161286,0.11366426667131337,0.9612558464128638,0.9537757207728302,0.9999009067340023,0.999999921897362,-0.06945792561939282,-0.8530370558777183,25.320486815415823,0.14198782961460446
1,valid_seen,previous10,reasoning_body,l3,0.6,493,4,1.4650845803001475,1.1454496339626339,1.4650845770721872,1.1043876069645169,0.05806195562765222,0.05834299418084104,0.976171546122607,0.976403106540502,0.9979676308602583,0.9999999984282751,-0.0647566851913374,-1.2686533322269407,25.683569979716026,0.1440162271805274
1,valid_seen,previous10,reasoning_body,l3,1.0,493,4,0.8623843125721125,0.6833308085194314,0.8623838804938325,0.659269349873066,0.09555344799161286,0.10424316345865658,0.9612558464128638,0.9592966905834709,0.9979178086471032,0.9999999365264939,-0.06945792561939282,-0.7934352399492087,25.683569979716026,0.1440162271805274
1,valid_seen,previous10,reasoning_close_tag,l1,0.6,16,4,0.02365414123441437,0.0035166762583691592,0.02365414123441437,0.0035166762583407375,0.000310555793043306,0.014047171106495858,0.9999640472233295,0.9965943656861782,0.9999999813735485,1.0,-3.5961833740216775e-05,-0.0034911901142002932,27.9375,0.0
1,valid_seen,previous10,reasoning_close_tag,l1,1.0,16,4,0.04313804562993421,0.011930943946610779,0.04313804143814664,0.011930943648384304,0.00484232069166024,0.03837051710782317,0.9991814568638802,0.9883301518857479,1.000000026077032,1.0000000037252903,-0.0008224174780826488,-0.012459505467396603,27.9375,0.0
1,valid_seen,previous10,reasoning_close_tag,l2,0.6,16,4,0.022439185973707983,0.0034633110461381087,0.022439185973711535,0.0034633110461310033,0.000310555793043306,0.013154320891405696,0.9999640472233295,0.9967337548732758,0.9999999813735485,0.9999999925494194,-3.5961833740216775e-05,-0.003351545218599483,27.625,0.0
1,valid_seen,previous10,reasoning_close_tag,l2,1.0,16,4,0.03796209968934978,0.011806663902919526,0.03796209460060295,0.01180666146413439,0.00484232069166024,0.03361423510438161,0.9991814568638802,0.989461537450552,1.000000026077032,0.9999999925494194,-0.0008224174780826488,-0.01130566072041539,27.625,0.0
1,valid_seen,previous10,reasoning_close_tag,l3,0.6,16,4,0.2274528424089844,0.031933950556797104,0.2274528424089844,0.03193395055679,0.000310555793043306,0.04251554888004859,0.9999640472233295,0.975105419754982,0.9999999813735485,1.0,-3.5961833740216775e-05,-0.03170996862714581,27.6875,0.0
1,valid_seen,previous10,reasoning_close_tag,l3,1.0,16,4,0.13963724632010355,0.038980757394770776,0.1396372608623291,0.038980753294304324,0.00484232069166024,0.04973342177040778,0.9991814568638802,0.971406601369381,1.000000026077032,0.9999999813735485,-0.0008224174780826488,-0.037232769125680854,27.6875,0.0
1,valid_seen,previous10,special,l1,0.6,4,4,-7.359981107370444e-12,1.487996676558228e-11,-7.362720913365369e-12,1.487563170516834e-11,1.0108281364717975e-09,7.665260925993067e-10,1.0,1.0,1.0,1.0,0.0,0.0,28.5,0.0
1,valid_seen,previous10,special,l1,1.0,4,4,5.3233297325760986e-08,2.7254738688142766e-08,4.68725245283963e-08,1.9053661315382442e-08,1.8588607190395123e-05,1.557879954816599e-05,0.9999990463256836,0.9999992400407791,0.9999998062849045,0.999999925494194,-9.238714966386397e-07,-7.450577612644338e-07,28.5,0.0
1,valid_seen,previous10,special,l2,0.6,4,4,9.468522767599498e-13,2.587650292608032e-11,9.43613229545913e-13,2.5870932627355004e-11,1.0108281364717975e-09,7.663487414100167e-10,1.0,1.0,1.0,1.0,0.0,0.0,27.75,0.0
1,valid_seen,previous10,special,l2,1.0,4,4,1.2892273026920975e-07,5.934798252837936e-08,1.211987630256317e-07,4.912555073843805e-08,1.8588607190395123e-05,1.5480894944630563e-05,0.9999990463256836,0.9999992549419403,0.9999998062849045,0.9999998807907104,-9.238714966386397e-07,-7.152554815093026e-07,27.75,0.0
1,valid_seen,previous10,special,l3,0.6,4,4,-4.195444796558983e-12,3.649673250333323e-11,-4.202235127660206e-12,3.648803832084042e-11,1.0108281364717975e-09,6.421932430278332e-10,1.0,1.0,1.0,1.0,0.0,0.0,27.5,0.0
1,valid_seen,previous10,special,l3,1.0,4,4,1.0007571171755103e-07,1.215375033947197e-07,8.687404751128724e-08,1.0687501439399227e-07,1.8588607190395123e-05,1.6384616628783988e-05,0.9999990463256836,0.9999991655349731,0.9999998062849045,0.9999997764825821,-9.238714966386397e-07,-7.748600836521291e-07,27.5,0.0
1,valid_seen,previous10,tag_or_boundary,l1,0.6,40,4,0.055835600458353084,0.13219510452882252,0.05583560045835231,0.13219510452881292,0.05467084373725767,0.009159320789603975,0.9667731508612633,0.9979714095592499,1.0,1.0000000044703483,-0.05393976233899576,-0.10623379076131059,29.075,0.05
1,valid_seen,previous10,tag_or_boundary,l1,1.0,40,4,0.037244133763043044,0.05863411108346438,0.037244132196428636,0.05863410900968998,0.06076044931873105,0.026958091871971235,0.9626264229416848,0.9919572025537491,0.9999999955296517,0.9999999910593033,-0.05555118466928448,-0.07098790729150153,29.075,0.05
1,valid_seen,previous10,tag_or_boundary,l2,0.6,40,4,0.05279274744367255,0.10642035006848168,0.05279274744367185,0.10642035006846677,0.05467084373725767,0.012196903184403893,0.9667731508612633,0.9972207993268967,1.0,1.0,-0.05393976233899576,-0.07574951888519621,29.2,0.05
1,valid_seen,previous10,tag_or_boundary,l2,1.0,40,4,0.03229897635635785,0.045672423007551866,0.032298976246284215,0.045672420206240766,0.06076044931873105,0.032148310089847365,0.9626264229416848,0.989905335009098,1.0,1.0000000104308129,-0.05555118466928448,-0.0544650390777484,29.2,0.05
1,valid_seen,previous10,tag_or_boundary,l3,0.6,40,4,0.05706296598913938,0.12838345944384286,0.057062965989139,0.12838345944383178,0.05467084373725767,0.00707336200472537,0.9667731508612633,0.9985599607229233,1.0,1.0000000029802323,-0.05393976233899576,-0.0847911081625881,28.725,0.05
1,valid_seen,previous10,tag_or_boundary,l3,1.0,40,4,0.03836274918365574,0.05785606322421442,0.03836274850076286,0.0578560607792221,0.06076044931873105,0.023937778046990134,0.9626264229416848,0.9932689636945724,1.0000000059604646,0.9999999940395355,-0.05555118466928448,-0.05702917281491278,28.725,0.05
1,valid_seen,previous10,valid_reasoning_body,l1,0.6,493,4,0.7355375378970014,0.5472626412337982,0.7355375369350299,0.5472602599637464,0.05806195562765222,0.05925038274982382,0.976171546122607,0.9764225524047325,0.999999648779933,0.9999999991536865,-0.0647566851913374,-0.678171251567487,27.50912778904665,0.09127789046653144
1,valid_seen,previous10,valid_reasoning_body,l1,1.0,493,4,0.4418703134733995,0.32799745176817435,0.44187001293633615,0.32793064276152006,0.09555344799161286,0.10474140060932656,0.9612558464128638,0.9596658114487453,0.9999872803929853,0.9999999576843293,-0.06945792561939282,-0.43950969058251377,27.50912778904665,0.09127789046653144
1,valid_seen,previous10,valid_reasoning_body,l2,0.6,493,4,1.6798880077803402,1.2919062179738496,1.679888016814063,1.2918850716962518,0.05806195562765222,0.06818752047113684,0.976171546122607,0.9706512944693497,0.9999935325937871,0.9999999918995716,-0.0647566851913374,-1.3615223231976628,25.320486815415823,0.14198782961460446
1,valid_seen,previous10,valid_reasoning_body,l2,1.0,493,4,1.0050993745925454,0.7701678969007245,1.0050988021982172,0.7698502970469461,0.09555344799161286,0.11366426667131337,0.9612558464128638,0.9537757207728302,0.9999009067340023,0.999999921897362,-0.06945792561939282,-0.8530370558777183,25.320486815415823,0.14198782961460446
1,valid_seen,previous10,valid_reasoning_body,l3,0.6,493,4,1.4650845803001475,1.1454496339626339,1.4650845770721872,1.1043876069645169,0.05806195562765222,0.05834299418084104,0.976171546122607,0.976403106540502,0.9979676308602583,0.9999999984282751,-0.0647566851913374,-1.2686533322269407,25.683569979716026,0.1440162271805274
1,valid_seen,previous10,valid_reasoning_body,l3,1.0,493,4,0.8623843125721125,0.6833308085194314,0.8623838804938325,0.659269349873066,0.09555344799161286,0.10424316345865658,0.9612558464128638,0.9592966905834709,0.9979178086471032,0.9999999365264939,-0.06945792561939282,-0.7934352399492087,25.683569979716026,0.1440162271805274
2,valid_seen,previous10,action_body,l1,0.6,255,50,0.07477099633417011,0.010779261235436297,0.07477099633416921,0.010779261235480222,0.001376442230359506,0.0012900095902913453,0.9995647774023169,0.9996613808706695,0.9999999955588696,0.999999997662563,-0.00046119872248786073,-0.010154631819645293,29.36078431372549,0.00392156862745098
2,valid_seen,previous10,action_body,l1,1.0,255,50,0.03865683289684273,0.00725629475646311,0.03865683285397492,0.0072562947523193535,0.002743932226222755,0.003407499994444278,0.999043323245703,0.9989639801137588,1.000000003973643,1.0000000049086177,-0.0010713654026152616,-0.007000332974639192,29.36078431372549,0.00392156862745098
2,valid_seen,previous10,action_body,l2,0.6,255,50,0.08219036842162711,0.06932246770153908,0.08219036840701728,0.06932246770159485,0.001376442230359506,0.00041450165840535845,0.9995647774023169,0.999930155510996,0.9999999955588696,0.9999999969613318,-0.00046119872248786073,-0.0686976039340906,28.611764705882354,0.00392156862745098
2,valid_seen,previous10,action_body,l2,1.0,255,50,0.05073852006117121,0.04200577750354519,0.05073851975947967,0.04200577746164056,0.002743932226222755,0.0024890202047390814,0.999043323245703,0.9994568626085917,1.000000003973643,1.0000000002337437,-0.0010713654026152616,-0.041734132731128276,28.611764705882354,0.00392156862745098
2,valid_seen,previous10,action_body,l3,0.6,255,50,0.038823050717180424,0.003170151761416068,0.03882305073177526,0.0031701517614214606,0.001376442230359506,0.005350360018672271,0.9995647774023169,0.9968111292988646,0.9999999955588696,0.9999999974288193,-0.00046119872248786073,-0.00417374468606923,28.7921568627451,0.00392156862745098
2,valid_seen,previous10,action_body,l3,1.0,255,50,0.022630464511186194,0.0031821609647361016,0.022630466339777368,0.003182161006513829,0.002743932226222755,0.006663480033174167,0.999043323245703,0.9962703375255361,1.0000000044411304,1.0000000065448238,-0.0010713654026152616,-0.0048730832059875944,28.7921568627451,0.00392156862745098
2,valid_seen,previous10,all_response,l1,0.6,12435,50,1.1762959836919777,0.8505414908987308,1.176295960370657,0.8429744129639071,0.10078673724733156,0.12291167498593651,0.9594547321770533,0.9519030930792706,0.9991610045310836,0.9999999929922002,-0.08597642995813018,-0.9466383742305341,26.3491757137113,0.14105347808604746
2,valid_seen,previous10,all_response,l1,1.0,12435,50,0.7026821310691549,0.5136225419911657,0.7026747570248413,0.5077163618405754,0.17358592237986617,0.21524985606489347,0.932653950782104,0.9185323035448586,0.9990850103611779,0.9999969472739416,-0.10628934090982073,-0.6354449744498807,26.3491757137113,0.14105347808604746
2,valid_seen,previous10,all_response,l2,0.6,12435,50,1.866102937987222,1.3729669494016725,1.8661028503687118,1.3609463510151052,0.10078673724733156,0.13510729657081227,0.9594547321770533,0.9470244234136467,0.9984400740367436,0.9999999862192719,-0.08597642995813018,-1.4739878521490077,24.64334539605951,0.1889827100924809
2,valid_seen,previous10,all_response,l2,1.0,12435,50,1.1340521246228934,0.8269843840195412,1.1340322250206032,0.8173261109155373,0.17358592237986617,0.2366632697069827,0.932653950782104,0.9106594484843161,0.9983472925540559,0.9999945595459042,-0.10628934090982073,-0.9585232448488903,24.64334539605951,0.1889827100924809
2,valid_seen,previous10,all_response,l3,0.6,12435,50,1.5833903171286865,1.1961142513650802,1.583390290334466,1.1848010307007357,0.10078673724733156,0.12533255236144178,0.9594547321770533,0.9494970261355601,0.9986969776499716,0.9999999925464236,-0.08597642995813018,-1.3023447548459666,25.57764374748693,0.16759147567350222
2,valid_seen,previous10,all_response,l3,1.0,12435,50,0.9552908457270431,0.7212139278070708,0.9552793527787605,0.7120297971759947,0.17358592237986617,0.21573834317098323,0.932653950782104,0.916958217125702,0.9985220240655708,0.9999961399006277,-0.10628934090982073,-0.8493717756936504,25.57764374748693,0.16759147567350222
2,valid_seen,previous10,reasoning_body,l1,0.6,11430,50,1.2769101141996695,0.9246761256511193,1.2769100888277862,0.9164437009687425,0.10946860930333754,0.13360370083220866,0.9559435803537711,0.9477073660803175,0.9990872348542311,0.9999999926002633,-0.09347815337285861,-1.0291442433113942,26.119247594050744,0.1531933508311461
2,valid_seen,previous10,reasoning_body,l1,1.0,11430,50,0.7629727419343177,0.5583489573609833,0.7629647196455928,0.5519234675803564,0.18833952106763577,0.23370812793594015,0.9268837974036043,0.9114864742792393,0.9990045594601652,0.999996679385086,-0.11546959020580234,-0.6907758876760607,26.119247594050744,0.1531933508311461
2,valid_seen,previous10,reasoning_body,l2,0.6,11430,50,2.0281967251979673,1.4918822416233284,2.0281966298757994,1.4788047139822964,0.10946860930333754,0.14693044150121204,0.9559435803537711,0.9423756198515938,0.9983029154581579,0.9999999853778282,-0.09347815337285861,-1.6017221150066525,24.294838145231846,0.20542432195975502
2,valid_seen,previous10,reasoning_body,l2,1.0,11430,50,1.2324588405477908,0.898583139544742,1.2324371914481576,0.888075648426454,0.18833952106763577,0.25705810385084094,0.9268837974036043,0.9028891705947807,0.9982019767588606,0.9999940816863837,-0.11546959020580234,-1.0416006176215162,24.294838145231846,0.20542432195975502
2,valid_seen,previous10,reasoning_body,l3,0.6,11430,50,1.7215910012745441,1.3006742917991239,1.7215909721240745,1.288366339134111,0.10946860930333754,0.1362111257295209,0.9559435803537711,0.9451307148341015,0.9985824077092942,0.9999999921830829,-0.09347815337285861,-1.4161029965583127,25.29825021872266,0.18215223097112862
2,valid_seen,previous10,reasoning_body,l3,1.0,11430,50,1.0386099743804282,0.7842188664175891,1.0385974709612336,0.7742272074365486,0.18833952106763577,0.23430387786253262,0.9268837974036043,0.9097855780355156,0.9983920719013082,0.9999958008918862,-0.11546959020580234,-0.9235054736969223,25.29825021872266,0.18215223097112862
2,valid_seen,previous10,reasoning_close_tag,l1,0.6,200,50,0.00014762667063637265,0.0001244496784604587,0.000147626670637048,0.00012444967859642002,0.00016271867015569194,0.0003109120666315029,0.9999759325385094,0.9999575555324555,0.9999999955296517,0.9999999955296517,-2.4116228971386987e-05,-4.250400796088627e-05,28.54,0.0
2,valid_seen,previous10,reasoning_close_tag,l1,1.0,200,50,0.0010840340614094062,0.0007732081725933338,0.0010840300562832744,0.0007732050551814115,0.001681317515729406,0.003750308381914845,0.9996978205442428,0.999340597987175,1.0000000011920929,0.9999999901652337,-0.0003059042461071826,-0.0006653657442065963,28.54,0.0
2,valid_seen,previous10,reasoning_close_tag,l2,0.6,200,50,0.0008121655837132173,0.00016916712107684897,0.000812165583453281,0.0001691671212011594,0.00016271867015569194,0.000992539644094592,0.9999759325385094,0.9998385643959046,0.9999999955296517,0.999999991953373,-2.4116228971386987e-05,-0.00016215672419978233,28.115,0.0
2,valid_seen,previous10,reasoning_close_tag,l2,1.0,200,50,0.0036563958432799266,0.0011572929778177336,0.003656388273291959,0.001157288063693721,0.001681317515729406,0.00685529954098712,0.9996978205442428,0.9985597029328346,0.9999999997019767,0.9999999848008155,-0.0003059042461071826,-0.0014679503710561192,28.115,0.0
2,valid_seen,previous10,reasoning_close_tag,l3,0.6,200,50,2.936311040472171e-05,0.00014750921048189029,2.936311044414287e-05,0.00014750921034753248,0.00016271867015569194,5.751752669159901e-05,0.9999759325385094,0.9999941390752792,0.9999999955296517,0.999999994635582,-2.4116228971386987e-05,-5.860194351150483e-06,28.445,0.0
2,valid_seen,previous10,reasoning_close_tag,l3,1.0,200,50,0.0003382558391663352,0.000750383701385609,0.00033825358451128264,0.0007503795818923359,0.001681317515729406,0.001778993562608859,0.9996978205442428,0.9997501602768898,0.9999999988079071,0.999999994635582,-0.0003059042461071826,-0.0002503572271341525,28.445,0.0
2,valid_seen,previous10,special,l1,0.6,50,50,2.8771065987542172e-12,-6.995280071343812e-13,2.873716413757336e-12,-7.052488866336748e-13,4.842624423684327e-10,5.252809143208026e-10,1.0,1.0,1.0,1.0,0.0,0.0,28.14,0.0
2,valid_seen,previous10,special,l1,1.0,50,50,4.8642032339785146e-08,3.143686551965175e-08,4.119934654767121e-08,2.1481706724557627e-08,1.712892188152182e-05,1.5112576220417395e-05,0.9999991941452027,0.9999992680549622,0.9999997556209564,0.9999998259544373,-7.843968126053369e-07,-6.914136417890404e-07,28.14,0.0
2,valid_seen,previous10,special,l2,0.6,50,50,3.2697266541450305e-12,-7.96689169713441e-13,3.266143120342352e-12,-8.028956129503898e-13,4.842624423684327e-10,5.306871969645855e-10,1.0,1.0,1.0,1.0,0.0,0.0,27.84,0.0
2,valid_seen,previous10,special,l2,1.0,50,50,5.788231536740795e-08,3.030714708529558e-08,4.975962994535621e-08,1.9237389068393894e-08,1.712892188152182e-05,1.4995842466305476e-05,0.9999991941452027,0.9999992883205414,0.9999997556209564,0.9999998378753662,-7.843968126053369e-07,-6.818769043093198e-07,27.84,0.0
2,valid_seen,previous10,special,l3,0.6,50,50,1.4295148321097264e-12,6.066604738095421e-13,1.4253026517141225e-12,6.006132397323922e-13,4.842624423684327e-10,4.947207582484126e-10,1.0,1.0,1.0,1.0,0.0,0.0,27.78,0.0
2,valid_seen,previous10,special,l3,1.0,50,50,4.4595002925973404e-08,2.334065341003111e-08,3.6065905208992886e-08,1.2980441042031998e-08,1.712892188152182e-05,1.5627390566805844e-05,0.9999991941452027,0.9999992632865906,0.9999997532367706,0.9999998188018799,-7.843968126053369e-07,-7.081029298205977e-07,27.78,0.0
2,valid_seen,previous10,tag_or_boundary,l1,0.6,500,50,0.026123645016081116,0.009323443165458557,0.0261236450160806,0.00932344316545444,0.003346673612867225,0.0018504861057210204,0.9990005328655243,0.9994292098283768,0.9999999979734421,0.9999999978542328,-0.0010783691150934942,-0.011463101183703799,29.014,0.004
2,valid_seen,previous10,tag_or_boundary,l1,1.0,500,50,0.013999115805224716,0.005925457309686295,0.01399911521157899,0.005925455594235519,0.009566792647265914,0.007456656110756372,0.997149004817009,0.9981097912788391,1.000000000357628,1.0000000067949295,-0.0031122398291431354,-0.008543337037668906,29.014,0.004
2,valid_seen,previous10,tag_or_boundary,l2,0.6,500,50,0.003160975587811239,0.005837862734168312,0.003160975587810604,0.005837862734163151,0.003346673612867225,0.0006801612419010778,0.9990005328655243,0.99989093542099,0.9999999979734421,0.999999996304512,-0.0010783691150934942,-0.00760969319767662,28.878,0.002
2,valid_seen,previous10,tag_or_boundary,l2,1.0,500,50,0.002528035092126912,0.0036051938245294725,0.002528034394911766,0.0036051917860199503,0.009566792647265914,0.00545424387737711,0.997149004817009,0.9989072340726852,0.9999999996423722,1.000000010728836,-0.0031122398291431354,-0.005611324535061783,28.878,0.002
2,valid_seen,previous10,tag_or_boundary,l3,0.6,500,50,0.0035353967442882496,0.012271339838992713,0.0035353967442949595,0.012271339838988819,0.003346673612867225,0.00048255238253754013,0.9990005328655243,0.999931567311287,0.9999999979734421,0.9999999967813492,-0.0010783691150934942,-0.015068597828527274,28.958,0.002
2,valid_seen,previous10,tag_or_boundary,l3,1.0,500,50,0.0037824751990995762,0.00742404034913608,0.003782474560288664,0.007424038523359919,0.009566792647265914,0.005114411743838921,0.997149004817009,0.9990546834468842,0.9999999977350235,1.000000007867813,-0.0031122398291431354,-0.0099554466532539,28.958,0.002
2,valid_seen,previous10,valid_reasoning_body,l1,0.6,11430,50,1.2769101141996695,0.9246761256511193,1.2769100888277862,0.9164437009687425,0.10946860930333754,0.13360370083220866,0.9559435803537711,0.9477073660803175,0.9990872348542311,0.9999999926002633,-0.09347815337285861,-1.0291442433113942,26.119247594050744,0.1531933508311461
2,valid_seen,previous10,valid_reasoning_body,l1,1.0,11430,50,0.7629727419343177,0.5583489573609833,0.7629647196455928,0.5519234675803564,0.18833952106763577,0.23370812793594015,0.9268837974036043,0.9114864742792393,0.9990045594601652,0.999996679385086,-0.11546959020580234,-0.6907758876760607,26.119247594050744,0.1531933508311461
2,valid_seen,previous10,valid_reasoning_body,l2,0.6,11430,50,2.0281967251979673,1.4918822416233284,2.0281966298757994,1.4788047139822964,0.10946860930333754,0.14693044150121204,0.9559435803537711,0.9423756198515938,0.9983029154581579,0.9999999853778282,-0.09347815337285861,-1.6017221150066525,24.294838145231846,0.20542432195975502
2,valid_seen,previous10,valid_reasoning_body,l2,1.0,11430,50,1.2324588405477908,0.898583139544742,1.2324371914481576,0.888075648426454,0.18833952106763577,0.25705810385084094,0.9268837974036043,0.9028891705947807,0.9982019767588606,0.9999940816863837,-0.11546959020580234,-1.0416006176215162,24.294838145231846,0.20542432195975502
2,valid_seen,previous10,valid_reasoning_body,l3,0.6,11430,50,1.7215910012745441,1.3006742917991239,1.7215909721240745,1.288366339134111,0.10946860930333754,0.1362111257295209,0.9559435803537711,0.9451307148341015,0.9985824077092942,0.9999999921830829,-0.09347815337285861,-1.4161029965583127,25.29825021872266,0.18215223097112862
2,valid_seen,previous10,valid_reasoning_body,l3,1.0,11430,50,1.0386099743804282,0.7842188664175891,1.0385974709612336,0.7742272074365486,0.18833952106763577,0.23430387786253262,0.9268837974036043,0.9097855780355156,0.9983920719013082,0.9999958008918862,-0.11546959020580234,-0.9235054736969223,25.29825021872266,0.18215223097112862
3,valid_seen,previous10,action_body,l1,0.6,294,50,0.005542866180346584,0.006066840671331922,0.005542866180345703,0.006066840264268934,0.0025236356827492397,0.0024273605939132627,0.9986090702669961,0.9986253982904006,0.9999999989863155,0.9999999977698942,-0.00176201071478077,-0.00174558179677191,30.010204081632654,0.0
3,valid_seen,previous10,action_body,l1,1.0,294,50,0.0034202271177684604,0.003872922666718947,0.003420226905336804,0.0038729226443211407,0.0041620459625270586,0.0034019533954906503,0.9981480212438674,0.9982997191195585,1.0000000032437901,1.0000000028383165,-0.0023287688849578585,-0.0021740441309180698,30.010204081632654,0.0
3,valid_seen,previous10,action_body,l2,0.6,294,50,0.0006762220707766729,0.0012144253480144964,0.0006762220201926807,0.00121442534762469,0.0025236356827492397,0.0021156911202394185,0.9986090702669961,0.9989667342228143,0.9999999989863155,0.9999999979726312,-0.00176201071478077,-0.004064818030600076,29.231292517006803,0.003401360544217687
3,valid_seen,previous10,action_body,l2,1.0,294,50,0.0007529517958878982,0.002621302911295904,0.0007529517154719613,0.00262130271172682,0.0041620459625270586,0.003263122023884859,0.9981480212438674,0.9985755594814716,1.000000003649264,1.0000000014191581,-0.0023287688849578585,-0.0034537820898042785,29.231292517006803,0.003401360544217687
3,valid_seen,previous10,action_body,l3,0.6,294,50,0.003147372915165039,0.013146176981134025,0.003147372915166281,0.013146177792123081,0.0025236356827492397,0.00010491736838613637,0.9986090702669961,0.9999865583416556,0.9999999989863155,0.9999999965534729,-0.00176201071478077,-0.025523654680591215,29.333333333333332,0.003401360544217687
3,valid_seen,previous10,action_body,l3,1.0,294,50,0.0027205721304522,0.006600701865889587,0.0027205721074397577,0.00660070182603742,0.0041620459625270586,0.0014179236081971701,0.9981480212438674,0.9997575341844235,1.0000000032437901,1.000000002027369,-0.0023287688849578585,-0.015550344015597904,29.333333333333332,0.003401360544217687
3,valid_seen,previous10,all_response,l1,0.6,12211,50,0.8782556157583756,0.6560870295051222,0.878255609891581,0.6527830945639939,0.09192670712792622,0.11023906043650032,0.9630539729299187,0.9554461871447175,0.999334467651651,0.9999999961340694,-0.08388384990555524,-0.72747133352581,26.86725083940709,0.12455982311031037
3,valid_seen,previous10,all_response,l1,1.0,12211,50,0.5215928995157852,0.3982285692384166,0.5215897066600903,0.395250972915365,0.1606649534027158,0.18970691131513365,0.9378008178084657,0.9263624639117096,0.9992859804315628,0.999998635302089,-0.10068431783982114,-0.4962985028381778,26.86725083940709,0.12455982311031037
3,valid_seen,previous10,all_response,l2,0.6,12211,50,1.2879067804905329,1.037604630509857,1.2879067696278301,1.0295781786773943,0.09192670712792622,0.11853777882652498,0.9630539729299187,0.9523878525007504,0.9989593649382364,0.9999999964025368,-0.08388384990555524,-1.1141270700946286,25.41216935549914,0.15166653017770862
3,valid_seen,previous10,all_response,l2,1.0,12211,50,0.7783655940181045,0.6314424220612627,0.7783580213559833,0.6247783177227962,0.1606649534027158,0.20347960574617516,0.9378008178084657,0.9212835746023406,0.9988415766771869,0.9999979616051058,-0.10068431783982114,-0.7327379290282658,25.41216935549914,0.15166653017770862
3,valid_seen,previous10,all_response,l3,0.6,12211,50,1.2022673615261386,0.9714534353025444,1.2022673350424637,0.9666404099077931,0.09192670712792622,0.11034137719554568,0.9630539729299187,0.9560717154965725,0.9991499453711018,0.9999999955580848,-0.08388384990555524,-1.0549419984889115,25.939890262877732,0.1415936450741135
3,valid_seen,previous10,all_response,l3,1.0,12211,50,0.7238953571528615,0.5879604562182142,0.7238867952130731,0.5836937908395872,0.1606649534027158,0.19134149750527746,0.9378008178084657,0.9264824990850927,0.9990689865194735,0.9999978395158932,-0.10068431783982114,-0.6931369767428623,25.939890262877732,0.1415936450741135
3,valid_seen,previous10,reasoning_body,l1,0.6,11167,50,0.9562623562126344,0.7161653272722898,0.9562623497973496,0.7125525083015334,0.10008567313417015,0.12019496750445839,0.9597458309422485,0.9514227669172004,0.9992722474359197,0.9999999960875612,-0.09156236612461353,-0.7945674873561783,26.663383182591563,0.13584669114354794
3,valid_seen,previous10,reasoning_body,l1,1.0,11167,50,0.5679691431833689,0.4345030237634412,0.5679656519082706,0.43124705288455417,0.1746869036763516,0.20656736846591592,0.9323248987265342,0.9197672202848242,0.999219227360741,0.9999985081972085,-0.10971724672969893,-0.541916709825859,26.663383182591563,0.13584669114354794
3,valid_seen,previous10,reasoning_body,l2,0.6,11167,50,1.4078596175072373,1.1340239495884754,1.407859605630309,1.1252471068083063,0.10008567313417015,0.12943703296070083,0.9597458309422485,0.9479883529537418,0.9988620764648886,0.9999999963330893,-0.09156236612461353,-1.2178561847100737,25.09931046834423,0.16566669651652188
3,valid_seen,previous10,reasoning_body,l2,1.0,11167,50,0.8507021727533385,0.6899682750846833,0.8506938923212763,0.6826811454815935,0.1746869036763516,0.2217914729027621,0.9323248987265342,0.9141095722904988,0.9987332764653672,0.9999977714577517,-0.10971724672969893,-0.8008188008385658,25.09931046834423,0.16566669651652188
3,valid_seen,previous10,reasoning_body,l3,0.6,11167,50,1.3129149547537777,1.0615007846660693,1.3129149257941515,1.0562377907255531,0.10008567313417015,0.12051262670547966,0.9597458309422485,0.9519978040967577,0.9990704742141245,0.9999999954203649,-0.09156236612461353,-1.1526761054960972,25.664010029551356,0.1546520999373153
3,valid_seen,previous10,reasoning_body,l3,1.0,11167,50,0.7905561381010758,0.6423747038649048,0.7905467758164832,0.6377091491865979,0.1746869036763516,0.20861223970767204,0.9323248987265342,0.919762083887787,0.9989819467801652,0.9999976377889849,-0.10971724672969893,-0.7572631397355819,25.664010029551356,0.1546520999373153
3,valid_seen,previous10,reasoning_close_tag,l1,0.6,200,50,0.026313833981995098,0.01088994096351187,0.026313833981995844,0.0108899409634859,0.0006085488302316191,0.0076142337828578235,0.9998777309060096,0.9970510065555572,0.9999999940395355,0.9999999940395355,-0.0001236123645329812,-0.011676038248821428,28.295,0.005
3,valid_seen,previous10,reasoning_close_tag,l1,1.0,200,50,0.0186400964347679,0.008669782081089945,0.018640091214858504,0.008669778665849538,0.0029858274788907395,0.015560742241965126,0.9993184521794319,0.9944312754273414,1.0,0.9999999859929085,-0.0007067155942459991,-0.011431627609645858,28.295,0.005
3,valid_seen,previous10,reasoning_close_tag,l2,0.6,200,50,0.019101010359403682,0.01627488931588539,0.01910101035976559,0.016274889315880357,0.0006085488302316191,0.002606216996706171,0.9998777309060096,0.9994394296407699,0.9999999940395355,0.9999999982118607,-0.0001236123645329812,-0.017236385590099452,27.99,0.005
3,valid_seen,previous10,reasoning_close_tag,l2,1.0,200,50,0.01335060408012716,0.00974657526224026,0.013350597769641847,0.009746572246105669,0.0029858274788907395,0.010938191149436418,0.9993184521794319,0.9972981736063957,0.9999999967217446,0.9999999889731407,-0.0007067155942459991,-0.012822980865347446,27.99,0.005
3,valid_seen,previous10,reasoning_close_tag,l3,0.6,200,50,0.00011266607112921196,6.317358650762538e-05,0.00011266607110260713,6.317358647947656e-05,0.0006085488302316191,0.0006429480505644107,0.9998777309060096,0.9998976472020149,0.9999999940395355,0.999999991953373,-0.0001236123645329812,-0.00010272882717352161,28.36,0.0
3,valid_seen,previous10,reasoning_close_tag,l3,1.0,200,50,0.0008288100080830646,0.00041242948657024657,0.0008288082903116797,0.0004124267139378009,0.0029858274788907395,0.005211302190006905,0.9993184521794319,0.9989750498533249,1.0000000005960465,0.9999999961256981,-0.0007067155942459991,-0.0010421512792531118,28.36,0.0
3,valid_seen,previous10,special,l1,0.6,50,50,9.633948526086011e-12,-4.8634710163289914e-12,9.631115419208658e-12,-4.867480333553456e-12,5.833923782949668e-10,7.462525253298935e-10,1.0,1.0,1.0,1.0,0.0,0.0,27.9,0.0
3,valid_seen,previous10,special,l1,1.0,50,50,4.336308560226598e-08,2.271743450688035e-08,3.679391035404933e-08,1.4797192227078426e-08,1.607012678505271e-05,1.609308821571176e-05,0.999999212026596,0.9999991977214813,0.9999997961521149,0.999999862909317,-7.557866115348588e-07,-7.748600751256163e-07,27.9,0.0
3,valid_seen,previous10,special,l2,0.6,50,50,1.4050980037144146e-11,-7.0016471698968515e-12,1.4048168572432935e-11,-7.005966726761825e-12,5.833923782949668e-10,8.179759541926402e-10,1.0,1.0,1.0,1.0,0.0,0.0,27.74,0.0
3,valid_seen,previous10,special,l2,1.0,50,50,6.245822143924329e-08,2.4095437147764188e-08,5.551227614475351e-08,1.537131808504455e-08,1.607012678505271e-05,1.6218579294218216e-05,0.999999212026596,0.9999991917610168,0.9999997973442077,0.999999885559082,-7.557866115348588e-07,-7.820126302249264e-07,27.74,0.0
3,valid_seen,previous10,special,l3,0.6,50,50,7.876671035924503e-12,-4.45514040372727e-12,7.873403181458743e-12,-4.4590673475058335e-12,5.833923782949668e-10,7.249740135994997e-10,1.0,1.0,1.0,1.0,0.0,0.0,27.8,0.0
3,valid_seen,previous10,special,l3,1.0,50,50,4.373395168677519e-08,1.2774271294091477e-08,3.644570355731958e-08,4.815585104012144e-09,1.607012678505271e-05,1.6578592931182356e-05,0.999999212026596,0.9999991858005524,0.999999794960022,0.9999998497962952,-7.557866115348588e-07,-7.891651864611049e-07,27.8,0.0
3,valid_seen,previous10,tag_or_boundary,l1,0.6,500,50,0.07781044549027095,0.02019773657511701,0.07781044549038388,0.020197736575115772,0.007993300327769083,0.003350948118648332,0.9976075129508972,0.9988185693025589,0.9999999977350235,0.9999999966621399,-0.0025719901202478895,-0.014737827358419026,28.898,0.006
3,valid_seen,previous10,tag_or_boundary,l1,1.0,500,50,0.043851811661679806,0.01560239157570015,0.043851812747739576,0.015602389954490412,0.018658964263286667,0.011320326018273515,0.9937889457941055,0.9967703310251236,1.0000000087022782,1.0000000069141388,-0.0068353439023019005,-0.01158317258439982,28.898,0.006
3,valid_seen,previous10,tag_or_boundary,l2,0.6,500,50,0.002084673010371104,0.005865358372432607,0.0020846730103727352,0.005865358372545019,0.007993300327769083,0.0017964270979211555,0.9976075129508972,0.9996760473251343,0.9999999977350235,0.9999999959468842,-0.0025719901202478895,-0.0003266092981981643,28.89,0.0
3,valid_seen,previous10,tag_or_boundary,l2,1.0,500,50,0.0038792273032278958,0.005895417212556147,0.0038792261846623747,0.0058954158101571785,0.018658964263286667,0.009592561655054347,0.9937889457941055,0.9977826538085938,1.0000000084638596,1.0000000056028366,-0.0068353439023019005,-0.0022785103835689284,28.89,0.0
3,valid_seen,previous10,tag_or_boundary,l3,0.6,500,50,0.037235182017116855,0.009522050727690927,0.037235182017120255,0.009522050727696628,0.007993300327769083,0.00290923832410014,0.9976075129508972,0.9993133239746094,0.9999999977350235,0.9999999990463256,-0.0025719901202478895,-0.004876346463308195,28.952,0.002
3,valid_seen,previous10,tag_or_boundary,l3,1.0,500,50,0.02076039924842645,0.00832743987324194,0.02076039824847,0.008327438110077861,0.018658964263286667,0.010876372625823267,0.9937889457941055,0.9971418424844741,1.0000000077486038,1.0000000096559525,-0.0068353439023019005,-0.005515741450310685,28.952,0.002
3,valid_seen,previous10,valid_reasoning_body,l1,0.6,11167,50,0.9562623562126344,0.7161653272722898,0.9562623497973496,0.7125525083015334,0.10008567313417015,0.12019496750445839,0.9597458309422485,0.9514227669172004,0.9992722474359197,0.9999999960875612,-0.09156236612461353,-0.7945674873561783,26.663383182591563,0.13584669114354794
3,valid_seen,previous10,valid_reasoning_body,l1,1.0,11167,50,0.5679691431833689,0.4345030237634412,0.5679656519082706,0.43124705288455417,0.1746869036763516,0.20656736846591592,0.9323248987265342,0.9197672202848242,0.999219227360741,0.9999985081972085,-0.10971724672969893,-0.541916709825859,26.663383182591563,0.13584669114354794
3,valid_seen,previous10,valid_reasoning_body,l2,0.6,11167,50,1.4078596175072373,1.1340239495884754,1.407859605630309,1.1252471068083063,0.10008567313417015,0.12943703296070083,0.9597458309422485,0.9479883529537418,0.9988620764648886,0.9999999963330893,-0.09156236612461353,-1.2178561847100737,25.09931046834423,0.16566669651652188
3,valid_seen,previous10,valid_reasoning_body,l2,1.0,11167,50,0.8507021727533385,0.6899682750846833,0.8506938923212763,0.6826811454815935,0.1746869036763516,0.2217914729027621,0.9323248987265342,0.9141095722904988,0.9987332764653672,0.9999977714577517,-0.10971724672969893,-0.8008188008385658,25.09931046834423,0.16566669651652188
3,valid_seen,previous10,valid_reasoning_body,l3,0.6,11167,50,1.3129149547537777,1.0615007846660693,1.3129149257941515,1.0562377907255531,0.10008567313417015,0.12051262670547966,0.9597458309422485,0.9519978040967577,0.9990704742141245,0.9999999954203649,-0.09156236612461353,-1.1526761054960972,25.664010029551356,0.1546520999373153
3,valid_seen,previous10,valid_reasoning_body,l3,1.0,11167,50,0.7905561381010758,0.6423747038649048,0.7905467758164832,0.6377091491865979,0.1746869036763516,0.20861223970767204,0.9323248987265342,0.919762083887787,0.9989819467801652,0.9999976377889849,-0.10971724672969893,-0.7572631397355819,25.664010029551356,0.1546520999373153
4,valid_seen,previous10,action_body,l1,0.6,254,50,8.42136966618745e-05,0.00028701556547308703,8.421369666170447e-05,0.0002870155654738317,0.00043491366423501794,1.4955272019711032e-05,0.9999092113314652,0.9999984061624122,0.9999999971840325,0.9999999953067209,-9.184368607738783e-05,-1.5931062530973924e-06,30.0,0.0
4,valid_seen,previous10,action_body,l1,1.0,254,50,0.000284428137811637,0.0005874097269780173,0.0002844281382058155,0.0005874097251019059,0.0016129856905553277,0.00047209220735441756,0.9995814766001514,0.9999359599717959,1.000000005866599,1.0000000025813036,-0.0004376653626954542,-6.419397313764069e-05,30.0,0.0
4,valid_seen,previous10,action_body,l2,0.6,254,50,0.05374642901386983,0.011868438133520282,0.053746429013752255,0.01186843813351769,0.00043491366423501794,0.0008385748581847453,0.9999092113314652,0.9997926298088915,0.9999999971840325,0.9999999962453767,-9.184368607738783e-05,-0.011695704070028037,28.8503937007874,0.003937007874015748
4,valid_seen,previous10,action_body,l2,1.0,254,50,0.02808383527868285,0.007887319872879653,0.028083835269936224,0.00788731986592,0.0016129856905553277,0.0023090326045698464,0.9995814766001514,0.9993120427206745,1.0000000068052548,1.0000000070399186,-0.0004376653626954542,-0.007626457634977717,28.8503937007874,0.003937007874015748
4,valid_seen,previous10,action_body,l3,0.6,254,50,0.1531246778671172,0.08758266263832687,0.15312467786711612,0.08758266263832108,0.00043491366423501794,0.0026589837603225998,0.9999092113314652,0.9984342746847258,0.9999999971840325,0.9999999969493686,-9.184368607738783e-05,-0.08729686204000818,29.12992125984252,0.003937007874015748
4,valid_seen,previous10,action_body,l3,1.0,254,50,0.09240899770143456,0.054052006720435405,0.0924089967586552,0.054052006479779514,0.0016129856905553277,0.003046073077525216,0.9995814766001514,0.9982268758646147,1.000000006335927,1.0000000086825664,-0.0004376653626954542,-0.053498157181314024,29.12992125984252,0.003937007874015748
4,valid_seen,previous10,all_response,l1,0.6,10594,50,1.1883060120933382,0.8695600676078332,1.1883060013473723,0.8607859389212636,0.10518662149537789,0.11612271325887846,0.9581024621609632,0.9537882307171259,0.9986332501502919,0.9999999946100387,-0.08844549162285571,-0.9514782535208793,26.66471587691146,0.13526524447800642
4,valid_seen,previous10,all_response,l1,1.0,10594,50,0.7181052071336514,0.5210261873528776,0.7180969312748628,0.5132951980949654,0.18368349418509944,0.20354197629365184,0.9294351845366428,0.9224424990917661,0.9985165314753625,0.9999965704317832,-0.1106367287091698,-0.6345551012107691,26.66471587691146,0.13526524447800642
4,valid_seen,previous10,all_response,l2,0.6,10594,50,1.8665008237726262,1.4446390070491808,1.8665007522437094,1.417481131205921,0.10518662149537789,0.14362062670648854,0.9581024621609632,0.94297314872545,0.9959524470508014,0.9999999903397041,-0.08844549162285571,-1.518978501821163,24.40787238059279,0.186803851236549
4,valid_seen,previous10,all_response,l2,1.0,10594,50,1.1436448217547799,0.8727411475867329,1.1436142321497764,0.8511743542903365,0.18368349418509944,0.2475289161473159,0.9294351845366428,0.9055393200908514,0.9958907182971684,0.9999934261714329,-0.1106367287091698,-0.9894141971017247,24.40787238059279,0.186803851236549
4,valid_seen,previous10,all_response,l3,0.6,10594,50,1.711950613728611,1.3648463609657022,1.7119505749901012,1.3427198980806663,0.10518662149537789,0.12189763122304088,0.9581024621609632,0.9512502033265555,0.9959269682933481,0.9999999928040079,-0.08844549162285571,-1.4284704788835247,25.39305267132339,0.17085142533509534
4,valid_seen,previous10,all_response,l3,1.0,10594,50,1.036360843154073,0.8208754263146868,1.0363400910454332,0.8019500273888557,0.18368349418509944,0.21258189954748105,0.9294351845366428,0.9188057614487928,0.9958116031161182,0.9999953866601328,-0.1106367287091698,-0.9237202611903949,25.39305267132339,0.17085142533509534
4,valid_seen,previous10,reasoning_body,l1,0.6,9590,50,1.3113321296099736,0.9603982326444406,1.311332117739396,0.9507055194739017,0.11612752399318682,0.12818188313181852,0.9537287459507724,0.9489801957845937,0.9984901621121162,0.9999999944373141,-0.09769233536075406,-1.0509273693700687,26.406986444212723,0.14932221063607926
4,valid_seen,previous10,reasoning_body,l1,1.0,9590,50,0.7924207815918022,0.5753009217516633,0.7924116396652405,0.566760556924781,0.20249112504820263,0.22440487917725582,0.9221406156812892,0.9144293805854288,0.9983612238866106,0.9999962118606747,-0.12212417091558081,-0.7007953950116925,26.406986444212723,0.14932221063607926
4,valid_seen,previous10,reasoning_body,l2,0.6,9590,50,2.060408657010354,1.5955320739705061,2.0604085779916907,1.5655309752548574,0.11612752399318682,0.15856530613218564,0.9537287459507724,0.9370203912040613,0.9955286993346393,0.9999999895956021,-0.09769233536075406,-1.677682103053427,23.959332638164756,0.20625651720542232
4,valid_seen,previous10,reasoning_body,l2,1.0,9590,50,1.2623697594077712,0.9637583555181389,1.2623359678734702,0.9399336833032002,0.20249112504820263,0.27292243870460026,0.9221406156812892,0.895765256836653,0.9954605079509412,0.9999927389857916,-0.12212417091558081,-1.0926970978935127,23.959332638164756,0.20625651720542232
4,valid_seen,previous10,reasoning_body,l3,0.6,9590,50,1.8870380682090102,1.5053654021562892,1.8870380254148054,1.4809224670359389,0.11612752399318682,0.13453042427702738,0.9537287459507724,0.9461993228811169,0.9955005531452273,0.9999999923241151,-0.09769233536075406,-1.5756967660605423,25.03910323253389,0.1886339937434828
4,valid_seen,previous10,reasoning_body,l3,1.0,9590,50,1.1421674723581705,0.9052000700490891,1.1421445478928196,0.8842933261032647,0.20249112504820263,0.23438584810682012,0.9221406156812892,0.9104308012845742,0.9953731101058969,0.9999949039768998,-0.12212417091558081,-1.018928993678317,25.03910323253389,0.1886339937434828
4,valid_seen,previous10,reasoning_close_tag,l1,0.6,200,50,0.0019288750737428179,0.00028995900454268503,0.0019288750541482879,0.0002899590042733893,3.208548112800164e-05,0.0018228607457555959,0.9999970409274102,0.9997000750899315,0.9999999949336051,0.9999999979138374,-2.9586019450889013e-06,-0.00030169908828852954,28.41,0.0
4,valid_seen,previous10,reasoning_close_tag,l1,1.0,200,50,0.007118433667389184,0.002189989674254387,0.0071184201973849845,0.002189987009060697,0.0014558042448831582,0.01298751943440097,0.9998097282648086,0.9972849273681641,0.9999999976158143,0.9999999690055847,-0.00019049157428245424,-0.002767325731357602,28.41,0.0
4,valid_seen,previous10,reasoning_close_tag,l2,0.6,200,50,0.0033114142826969097,0.0005376516569279428,0.0033114143410242266,0.0005376516548463367,3.208548112800164e-05,0.003013142306583099,0.9999970409274102,0.9994579964876175,0.9999999949336051,0.9999999943375587,-2.9586019450889013e-06,-0.0005461318932627534,28.13,0.0
4,valid_seen,previous10,reasoning_close_tag,l2,1.0,200,50,0.010660147011286489,0.003287393131948822,0.01066012419879775,0.0032873903039092635,0.0014558042448831582,0.016370424239958718,0.9998097282648086,0.9962472960352897,0.9999999994039536,0.9999999430775642,-0.00019049157428245424,-0.0038548851587788136,28.13,0.0
4,valid_seen,previous10,reasoning_close_tag,l3,0.6,200,50,0.0036567650945971888,0.0005218428410999581,0.0036567650978462703,0.0005218428414400859,3.208548112800164e-05,0.0025967239963045584,0.9999970409274102,0.9994795089960098,0.9999999949336051,0.9999999994039536,-2.9586019450889013e-06,-0.0005289979395070787,28.26,0.0
4,valid_seen,previous10,reasoning_close_tag,l3,1.0,200,50,0.00927335439652443,0.0027118132939364025,0.00927334821085652,0.0027118106657072396,0.0014558042448831582,0.01342783090124098,0.9998097282648086,0.9969008389115334,0.9999999994039536,0.9999999821186065,-0.00019049157428245424,-0.003206588600764704,28.26,0.0
4,valid_seen,previous10,special,l1,0.6,50,50,3.3819302051659195e-12,-1.373868624100831e-12,3.379424540261909e-12,-1.3771180481799795e-12,5.183520299101296e-10,5.732085400778075e-10,1.0,1.0,1.0,1.0,0.0,0.0,29.16,0.0
4,valid_seen,previous10,special,l1,1.0,50,50,1.6233631290329952e-08,2.3837092086864688e-08,1.0357251838399862e-08,1.7060325356865747e-08,1.4739528742211405e-05,1.4458474652201403e-05,0.99999929189682,0.9999993014335632,0.9999998128414154,0.9999998462200165,-6.651876185514993e-07,-6.675718009319098e-07,29.16,0.0
4,valid_seen,previous10,special,l2,0.6,50,50,7.231976527574962e-12,-4.349936003305958e-12,7.229299536798016e-12,-4.353578573390766e-12,5.183520299101296e-10,6.519323109133168e-10,1.0,1.0,1.0,1.0,0.0,0.0,29.02,0.0
4,valid_seen,previous10,special,l2,1.0,50,50,3.5050235345224224e-08,1.5110764275405586e-08,2.8338861275400972e-08,7.182617052237106e-09,1.4739528742211405e-05,1.4792892488912913e-05,0.99999929189682,0.9999992859363556,0.9999998116493225,0.9999998712539673,-6.651876185514993e-07,-6.818769122673984e-07,29.02,0.0
4,valid_seen,previous10,special,l3,0.6,50,50,2.6669151812942097e-12,-1.3477720724403354e-12,2.6635870603495496e-12,-1.3513039135332497e-12,5.183520299101296e-10,5.661269936174662e-10,1.0,1.0,1.0,1.0,0.0,0.0,28.76,0.0
4,valid_seen,previous10,special,l3,1.0,50,50,1.3869159385393459e-08,2.228419964334094e-08,6.624468684712781e-09,1.4853161482974998e-08,1.4739528742211405e-05,1.5170018978096777e-05,0.99999929189682,0.9999992620944976,0.9999998104572296,0.9999998235702514,-6.651876185514993e-07,-6.98566192340877e-07,28.76,0.0
4,valid_seen,previous10,tag_or_boundary,l1,0.6,500,50,0.025663207726616146,0.0035388228454511874,0.025663207726615542,0.0035388228454561717,0.0011344556690248548,0.0011427884270290788,0.9998049252033233,0.9995456569194794,0.9999999983310699,0.9999999957084655,-0.0001962442524986301,-0.003012802149192268,28.966,0.002
4,valid_seen,previous10,tag_or_boundary,l1,1.0,500,50,0.013590673232715858,0.004056776041153512,0.013590672463584648,0.004056774768820926,0.00670290398773267,0.0031255346275699428,0.9985044705867767,0.999074782371521,1.000000011444092,1.000000017285347,-0.0015308125763246778,-0.0025582005414234886,28.966,0.002
4,valid_seen,previous10,tag_or_boundary,l2,0.6,500,50,0.00015366098297319686,0.0004618753695707366,0.00015366098297210634,0.00046187536956302704,0.0011344556690248548,0.0001200140259759366,0.9998049252033233,0.999986117362976,0.9999999983310699,0.9999999990463256,-0.0001962442524986301,-1.3889597193909254e-05,28.804,0.0
4,valid_seen,previous10,tag_or_boundary,l2,1.0,500,50,0.0007638472681169918,0.0014324589705160796,0.000763846145774211,0.0014324576165563108,0.00670290398773267,0.002267663426739225,0.9985044705867767,0.9996401232481003,1.0000000123977661,1.0000000120401382,-0.0015308125763246778,-0.0003614078639953107,28.804,0.0
4,valid_seen,previous10,tag_or_boundary,l3,0.6,500,50,0.00016941303839508056,0.0007555530271001697,0.00016941303839445793,0.0007555530271425012,0.0011344556690248548,8.401931502744446e-05,0.9998049252033233,0.9999898800849915,0.9999999983310699,0.9999999965429306,-0.0001962442524986301,-1.0128450781493825e-05,28.8,0.0
4,valid_seen,previous10,tag_or_boundary,l3,1.0,500,50,0.0009883109409233625,0.0024280422540849883,0.0009883101861640653,0.002428040611127119,0.00670290398773267,0.0017446664374407832,0.9985044705867767,0.9997341902256012,1.0000000109672547,1.0000000146627426,-0.0015308125763246778,-0.0002670262069407272,28.8,0.0
4,valid_seen,previous10,valid_reasoning_body,l1,0.6,9590,50,1.3113321296099736,0.9603982326444406,1.311332117739396,0.9507055194739017,0.11612752399318682,0.12818188313181852,0.9537287459507724,0.9489801957845937,0.9984901621121162,0.9999999944373141,-0.09769233536075406,-1.0509273693700687,26.406986444212723,0.14932221063607926
4,valid_seen,previous10,valid_reasoning_body,l1,1.0,9590,50,0.7924207815918022,0.5753009217516633,0.7924116396652405,0.566760556924781,0.20249112504820263,0.22440487917725582,0.9221406156812892,0.9144293805854288,0.9983612238866106,0.9999962118606747,-0.12212417091558081,-0.7007953950116925,26.406986444212723,0.14932221063607926
4,valid_seen,previous10,valid_reasoning_body,l2,0.6,9590,50,2.060408657010354,1.5955320739705061,2.0604085779916907,1.5655309752548574,0.11612752399318682,0.15856530613218564,0.9537287459507724,0.9370203912040613,0.9955286993346393,0.9999999895956021,-0.09769233536075406,-1.677682103053427,23.959332638164756,0.20625651720542232
4,valid_seen,previous10,valid_reasoning_body,l2,1.0,9590,50,1.2623697594077712,0.9637583555181389,1.2623359678734702,0.9399336833032002,0.20249112504820263,0.27292243870460026,0.9221406156812892,0.895765256836653,0.9954605079509412,0.9999927389857916,-0.12212417091558081,-1.0926970978935127,23.959332638164756,0.20625651720542232
4,valid_seen,previous10,valid_reasoning_body,l3,0.6,9590,50,1.8870380682090102,1.5053654021562892,1.8870380254148054,1.4809224670359389,0.11612752399318682,0.13453042427702738,0.9537287459507724,0.9461993228811169,0.9955005531452273,0.9999999923241151,-0.09769233536075406,-1.5756967660605423,25.03910323253389,0.1886339937434828
4,valid_seen,previous10,valid_reasoning_body,l3,1.0,9590,50,1.1421674723581705,0.9052000700490891,1.1421445478928196,0.8842933261032647,0.20249112504820263,0.23438584810682012,0.9221406156812892,0.9104308012845742,0.9953731101058969,0.9999949039768998,-0.12212417091558081,-1.018928993678317,25.03910323253389,0.1886339937434828
5,valid_seen,previous10,action_body,l1,0.6,244,50,-9.307710137277e-11,6.831818413936361e-10,-9.307710084726334e-11,6.831818439243367e-10,9.277966165172862e-09,4.065398475373191e-09,1.0,1.0,1.0,1.0,0.0,0.0,30.10655737704918,0.0
5,valid_seen,previous10,action_body,l1,1.0,244,50,1.4790314602638425e-07,2.0457082525241101e-07,1.479030320156343e-07,2.045707262190231e-07,1.282164761855093e-05,8.962980367235662e-06,0.9999990109048906,0.9999993426389382,1.0000000009771253,1.0000000002442813,-9.903096441540176e-07,-6.571147905008666e-07,30.10655737704918,0.0
5,valid_seen,previous10,action_body,l2,0.6,244,50,2.549797980622794e-05,6.56266629159538e-07,2.5497979806226815e-05,6.562666291601308e-07,9.277966165172862e-09,6.439166012599717e-06,1.0,0.9999993438603448,1.0,1.0,0.0,-6.560882407849603e-07,29.200819672131146,0.0
5,valid_seen,previous10,action_body,l2,1.0,244,50,0.0005138444662515606,2.311991614299042e-05,0.0005138444370371576,2.3119915844656294e-05,1.282164761855093e-05,0.00016234154596723037,0.9999990109048906,0.9999759614956184,1.0000000012214068,0.9999999997557186,-9.903096441540176e-07,-2.4096097452740638e-05,29.200819672131146,0.0
5,valid_seen,previous10,action_body,l3,0.6,244,50,0.3684482437049536,0.05822677773850145,0.3684482437049573,0.05822677773850162,9.277966165172862e-09,0.0007821428149460733,1.0,0.9998358383041913,1.0,1.0000000004885627,0.0,-0.05822677667966909,29.2172131147541,0.00819672131147541
5,valid_seen,previous10,action_body,l3,1.0,244,50,0.22489438060165023,0.0356587613961872,0.22489437281295788,0.035658761397861956,1.282164761855093e-05,0.00300501272371282,0.9999990109048906,0.999211809429966,1.0000000012214068,1.000000001465688,-9.903096441540176e-07,-0.03565911252098239,29.2172131147541,0.00819672131147541
5,valid_seen,previous10,all_response,l1,0.6,10687,50,1.0228303614048657,0.6967532513703903,1.0228303502620195,0.6926671407175936,0.09276652699908587,0.10412342027077558,0.9627802221196354,0.9586398203786568,0.9991559136788893,0.9999999963468661,-0.08103926724734664,-0.760713762007756,26.94600917001965,0.12089454477402452
5,valid_seen,previous10,all_response,l1,1.0,10687,50,0.6143575119272882,0.4166165773736215,0.614348879415032,0.4124680475474891,0.16103146635573143,0.18117537525050867,0.9375347512452341,0.9307335722632724,0.9990044552934434,0.999997484000213,-0.09924564598329487,-0.5133010578268574,26.94600917001965,0.12089454477402452
5,valid_seen,previous10,all_response,l2,0.6,10687,50,1.9096069503204263,1.51381610667704,1.9096068633400063,1.501878768612931,0.09276652699908587,0.1250009854907884,0.9627802221196354,0.9500049558629643,0.9975297201931528,0.9999999920356103,-0.08103926724734664,-1.5773061401074198,24.145036025077196,0.18442968092074483
5,valid_seen,previous10,all_response,l2,1.0,10687,50,1.1741152184993744,0.9111567939703866,1.1740827539959462,0.8994069741221173,0.16103146635573143,0.21621252308886005,0.9375347512452341,0.9173693151450352,0.9972764858856944,0.9999944852680579,-0.09924564598329487,-1.0143973410785594,24.145036025077196,0.18442968092074483
5,valid_seen,previous10,all_response,l3,0.6,10687,50,1.6573693274600527,1.3709112284457337,1.6573693000829597,1.3611401588162566,0.09276652699908587,0.11097953006684862,0.9627802221196354,0.9550562093503752,0.9982501577719466,0.999999995041777,-0.08103926724734664,-1.4340434864439824,25.122391690839336,0.16431178066810143
5,valid_seen,previous10,all_response,l3,1.0,10687,50,1.0111427350394102,0.8197393238317887,1.0111218309782963,0.8108270243937419,0.16103146635573143,0.1923721634048536,0.9375347512452341,0.926009037384898,0.9980361912033835,0.9999961491618063,-0.09924564598329487,-0.9208050440416823,25.122391690839336,0.16431178066810143
5,valid_seen,previous10,reasoning_body,l1,0.6,9693,50,1.1273180711706938,0.7680759259018343,1.1273180588852196,0.7635707918312163,0.1021489963128009,0.11464649585262232,0.9589896443599052,0.9544375426264035,0.999069354402982,0.9999999961874673,-0.08932298888101885,-0.8386826251849566,26.73290003095017,0.13329206643969876
5,valid_seen,previous10,reasoning_body,l1,1.0,9693,50,0.6766291800819969,0.4589914256697524,0.6766196625296056,0.45441747158188045,0.17693995242434613,0.19916756168738817,0.9312763208669245,0.923781958260207,0.9989023646831309,0.9999972262102593,-0.10927042409852299,-0.5657782541970969,26.73290003095017,0.13329206643969876
5,valid_seen,previous10,reasoning_body,l2,0.6,9693,50,2.1049367234786045,1.6689167533291758,2.1049366275789163,1.6557552623675436,0.1021489963128009,0.1376917198840566,0.9589896443599052,0.9449279668311346,0.9972763976525366,0.9999999911512345,-0.08932298888101885,-1.7389949040624462,23.673063035180025,0.20334261838440112
5,valid_seen,previous10,reasoning_body,l2,1.0,9693,50,1.293938975980981,1.004284863786454,1.2939031827931349,0.9913301208401233,0.17693995242434613,0.23783859201983298,0.9312763208669245,0.9090362054318033,0.9969971950822432,0.9999939203569791,-0.10927042409852299,-1.118265795983987,23.673063035180025,0.20334261838440112
5,valid_seen,previous10,reasoning_body,l3,0.6,9693,50,1.8178104254371676,1.5099060556159063,1.8178103952526035,1.4991329800840418,0.1021489963128009,0.12225350356615913,0.9589896443599052,0.950479146900603,0.9980707148303525,0.9999999948653793,-0.08932298888101885,-1.5796056386584134,24.749303621169915,0.18095532858764057
5,valid_seen,previous10,reasoning_body,l3,1.0,9693,50,1.1087845851566942,0.9025796473618871,1.1087615378011928,0.8927534075214338,0.17693995242434613,0.21164668074487802,0.9312763208669245,0.9185334612904325,0.9978348069160412,0.9999957543758493,-0.10927042409852299,-1.0142345675332423,24.749303621169915,0.18095532858764057
5,valid_seen,previous10,reasoning_close_tag,l1,0.6,200,50,0.009853578237824234,0.0011977703875969805,0.009853578235377693,0.0011977703879039348,1.1652649776198685e-05,0.0041411718547687245,0.9999990129470825,0.9988699072599411,0.9999999949336051,0.9999999991059303,-9.852488546613359e-07,-0.001202984389575299,28.26,0.0
5,valid_seen,previous10,reasoning_close_tag,l1,1.0,200,50,0.015608880309048983,0.003946274565679576,0.015608873334323585,0.003946273034739942,0.0007555536060627156,0.015267384598719078,0.9999081847071648,0.9959786075353623,0.999999994635582,0.9999999818205834,-9.187890178612435e-05,-0.004303883899445075,28.26,0.0
5,valid_seen,previous10,reasoning_close_tag,l2,0.6,200,50,0.022982731358827377,0.0028951321440257665,0.022982731338534984,0.00289513214385481,1.1652649776198685e-05,0.005685103564033911,0.9999990129470825,0.9976450726389885,0.9999999949336051,0.9999999970197677,-9.852488546613359e-07,-0.0029013426243977136,28.075,0.0
5,valid_seen,previous10,reasoning_close_tag,l2,1.0,200,50,0.02329330215572952,0.005876076027808816,0.02329328202634467,0.005876074288992247,0.0007555536060627156,0.018835879296854704,0.9999081847071648,0.9944778400659561,0.9999999952316284,0.9999999698996543,-9.187890178612435e-05,-0.006273938814512547,28.075,0.0
5,valid_seen,previous10,reasoning_close_tag,l3,0.6,200,50,0.01064910333564769,0.0014613146681133038,0.01064910333553596,0.0014613146688223452,1.1652649776198685e-05,0.004013852592856513,0.9999990129470825,0.9986796438694,0.9999999949336051,0.999999994635582,-9.852488546613359e-07,-0.0014670734312073463,28.135,0.0
5,valid_seen,previous10,reasoning_close_tag,l3,1.0,200,50,0.013635638993127879,0.0037770893895751495,0.013635633766054357,0.0037770879870304675,0.0007555536060627156,0.013776879731523526,0.9999081847071648,0.9962235772609711,0.9999999955296517,0.9999999913573265,-9.187890178612435e-05,-0.00413956655819824,28.135,0.0
5,valid_seen,previous10,special,l1,0.6,50,50,1.115380227211687e-12,1.4880667090729003e-12,1.1129328709630935e-12,1.4842892710818616e-12,6.399686564018126e-10,6.345673808638708e-10,1.0,1.0,1.0,1.0,0.0,0.0,28.8,0.0
5,valid_seen,previous10,special,l1,1.0,50,50,5.484345961370707e-08,-5.009584747028839e-10,4.892815324453181e-08,-8.125897217325928e-09,1.6065955278463662e-05,1.4560176077793585e-05,0.9999992191791535,0.9999993133544922,0.9999997973442077,0.9999998831748962,-7.534024302913167e-07,-6.604192481063364e-07,28.8,0.0
5,valid_seen,previous10,special,l2,0.6,50,50,9.107748004704622e-12,-4.054954264346659e-12,9.105031417746255e-12,-4.0590707494670994e-12,6.399686564018126e-10,7.852293693044743e-10,1.0,1.0,1.0,1.0,0.0,0.0,28.74,0.0
5,valid_seen,previous10,special,l2,1.0,50,50,5.160935555359458e-08,1.4651133586340847e-08,4.4897738558091757e-08,6.1600122513993936e-09,1.6065955278463662e-05,1.560590151711949e-05,0.9999992191791535,0.9999992227554322,0.999999793767929,0.9999998521804809,-7.534024302913167e-07,-7.390973212295648e-07,28.74,0.0
5,valid_seen,previous10,special,l3,0.6,50,50,2.0498358044328864e-12,8.22054677001899e-13,2.046779880727611e-12,8.181791366374675e-13,6.399686564018126e-10,6.537919017279847e-10,1.0,1.0,1.0,1.0,0.0,0.0,28.86,0.0
5,valid_seen,previous10,special,l3,1.0,50,50,4.5677615703176855e-08,3.5705018763820817e-09,3.876183480855389e-08,-4.3218476619699685e-09,1.6065955278463662e-05,1.5461207203770756e-05,0.9999992191791535,0.9999992561340332,0.9999997973442077,0.9999998414516449,-7.534024302913167e-07,-7.104871144747449e-07,28.86,0.0
5,valid_seen,previous10,tag_or_boundary,l1,0.6,500,50,0.003846585702702229,0.002004986769186348,0.0038465857027017458,0.0020049867691845857,0.00252663990694765,0.0013405454793428587,0.9994916168451309,0.9996933565139771,0.9999999965429306,0.9999999961853028,-0.0005174415978140558,-0.00031338356237343133,28.824,0.0
5,valid_seen,previous10,tag_or_boundary,l1,1.0,500,50,0.00790054507956056,0.0051763371432264555,0.007900544414736152,0.005176335961877399,0.01141855918703896,0.005267335941149504,0.9971823036670685,0.9986712771654129,1.0000000076293944,1.0000000145435333,-0.002922685500914298,-0.0013976338526021123,28.824,0.0
5,valid_seen,previous10,tag_or_boundary,l2,0.6,500,50,0.0004300992339707185,0.0015269109603292352,0.0004300992339700781,0.0015269109603277286,0.00252663990694765,0.00020219839063969808,0.9994916168451309,0.9999746527671814,0.9999999965429306,1.000000002503395,-0.0005174415978140558,-2.5371280592167978e-05,28.796,0.0
5,valid_seen,previous10,tag_or_boundary,l2,1.0,500,50,0.0016696097155827839,0.0036372305635248886,0.0016696088960512587,0.003637229428975046,0.01141855918703896,0.0029723886214882826,0.9971823036670685,0.999496535897255,1.000000007390976,1.0000000150203705,-0.002922685500914298,-0.0005066389364556017,28.796,0.0
5,valid_seen,previous10,tag_or_boundary,l3,0.6,500,50,0.0004767133437567068,0.001818609225433557,0.0004767133437561011,0.0018186092254316522,0.00252663990694765,8.282871904709646e-05,0.9994916168451309,0.9999909301996232,0.9999999965429306,0.999999995470047,-0.0005174415978140558,-9.071829510091335e-06,28.778,0.0
5,valid_seen,previous10,tag_or_boundary,l3,1.0,500,50,0.0020641329860589014,0.004786952148889783,0.002064132200847895,0.0047869508565369315,0.01141855918703896,0.0018013234726323181,0.9971823036670685,0.999722764968872,1.000000005364418,1.000000016450882,-0.002922685500914298,-0.00027814056524977105,28.778,0.0
5,valid_seen,previous10,valid_reasoning_body,l1,0.6,9693,50,1.1273180711706938,0.7680759259018343,1.1273180588852196,0.7635707918312163,0.1021489963128009,0.11464649585262232,0.9589896443599052,0.9544375426264035,0.999069354402982,0.9999999961874673,-0.08932298888101885,-0.8386826251849566,26.73290003095017,0.13329206643969876
5,valid_seen,previous10,valid_reasoning_body,l1,1.0,9693,50,0.6766291800819969,0.4589914256697524,0.6766196625296056,0.45441747158188045,0.17693995242434613,0.19916756168738817,0.9312763208669245,0.923781958260207,0.9989023646831309,0.9999972262102593,-0.10927042409852299,-0.5657782541970969,26.73290003095017,0.13329206643969876
5,valid_seen,previous10,valid_reasoning_body,l2,0.6,9693,50,2.1049367234786045,1.6689167533291758,2.1049366275789163,1.6557552623675436,0.1021489963128009,0.1376917198840566,0.9589896443599052,0.9449279668311346,0.9972763976525366,0.9999999911512345,-0.08932298888101885,-1.7389949040624462,23.673063035180025,0.20334261838440112
5,valid_seen,previous10,valid_reasoning_body,l2,1.0,9693,50,1.293938975980981,1.004284863786454,1.2939031827931349,0.9913301208401233,0.17693995242434613,0.23783859201983298,0.9312763208669245,0.9090362054318033,0.9969971950822432,0.9999939203569791,-0.10927042409852299,-1.118265795983987,23.673063035180025,0.20334261838440112
5,valid_seen,previous10,valid_reasoning_body,l3,0.6,9693,50,1.8178104254371676,1.5099060556159063,1.8178103952526035,1.4991329800840418,0.1021489963128009,0.12225350356615913,0.9589896443599052,0.950479146900603,0.9980707148303525,0.9999999948653793,-0.08932298888101885,-1.5796056386584134,24.749303621169915,0.18095532858764057
5,valid_seen,previous10,valid_reasoning_body,l3,1.0,9693,50,1.1087845851566942,0.9025796473618871,1.1087615378011928,0.8927534075214338,0.17693995242434613,0.21164668074487802,0.9312763208669245,0.9185334612904325,0.9978348069160412,0.9999957543758493,-0.10927042409852299,-1.0142345675332423,24.749303621169915,0.18095532858764057
6,valid_unseen,previous10,action_body,l1,0.6,240,47,2.065430377886579e-06,1.0611540170925919e-07,2.0654303778322426e-06,1.0611540141773732e-07,1.6945595326510783e-07,1.2796503442759213e-06,0.9999999898175399,0.9999998927116394,0.9999999990065892,0.9999999995032947,-9.934101452557798e-09,-1.072871226822277e-07,30.004166666666666,0.0
6,valid_unseen,previous10,action_body,l1,1.0,240,47,8.765242446817988e-05,8.389177497107158e-06,8.765242305691725e-05,8.389176232949082e-06,4.904964702837233e-05,8.716955675005537e-05,0.9999953798949719,0.9999897261460622,1.0000000017384687,1.0000000017384687,-4.622512873127723e-06,-1.0282527282760393e-05,30.004166666666666,0.0
6,valid_unseen,previous10,action_body,l2,0.6,240,47,1.1955263475367924e-08,7.988528502777732e-09,1.1955263250182788e-08,7.988528454965672e-09,1.6945595326510783e-07,7.925435724491428e-08,0.9999999898175399,0.9999999957780044,0.9999999990065892,0.9999999995032947,-9.934101452557798e-09,-3.9736421856654636e-09,29.1,0.0
6,valid_unseen,previous10,action_body,l2,1.0,240,47,3.74562169635161e-06,1.9302904288407966e-06,3.745615722862112e-06,1.930288295035934e-06,4.904964702837233e-05,3.5793562443117675e-05,0.9999953798949719,0.9999968253076077,1.000000002483527,1.000000003228585,-4.622512873127723e-06,-3.1768164358088786e-06,29.1,0.0
6,valid_unseen,previous10,action_body,l3,0.6,240,47,7.266881376760906e-05,2.5444334356777204e-06,7.266881376773171e-05,2.5444334356060538e-06,1.6945595326510783e-07,2.2163376767043126e-05,0.9999999898175399,0.9999974598487218,0.9999999990065892,0.9999999997516473,-9.934101452557798e-09,-2.5405010381026234e-06,29.233333333333334,0.0
6,valid_unseen,previous10,action_body,l3,1.0,240,47,0.0009344012750566852,5.973884014003989e-05,0.0009344012882421743,5.973883955603431e-05,4.904964702837233e-05,0.0003600679041178637,0.9999953798949719,0.9999400841693084,1.0000000017384687,1.0000000004967053,-4.622512873127723e-06,-6.018820304518613e-05,29.233333333333334,0.0
6,valid_unseen,previous10,all_response,l1,0.6,10530,47,1.1537382258895612,0.8026737575112709,1.1537382236462586,0.7956844662207487,0.08870207553805184,0.09916232732656924,0.9638772218740224,0.959782249414683,0.998661551508757,0.9999999975093976,-0.08045921924526639,-0.8625632236388586,26.693542260208925,0.12260208926875593
6,valid_unseen,previous10,all_response,l1,1.0,10530,47,0.6928861556854519,0.48356295692509754,0.6928831312177337,0.4774805504210982,0.15167259190222007,0.16968805510875262,0.9404934653670926,0.9338727657257775,0.9986387410403063,0.9999988209035209,-0.09620287178441897,-0.5711113867675989,26.693542260208925,0.12260208926875593
6,valid_unseen,previous10,all_response,l2,0.6,10530,47,1.9714474092038201,1.5239471555748572,1.9714473883839494,1.5085387284427938,0.08870207553805184,0.11648738526830224,0.9638772218740224,0.9533392469342957,0.9975111180443652,0.9999999962414545,-0.08045921924526639,-1.5972888463944588,24.24624881291548,0.1811965811965812
6,valid_unseen,previous10,all_response,l2,1.0,10530,47,1.196704492240294,0.9204128686433338,1.196689646051889,0.9076774129252317,0.15167259190222007,0.20141324588492618,0.9404934653670926,0.9226066995889712,0.9974217408937691,0.9999971289523759,-0.09620287178441897,-1.0217655993058752,24.24624881291548,0.1811965811965812
6,valid_unseen,previous10,all_response,l3,0.6,10530,47,1.6766088728487745,1.3105126470874804,1.6766088575279785,1.2964080912801497,0.08870207553805184,0.10594202312632274,0.9638772218740224,0.9572727084329665,0.9976194664173718,0.9999999974018489,-0.08045921924526639,-1.3845727342292466,25.273599240265906,0.15963912630579297
6,valid_unseen,previous10,all_response,l3,1.0,10530,47,1.018327940038234,0.7887719039708616,1.0183171219300715,0.7766764941921535,0.15167259190222007,0.18261070815547326,0.9404934653670926,0.9292916370932532,0.9975155706427321,0.9999979106336124,-0.09620287178441897,-0.88824266512538,25.273599240265906,0.15963912630579297
6,valid_unseen,previous10,reasoning_body,l1,0.6,9585,47,1.2671124709051895,0.8814533898594988,1.2671124684406971,0.8737750135121647,0.09711672669548019,0.10876505280721162,0.9604266238479983,0.9558721316749998,0.9985295920657498,0.9999999974441827,-0.08826646384425524,-0.9472387913242653,26.45299947835159,0.13458528951486698
6,valid_unseen,previous10,reasoning_body,l1,1.0,9585,47,0.760759986011904,0.5309304621678108,0.7607566635547003,0.524248381892938,0.1658190253800357,0.18581298297801746,0.9348923850476151,0.9275181150632286,0.9985045327214039,0.9999987048784394,-0.10539052791091413,-0.6270555144107947,26.45299947835159,0.13458528951486698
6,valid_unseen,previous10,reasoning_body,l2,0.6,9585,47,2.1654712832580056,1.6736544323058649,2.165471260385469,1.6567268644706448,0.09711672669548019,0.12787518882333437,0.9604266238479983,0.9487578206374487,0.9972657355837418,0.9999999961258536,-0.08826646384425524,-1.7543575973354681,23.808972352634324,0.1989567031820553
6,valid_unseen,previous10,reasoning_body,l2,1.0,9585,47,1.3143125590762503,1.0107295397943046,1.3142962494467754,0.9967384758980573,0.1658190253800357,0.22075733199021122,0.9348923850476151,0.9150937360901352,0.997167546651145,0.9999968460965543,-0.10539052791091413,-1.1221471183755773,23.808972352634324,0.1989567031820553
6,valid_unseen,previous10,reasoning_body,l3,0.6,9585,47,1.8416143435206835,1.4392344119060836,1.8416143266893747,1.4237392660895751,0.09711672669548019,0.11631574987047852,0.9604266238479983,0.9530743120981494,0.9973847661907067,0.9999999972576267,-0.08826646384425524,-1.5207177622049521,24.92060511215441,0.1752738654147105
6,valid_unseen,previous10,reasoning_body,l3,1.0,9585,47,1.1184421537878002,0.8661644635282835,1.1184302692252874,0.8528765486872075,0.1658190253800357,0.2002050653927202,0.9348923850476151,0.9224103493683028,0.9972706272266469,0.9999977050252924,-0.10539052791091413,-0.9755143612007688,24.92060511215441,0.1752738654147105
6,valid_unseen,previous10,reasoning_close_tag,l1,0.6,188,47,0.0004577709194667692,9.154382699069211e-05,0.00045777092041112934,9.154382697710458e-05,8.882204345252337e-06,0.00066020282417775,0.9999992942556422,0.9999056109722625,0.9999999968295402,1.000000000951138,-7.057390668837145e-07,-9.459593081458254e-05,28.52659574468085,0.0
6,valid_unseen,previous10,reasoning_close_tag,l1,1.0,188,47,0.0029681308890690166,0.0010337564970186218,0.0029681231054008482,0.0010337549991336777,0.0007080307606449901,0.00689001960507418,0.9999162811548152,0.9987252823849941,1.00000000158523,0.9999999892204365,-8.375752319577267e-05,-0.001288820271314568,28.52659574468085,0.0
6,valid_unseen,previous10,reasoning_close_tag,l2,0.6,188,47,0.002388425713988727,0.0003687022888325345,0.002388425714121236,0.00036870228861332453,8.882204345252337e-06,0.0018701178112480862,0.9999992942556422,0.9996321404233892,0.9999999968295402,0.9999999971465862,-7.057390668837145e-07,-0.0003723167544972332,28.04787234042553,0.0
6,valid_unseen,previous10,reasoning_close_tag,l2,1.0,188,47,0.006752387174397517,0.002023433768109852,0.006752377208160747,0.002023432383344404,0.0007080307606449901,0.00977047530818424,0.9999162811548152,0.9977730718698907,1.000000000951138,0.999999980660195,-8.375752319577267e-05,-0.002301697249130881,28.04787234042553,0.0
6,valid_unseen,previous10,reasoning_close_tag,l3,0.6,188,47,0.00021111702975345987,4.7386453521945676e-05,0.00021111703036553743,4.738645373597774e-05,8.882204345252337e-06,0.00034927280332128685,0.9999992942556422,0.999950499293652,0.9999999968295402,0.999999999682954,-7.057390668837145e-07,-4.962410579436252e-05,28.45212765957447,0.0
6,valid_unseen,previous10,reasoning_close_tag,l3,1.0,188,47,0.0014707869368709395,0.0005739949043356495,0.001470784262616091,0.0005739934023569812,0.0007080307606449901,0.004411837649537892,0.9999162811548152,0.9992367805952721,0.999999999365908,1.0000000060238736,-8.375752319577267e-05,-0.0007706192791962721,28.45212765957447,0.0
6,valid_unseen,previous10,special,l1,0.6,47,47,2.628150740244479e-12,-1.0247316507339527e-12,2.6252489903808077e-12,-1.0281785349448948e-12,5.088007509402693e-10,5.514945799088773e-10,1.0,1.0,1.0,1.0,0.0,0.0,28.02127659574468,0.0
6,valid_unseen,previous10,special,l1,1.0,47,47,1.7098373903495897e-08,2.158189385123754e-08,1.0816629105405848e-08,1.4611848251450239e-08,1.486165133138321e-05,1.4662237922590413e-05,0.9999992986942859,0.9999992999624698,0.9999998110405942,0.9999998376724568,-6.619917993257912e-07,-6.64528162350836e-07,28.02127659574468,0.0
6,valid_unseen,previous10,special,l2,0.6,47,47,7.197196171988042e-12,-3.941099170444022e-12,7.193496853765631e-12,-3.945292136593586e-12,5.088007509402693e-10,6.369159661853637e-10,1.0,1.0,1.0,1.0,0.0,0.0,27.80851063829787,0.0
6,valid_unseen,previous10,special,l2,1.0,47,47,3.186421787419588e-08,2.2658725165662022e-08,2.3767211688092186e-08,1.3972767765519402e-08,1.486165133138321e-05,1.546050082245703e-05,0.9999992986942859,0.9999992517714805,0.999999814845146,0.9999998351360889,-6.619917993257912e-07,-7.076463857822788e-07,27.80851063829787,0.0
6,valid_unseen,previous10,special,l3,0.6,47,47,3.6001606197690732e-12,-1.3893406957313478e-12,3.596189422037627e-12,-1.3933304720311514e-12,5.088007509402693e-10,5.671827511201643e-10,1.0,1.0,1.0,1.0,0.0,0.0,27.872340425531913,0.0
6,valid_unseen,previous10,special,l3,1.0,47,47,1.3650890427497496e-08,3.3482754195712545e-08,5.41993340043083e-09,2.5312086247339798e-08,1.486165133138321e-05,1.556981020412616e-05,0.9999992986942859,0.9999992479669287,0.99999981611333,0.9999998123087781,-6.619917993257912e-07,-7.152554857423232e-07,27.872340425531913,0.0
6,valid_unseen,previous10,tag_or_boundary,l1,0.6,470,47,0.007455166711842662,0.0072482746452475705,0.007455166711842355,0.007248274645246225,0.006738977642019121,0.0032805325929831024,0.9977406210087715,0.998915904506724,0.9999999963222665,0.9999999961954482,-0.002556143919871891,-0.007423660191909011,29.04255319148936,0.002127659574468085
6,valid_unseen,previous10,tag_or_boundary,l1,1.0,470,47,0.0077185264916329,0.005857650860470697,0.007718526206811437,0.005857649918005703,0.016152030354967,0.009533712651726553,0.994616086305456,0.9971515654249394,1.0000000110332001,1.0000000150913888,-0.006023708367564344,-0.006874467627599378,29.04255319148936,0.002127659574468085
6,valid_unseen,previous10,tag_or_boundary,l2,0.6,470,47,0.006063706349813236,0.010886162987593592,0.006063706349812763,0.010886162987591845,0.006738977642019121,0.0012274059660995467,0.9977406210087715,0.9997611021741908,0.9999999963222665,0.9999999961954482,-0.002556143919871891,-0.008221245892905354,28.80851063829787,0.002127659574468085
6,valid_unseen,previous10,tag_or_boundary,l2,1.0,470,47,0.004983138954960989,0.007923400006014632,0.004983138295920548,0.007923398735813204,0.016152030354967,0.006545288480076378,0.994616086305456,0.9984990336793534,1.0000000103991082,1.000000018388667,-0.006023708367564344,-0.006336417622966951,28.80851063829787,0.002127659574468085
6,valid_unseen,previous10,tag_or_boundary,l3,0.6,470,47,0.005874080712292899,0.009844290200292025,0.005874080712292577,0.009844290200290297,0.006738977642019121,0.0013022521011403546,0.9977406210087715,0.9997324555478198,0.9999999963222665,0.9999999979709057,-0.002556143919871891,-0.007364258824187476,28.919148936170213,0.002127659574468085
6,valid_unseen,previous10,tag_or_boundary,l3,1.0,470,47,0.004732765222978805,0.007360672249441418,0.0047327646680581535,0.007360671075922273,0.016152030354967,0.006401343684530352,0.994616086305456,0.9985013623186882,1.0000000111600187,1.0000000082431955,-0.006023708367564344,-0.0058101201077740425,28.919148936170213,0.002127659574468085
6,valid_unseen,previous10,valid_reasoning_body,l1,0.6,9585,47,1.2671124709051895,0.8814533898594988,1.2671124684406971,0.8737750135121647,0.09711672669548019,0.10876505280721162,0.9604266238479983,0.9558721316749998,0.9985295920657498,0.9999999974441827,-0.08826646384425524,-0.9472387913242653,26.45299947835159,0.13458528951486698
6,valid_unseen,previous10,valid_reasoning_body,l1,1.0,9585,47,0.760759986011904,0.5309304621678108,0.7607566635547003,0.524248381892938,0.1658190253800357,0.18581298297801746,0.9348923850476151,0.9275181150632286,0.9985045327214039,0.9999987048784394,-0.10539052791091413,-0.6270555144107947,26.45299947835159,0.13458528951486698
6,valid_unseen,previous10,valid_reasoning_body,l2,0.6,9585,47,2.1654712832580056,1.6736544323058649,2.165471260385469,1.6567268644706448,0.09711672669548019,0.12787518882333437,0.9604266238479983,0.9487578206374487,0.9972657355837418,0.9999999961258536,-0.08826646384425524,-1.7543575973354681,23.808972352634324,0.1989567031820553
6,valid_unseen,previous10,valid_reasoning_body,l2,1.0,9585,47,1.3143125590762503,1.0107295397943046,1.3142962494467754,0.9967384758980573,0.1658190253800357,0.22075733199021122,0.9348923850476151,0.9150937360901352,0.997167546651145,0.9999968460965543,-0.10539052791091413,-1.1221471183755773,23.808972352634324,0.1989567031820553
6,valid_unseen,previous10,valid_reasoning_body,l3,0.6,9585,47,1.8416143435206835,1.4392344119060836,1.8416143266893747,1.4237392660895751,0.09711672669548019,0.11631574987047852,0.9604266238479983,0.9530743120981494,0.9973847661907067,0.9999999972576267,-0.08826646384425524,-1.5207177622049521,24.92060511215441,0.1752738654147105
6,valid_unseen,previous10,valid_reasoning_body,l3,1.0,9585,47,1.1184421537878002,0.8661644635282835,1.1184302692252874,0.8528765486872075,0.1658190253800357,0.2002050653927202,0.9348923850476151,0.9224103493683028,0.9972706272266469,0.9999977050252924,-0.10539052791091413,-0.9755143612007688,24.92060511215441,0.1752738654147105
7,valid_unseen,previous10,action_body,l1,0.6,36,5,3.376087244178313e-07,1.4951849748515517e-08,3.3760872439084445e-07,1.495184976856139e-08,3.035806530958968e-08,2.217493390480886e-07,1.0,0.9999999867545234,1.0,1.0,0.0,-1.3245473458785758e-08,29.666666666666668,0.0
7,valid_unseen,previous10,action_body,l1,1.0,36,5,7.16983389731369e-05,5.4340057951210215e-06,7.169821376877676e-05,5.433968102907495e-06,2.977467832929167e-05,7.173071555776722e-05,0.9999975694550408,0.9999933391809464,1.0000000049670537,0.9999999983443154,-2.4305166886525362e-06,-6.665351096933768e-06,29.666666666666668,0.0
7,valid_unseen,previous10,action_body,l2,0.6,36,5,4.388628900053687e-07,2.6536403570532577e-08,4.388628898511672e-07,2.6536403593659958e-08,3.035806530958968e-08,3.7420416500253265e-07,1.0,0.9999999751647314,1.0,1.0,0.0,-2.3179574605415432e-08,29.02777777777778,0.0
7,valid_unseen,previous10,action_body,l2,1.0,36,5,6.845191818905826e-05,7.785609569559679e-06,6.845171423053943e-05,7.785433420213073e-06,2.977467832929167e-05,8.37002242272122e-05,0.9999975694550408,0.9999917679362826,1.0000000016556845,1.0000000033113692,-2.4305166886525362e-06,-8.234616869076364e-06,29.02777777777778,0.0
7,valid_unseen,previous10,action_body,l3,0.6,36,5,1.1667718377143538e-05,5.532337282278561e-07,1.1667719185461064e-05,5.532337280551304e-07,3.035806530958968e-08,6.4963596358913594e-06,1.0,0.9999994503127204,1.0,0.9999999983443154,0.0,-5.496818226270584e-07,28.47222222222222,0.0
7,valid_unseen,previous10,action_body,l3,1.0,36,5,0.0005174185127589934,4.3213600469874745e-05,0.0005174182473713294,4.3213368821296015e-05,2.977467832929167e-05,0.0003306144941363348,0.9999975694550408,0.9999569455782572,0.9999999983443154,0.9999999917215772,-2.4305166886525362e-06,-4.308591806100203e-05,28.47222222222222,0.0
7,valid_unseen,previous10,all_response,l1,0.6,618,5,0.7298117534493256,0.5703876588613308,0.7298117520058339,0.5703875953313657,0.03710974073886278,0.04416966515550853,0.9845919290792595,0.9825339399784514,0.9999999889085208,1.000000001060924,-0.03815278076656594,-0.5774944690630133,27.99514563106796,0.0889967637540453
7,valid_unseen,previous10,all_response,l1,1.0,618,5,0.4210636265569772,0.33847422118030873,0.4210634963334592,0.33846519617484816,0.06663828670388634,0.07523097357890403,0.9736651834643003,0.9699752875226987,0.9999979190456058,0.9999999637356853,-0.04351831201351196,-0.3703255177468335,27.99514563106796,0.0889967637540453
7,valid_unseen,previous10,all_response,l2,0.6,618,5,1.3540762355187121,1.054701431800147,1.3540762482417135,1.042611578214231,0.03710974073886278,0.04727771701459292,0.9845919290792595,0.9804762964013325,0.9983936534067285,0.9999999958527512,-0.03815278076656594,-1.085001372881541,26.0873786407767,0.11650485436893204
7,valid_unseen,previous10,all_response,l2,1.0,618,5,0.8095972212621246,0.6324609831549751,0.8095970699629268,0.6235917054999847,0.06663828670388634,0.08120645866963302,0.9736651834643003,0.96750809175104,0.9984777708534862,0.9999999593955413,-0.04351831201351196,-0.6765865642872642,26.0873786407767,0.11650485436893204
7,valid_unseen,previous10,all_response,l3,0.6,618,5,1.2944218453442253,1.0241735028450984,1.2944218405706263,1.024160698065904,0.03710974073886278,0.043773152309944593,0.9845919290792595,0.9808794790487073,0.9999977650187162,0.9999999977817041,-0.03815278076656594,-1.0458735867255549,26.6084142394822,0.10032362459546926
7,valid_unseen,previous10,all_response,l3,1.0,618,5,0.7708410007484953,0.620609233807449,0.770840399196787,0.6204276318498467,0.06663828670388634,0.07497904407713345,0.9736651834643003,0.9693966168898209,0.9999594977758464,0.9999998188713222,-0.04351831201351196,-0.6511106913740207,26.6084142394822,0.10032362459546926
7,valid_unseen,previous10,reasoning_body,l1,0.6,507,5,0.8832399525921468,0.6785967686477445,0.8832399508326241,0.6785966912088536,0.04000872579571472,0.053092991455694655,0.9841728773577914,0.9788693294840216,0.9999999871855892,1.0000000015283241,-0.04197008583202008,-0.6840425488081392,27.757396449704142,0.10256410256410256
7,valid_unseen,previous10,reasoning_body,l1,1.0,507,5,0.5086178056210836,0.4050014456122073,0.5086176471313002,0.4049904449737693,0.075556642889274,0.08910367433473369,0.9712983957056464,0.9641136378343759,0.9999974648628009,0.9999999570893583,-0.04814553858842062,-0.4388224247400538,27.757396449704142,0.10256410256410256
7,valid_unseen,previous10,reasoning_body,l2,0.6,507,5,1.635944504845738,1.2631370817601721,1.6359445203542484,1.2484003371524879,0.04000872579571472,0.0560333167277706,0.9841728773577914,0.9768674469440881,0.9980419687632861,0.9999999949447738,-0.04197008583202008,-1.2979328025337562,25.497041420118343,0.13609467455621302
7,valid_unseen,previous10,reasoning_body,l2,1.0,507,5,0.9760283711151833,0.7597499162315682,0.9760281864655858,0.7489388443951396,0.075556642889274,0.09581583646827803,0.9712983957056464,0.9615904877524404,0.9981445031611642,0.9999999523868223,-0.04814553858842062,-0.8090162051169789,25.497041420118343,0.13609467455621302
7,valid_unseen,previous10,reasoning_body,l3,0.6,507,5,1.5710759889610626,1.229347906670651,1.571075983142299,1.22933229847826,0.04000872579571472,0.052961379344453045,0.9841728773577914,0.9767600178013186,0.9999972764086676,0.9999999975311685,-0.04197008583202008,-1.2534173136703433,26.17948717948718,0.11637080867850098
7,valid_unseen,previous10,reasoning_body,l3,1.0,507,5,0.9343783287332953,0.7476682572506248,0.9343775957457771,0.7474468963735015,0.075556642889274,0.08929448640793974,0.9712983957056464,0.9631903738782721,0.9999506321884472,0.9999997809793822,-0.04814553858842062,-0.7803353499322669,26.17948717948718,0.11637080867850098
7,valid_unseen,previous10,reasoning_close_tag,l1,0.6,20,5,0.001289771633048334,0.0001775979710067114,0.001289771633051176,0.00017759797098397404,1.8767824571482863e-05,0.0013381445396882124,0.9999983906745911,0.999816107749939,1.0,1.0000000029802323,-1.6093029785224643e-06,-0.00018411703890421904,28.55,0.0
7,valid_unseen,previous10,reasoning_close_tag,l1,1.0,20,5,0.008144215206675205,0.0021066417479196765,0.008144213339903925,0.0021066415916400796,0.0010236101606014042,0.012891898229892455,0.9998702824115753,0.9975180387496948,1.0,0.9999999910593033,-0.00012981782309502422,-0.002507736146843342,28.55,0.0
7,valid_unseen,previous10,reasoning_close_tag,l2,0.6,20,5,0.1989910931319111,0.018544752264625635,0.1989910931319111,0.018544752264625635,1.8767824571482863e-05,0.033528079850261475,0.9999983906745911,0.9843441694974899,1.0,1.0,-1.6093029785224643e-06,-0.01855562065120466,28.2,0.0
7,valid_unseen,previous10,reasoning_close_tag,l2,1.0,20,5,0.14460257686023606,0.026453788527332565,0.14460258791901265,0.02645378693129785,0.0010236101606014042,0.04619695144215476,0.9998702824115753,0.9778959184885025,1.0,0.9999999821186065,-0.00012981782309502422,-0.027025281661178725,28.2,0.0
7,valid_unseen,previous10,reasoning_close_tag,l3,0.6,20,5,0.0013563250217470068,0.0002776058488255697,0.0013563250217470068,0.00027760584883693834,1.8767824571482863e-05,0.001928241889040993,0.9999983906745911,0.9997134953737259,1.0,0.9999999970197677,-1.6093029785224643e-06,-0.00028703625438843974,28.6,0.0
7,valid_unseen,previous10,reasoning_close_tag,l3,1.0,20,5,0.0075676471746243396,0.002473270513521,0.007567647488735849,0.0024732700523414607,0.0010236101606014042,0.013642792952037052,0.9998702824115753,0.9970843970775605,1.0000000029802323,1.0000000029802323,-0.00012981782309502422,-0.0029596285883588536,28.6,0.0
7,valid_unseen,previous10,special,l1,0.6,5,5,-4.761750110155675e-13,2.7794792577012956e-12,-4.809134373281315e-13,2.7728994989907606e-12,7.712884109167817e-10,7.351525610488352e-10,1.0,1.0,1.0,1.0,0.0,0.0,28.2,0.0
7,valid_unseen,previous10,special,l1,1.0,5,5,-1.2095510371068485e-08,6.207991418705205e-08,-2.0828279190254763e-08,5.155619007268797e-08,1.820903198677115e-05,1.6914580919547005e-05,0.9999991297721863,0.9999991536140442,0.9999998092651368,0.9999998092651368,-8.583065095990606e-07,-8.344646744262719e-07,28.2,0.0
7,valid_unseen,previous10,special,l2,0.6,5,5,6.840199560194035e-12,-1.7672636791477015e-12,6.832095403742217e-12,-1.7745984044227615e-12,7.712884109167817e-10,8.714664767595082e-10,1.0,1.0,1.0,1.0,0.0,0.0,28.4,0.0
7,valid_unseen,previous10,special,l2,1.0,5,5,5.7854347090824376e-08,2.2125039578213546e-08,4.4846935054465575e-08,9.707724046847943e-09,1.820903198677115e-05,1.9223191156925167e-05,0.9999991297721863,0.9999990701675415,0.9999997973442077,0.9999998211860657,-8.583065095990606e-07,-9.05990179944638e-07,28.4,0.0
7,valid_unseen,previous10,special,l3,0.6,5,5,7.419591870961358e-12,5.624542796572527e-13,7.412550064587238e-12,5.550001674599695e-13,7.712884109167817e-10,8.505131376956854e-10,1.0,1.0,1.0,1.0,0.0,0.0,27.4,0.0
7,valid_unseen,previous10,special,l3,1.0,5,5,5.9431039822754886e-08,2.8331584900342933e-08,4.695139370625156e-08,1.5315771051405135e-08,1.820903198677115e-05,1.87211031516199e-05,0.9999991297721863,0.9999991059303284,0.9999998092651368,0.9999998450279236,-8.583065095990606e-07,-8.821483447718493e-07,27.4,0.0
7,valid_unseen,previous10,tag_or_boundary,l1,0.6,50,5,0.063904001617845,0.1689491794839066,0.06390400161784435,0.16894917948390353,0.05298038689903219,0.007038710412427061,0.9700439107418061,0.9984580636024475,0.9999999928474427,0.9999999964237213,-0.04599105621687997,-0.20156653635201052,28.96,0.06
7,valid_unseen,previous10,tag_or_boundary,l1,1.0,50,5,0.043652567569271127,0.07598013988950232,0.04365256680312566,0.07598013843779376,0.05707216202696041,0.02113347881580346,0.9655896592140197,0.9937799310684204,1.0000000011920929,1.000000010728836,-0.0496368122685179,-0.12655603552872052,28.96,0.06
7,valid_unseen,previous10,tag_or_boundary,l2,0.6,50,5,0.06830823864077058,0.22048176798978558,0.06830823864077007,0.22048176798978272,0.05298038689903219,0.002763249226524464,0.9700439107418061,0.9995134615898132,0.9999999928474427,1.0,-0.04599105621687997,-0.2421560861737815,28.88,0.06
7,valid_unseen,previous10,tag_or_boundary,l2,1.0,50,5,0.05180364978127715,0.102766477945064,0.05180364909419449,0.10276647655774167,0.05707216202696041,0.0135982803109038,0.9655896592140197,0.9967201209068298,1.0000000047683715,1.0000000035762786,-0.0496368122685179,-0.14836948251678264,28.88,0.06
7,valid_unseen,previous10,tag_or_boundary,l3,0.6,50,5,0.06779254962277809,0.19308528085714294,0.0677925496227756,0.1930852808571397,0.05298038689903219,0.0032318017785556586,0.9700439107418061,0.9994387781620026,0.9999999928474427,1.0,-0.04599105621687997,-0.21723076103790845,28.74,0.06
7,valid_unseen,previous10,tag_or_boundary,l3,1.0,50,5,0.04959890975364411,0.08835357650782998,0.04959890838136603,0.08835357725873663,0.05707216202696041,0.015597860889952204,0.9655896592140197,0.9961891233921051,1.0000000011920929,1.0000000023841857,-0.0496368122685179,-0.13391273555852634,28.74,0.06
7,valid_unseen,previous10,valid_reasoning_body,l1,0.6,507,5,0.8832399525921468,0.6785967686477445,0.8832399508326241,0.6785966912088536,0.04000872579571472,0.053092991455694655,0.9841728773577914,0.9788693294840216,0.9999999871855892,1.0000000015283241,-0.04197008583202008,-0.6840425488081392,27.757396449704142,0.10256410256410256
7,valid_unseen,previous10,valid_reasoning_body,l1,1.0,507,5,0.5086178056210836,0.4050014456122073,0.5086176471313002,0.4049904449737693,0.075556642889274,0.08910367433473369,0.9712983957056464,0.9641136378343759,0.9999974648628009,0.9999999570893583,-0.04814553858842062,-0.4388224247400538,27.757396449704142,0.10256410256410256
7,valid_unseen,previous10,valid_reasoning_body,l2,0.6,507,5,1.635944504845738,1.2631370817601721,1.6359445203542484,1.2484003371524879,0.04000872579571472,0.0560333167277706,0.9841728773577914,0.9768674469440881,0.9980419687632861,0.9999999949447738,-0.04197008583202008,-1.2979328025337562,25.497041420118343,0.13609467455621302
7,valid_unseen,previous10,valid_reasoning_body,l2,1.0,507,5,0.9760283711151833,0.7597499162315682,0.9760281864655858,0.7489388443951396,0.075556642889274,0.09581583646827803,0.9712983957056464,0.9615904877524404,0.9981445031611642,0.9999999523868223,-0.04814553858842062,-0.8090162051169789,25.497041420118343,0.13609467455621302
7,valid_unseen,previous10,valid_reasoning_body,l3,0.6,507,5,1.5710759889610626,1.229347906670651,1.571075983142299,1.22933229847826,0.04000872579571472,0.052961379344453045,0.9841728773577914,0.9767600178013186,0.9999972764086676,0.9999999975311685,-0.04197008583202008,-1.2534173136703433,26.17948717948718,0.11637080867850098
7,valid_unseen,previous10,valid_reasoning_body,l3,1.0,507,5,0.9343783287332953,0.7476682572506248,0.9343775957457771,0.7474468963735015,0.075556642889274,0.08929448640793974,0.9712983957056464,0.9631903738782721,0.9999506321884472,0.9999997809793822,-0.04814553858842062,-0.7803353499322669,26.17948717948718,0.11637080867850098
8,valid_unseen,previous10,action_body,l1,0.6,27,4,1.0600562877081313e-07,1.7093557662374176e-07,1.060056182278063e-07,1.7093559333465408e-07,1.6695414593824462e-06,2.1523976211690523e-07,0.9999998829982899,0.9999999867545234,1.0000000022075795,0.9999999977924205,-1.1920912007318057e-07,-1.3245474511441663e-08,29.48148148148148,0.0
8,valid_unseen,previous10,action_body,l1,1.0,27,4,2.4726735907009142e-05,1.5576834390394368e-05,2.472672970711376e-05,1.5576833479571976e-05,0.00020205583367093727,7.107093905369042e-05,0.9999775577474523,0.9999932668827198,1.0000000022075795,1.0,-2.24508990800974e-05,-6.737222284519467e-06,29.48148148148148,0.0
8,valid_unseen,previous10,action_body,l2,0.6,27,4,0.004636088777777215,0.00013355586759117546,0.0046360887777688025,0.00013355586759117546,1.6695414593824462e-06,0.0008821601179298954,0.9999998829982899,0.9998668962054782,1.0000000022075795,1.0000000022075795,-1.1920912007318057e-07,-0.00013334474836681324,28.25925925925926,0.0
8,valid_unseen,previous10,action_body,l2,1.0,27,4,0.02513953735816095,0.0012675341383983688,0.025139530734240002,0.0012675341367790554,0.00020205583367093727,0.005445933181449836,0.9999775577474523,0.9987687799665663,1.0000000022075795,0.9999999911696823,-2.24508990800974e-05,-0.0012520067018192127,28.25925925925926,0.0
8,valid_unseen,previous10,action_body,l3,0.6,27,4,9.994340757921649e-08,2.871268843663727e-07,9.994340758744022e-08,2.8712686752387825e-07,1.6695414593824462e-06,8.384793553069404e-08,0.9999998829982899,0.9999999955848411,1.0000000022075795,1.0,-1.1920912007318057e-07,-4.4151586090871815e-09,28.444444444444443,0.0
8,valid_unseen,previous10,action_body,l3,1.0,27,4,1.5358651399181707e-05,3.028179903595904e-05,1.535865146361154e-05,3.028179884000111e-05,0.00020205583367093727,3.375549998150691e-05,0.9999775577474523,0.999996891728154,1.0000000022075795,0.9999999955848411,-2.24508990800974e-05,-3.1081672962803473e-06,28.444444444444443,0.0
8,valid_unseen,previous10,all_response,l1,0.6,510,4,1.0187860318666433,0.555127268948718,1.018786029101815,0.5551266844643322,0.03955878054423113,0.05526721937422359,0.984763264539195,0.9785182004465777,0.9999998086807774,0.999999996026357,-0.033897354974774856,-0.5833168859509993,27.51764705882353,0.09607843137254903
8,valid_unseen,previous10,all_response,l1,1.0,510,4,0.5862980715637565,0.35713130544421,0.586297926635558,0.3571144934876916,0.07508630077486803,0.09438323495710439,0.9719200241215089,0.9624700705210368,0.9999931648665783,0.9999999485763849,-0.04311318525930281,-0.3799598947733236,27.51764705882353,0.09607843137254903
8,valid_unseen,previous10,all_response,l2,0.6,510,4,1.7190078634622419,1.0763629737919547,1.7190078545350018,1.076356506024054,0.03955878054423113,0.05575703812011914,0.984763264539195,0.9774631913970498,0.9999970304030998,0.9999999981300504,-0.033897354974774856,-1.0733736020598117,26.109803921568627,0.12941176470588237
8,valid_unseen,previous10,all_response,l2,1.0,510,4,1.0144005870681645,0.6535504302313586,1.014398697392342,0.653404368525005,0.07508630077486803,0.09824680708248494,0.9719200241215089,0.9622077168787226,0.9999455878547594,0.9999997393757689,-0.04311318525930281,-0.6745820184732296,26.109803921568627,0.12941176470588237
8,valid_unseen,previous10,all_response,l3,0.6,510,4,1.676219762442412,1.015629162457288,1.6762197659143352,1.011852911833717,0.03955878054423113,0.0535511840958843,0.984763264539195,0.9760999572043325,0.9991388739324083,0.9999999956757415,-0.033897354974774856,-1.0189996696348684,26.366666666666667,0.11568627450980393
8,valid_unseen,previous10,all_response,l3,1.0,510,4,1.0001936262804798,0.6250578049184431,1.0001926151675515,0.6216027091611898,0.07508630077486803,0.08784964026504918,0.9719200241215089,0.9635372573838514,0.9991377918159261,0.9999998990227195,-0.04311318525930281,-0.6393955266046225,26.366666666666667,0.11568627450980393
8,valid_unseen,previous10,reasoning_body,l1,0.6,423,4,1.2216108843084257,0.6609730951806452,1.2216108809749455,0.6609723904831761,0.04489830049077251,0.06479258620769884,0.9824769485644979,0.9747631084129884,0.9999997689087058,0.9999999949272643,-0.0311033505738887,-0.685808887054383,27.19858156028369,0.11347517730496454
8,valid_unseen,previous10,reasoning_body,l1,1.0,423,4,0.7022822081739477,0.4249367352897407,0.7022820336854423,0.4249164660093065,0.08519382595079829,0.1102978629955284,0.9681196798246803,0.9560587689386192,0.9999917603271791,0.9999999402544459,-0.044466030844169765,-0.44656563181020503,27.19858156028369,0.11347517730496454
8,valid_unseen,previous10,reasoning_body,l2,0.6,423,4,2.066540604609764,1.286685367320597,2.066540593846425,1.2866775693025616,0.04489830049077251,0.06662790129437164,0.9824769485644979,0.9729338020579471,0.999996419212215,0.9999999985909067,-0.0311033505738887,-1.2753163945790285,25.59338061465721,0.1536643026004728
8,valid_unseen,previous10,reasoning_body,l2,1.0,423,4,1.2167486549873245,0.7803809121665918,1.2167463779391128,0.7802048097800027,0.08519382595079829,0.11563472328877772,0.9681196798246803,0.9551270645701857,0.9999343981134131,0.9999996874631156,-0.044466030844169765,-0.8013846887246637,25.59338061465721,0.1536643026004728
8,valid_unseen,previous10,reasoning_body,l3,0.6,423,4,2.0152757327829565,1.210862299840691,2.0152757369689622,1.206309373556957,0.04489830049077251,0.06429469650299162,0.9824769485644979,0.9712278287743282,0.998961762474502,0.999999993940899,-0.0311033505738887,-1.208836991177902,25.905437352245862,0.13711583924349882
8,valid_unseen,previous10,reasoning_body,l3,1.0,423,4,1.201609616069809,0.745222390197522,1.2016083972886245,0.7410566723199296,0.08519382595079829,0.10432079770269982,0.9681196798246803,0.9563990345942495,0.9989604594859671,0.9999998807907104,-0.044466030844169765,-0.7587135679672771,25.905437352245862,0.13711583924349882
8,valid_unseen,previous10,reasoning_close_tag,l1,0.6,16,4,0.04511847358494789,0.02033623568138086,0.04511847358494789,0.020336235680926112,0.008634747270119042,0.035177927307842465,0.9982855841517448,0.9857784993946552,1.0000000037252903,1.0000000074505806,-0.001731786266837787,-0.016048924835100564,27.875,0.0
8,valid_unseen,previous10,reasoning_close_tag,l1,1.0,16,4,0.039716028673769554,0.030314976165625892,0.039716022852139383,0.030314974040048834,0.030721313107476493,0.054996510419300995,0.9915652014315128,0.9767006412148476,1.0000000037252903,0.9999999888241291,-0.008783148305381516,-0.027474384045687916,27.875,0.0
8,valid_unseen,previous10,reasoning_close_tag,l2,0.6,16,4,0.006648161989799578,0.016730418315497094,0.006648161989799535,0.01673041831549705,0.008634747270119042,0.008073403893461353,0.9982855841517448,0.9985467419028282,1.0000000037252903,0.9999999850988388,-0.001731786266837787,-0.001462070324542264,27.9375,0.0
8,valid_unseen,previous10,reasoning_close_tag,l2,1.0,16,4,0.026718674430020153,0.041591032611110114,0.026718658618212335,0.041591031122495466,0.030721313107476493,0.035256405295974805,0.9915652014315128,0.9910552427172661,0.9999999962747097,0.9999999962747097,-0.008783148305381516,-0.009217152598493872,27.9375,0.0
8,valid_unseen,previous10,reasoning_close_tag,l3,0.6,16,4,0.0014920592259693138,0.01054803769974919,0.0014920592259977355,0.010548037699692347,0.008634747270119042,0.002623841569078114,0.9982855841517448,0.9995705597102642,1.0000000037252903,1.0000000037252903,-0.001731786266837787,-0.0004308471373519751,27.875,0.0
8,valid_unseen,previous10,reasoning_close_tag,l3,1.0,16,4,0.006331501908035791,0.02379772660583793,0.006331499886583961,0.02379772521482785,0.030721313107476493,0.015187391310650458,0.9915652014315128,0.9965613596141338,1.0000000037252903,0.9999999888241291,-0.008783148305381516,-0.0035121507500819327,27.875,0.0
8,valid_unseen,previous10,special,l1,0.6,4,4,1.6444841836334807e-11,-9.627481331006852e-12,1.6440938132531455e-11,-9.631326957149143e-12,9.37699154435201e-10,1.2304953167507904e-09,1.0,1.0,1.0,1.0,0.0,0.0,28.25,0.0
8,valid_unseen,previous10,special,l1,1.0,4,4,4.408345599671293e-08,1.7259501605693117e-08,3.5850311608243146e-08,9.090024288838094e-09,1.7701379420032026e-05,1.967208891073824e-05,0.999999076128006,0.9999989569187164,0.9999998062849045,0.9999998211860657,-8.940692737269273e-07,-1.0132784495908709e-06,28.25,0.0
8,valid_unseen,previous10,special,l2,0.6,4,4,2.947976736854263e-11,-1.208371835752231e-11,2.9466929547458665e-11,-1.2089553967295497e-11,9.37699154435201e-10,1.3906258228280066e-09,1.0,1.0,1.0,1.0,0.0,0.0,27.0,0.0
8,valid_unseen,previous10,special,l2,1.0,4,4,1.4264738412705924e-07,6.54204936889613e-08,1.2426743500881798e-07,5.360962340716924e-08,1.7701379420032026e-05,2.2254454506764887e-05,0.999999076128006,0.9999988526105881,0.9999998062849045,0.9999997913837433,-8.940692737269273e-07,-1.132487597033105e-06,27.0,0.0
8,valid_unseen,previous10,special,l3,0.6,4,4,1.0201290174058223e-11,-7.532996741579229e-12,1.0193638098741518e-11,-7.537961032276497e-12,9.37699154435201e-10,1.14153521357796e-09,1.0,1.0,1.0,1.0,0.0,0.0,27.5,0.0
8,valid_unseen,previous10,special,l3,1.0,4,4,6.89630859085355e-08,2.2504770491593717e-08,5.4670593385708344e-08,1.1510647546231212e-08,1.7701379420032026e-05,2.0764005967066623e-05,0.999999076128006,0.9999989569187164,0.9999998062849045,0.9999998211860657,-8.940692737269273e-07,-1.0430807151351473e-06,27.5,0.0
8,valid_unseen,previous10,tag_or_boundary,l1,0.6,40,4,0.05293934374867828,0.07994758790772821,0.05293934374867707,0.07994758790771496,0.026119898306724815,0.005404131541909617,0.9917237371206283,0.9986757934093475,1.000000001490116,1.000000001490116,-0.10258054863661528,-0.17844173640040423,29.35,0.025
8,valid_unseen,previous10,tag_or_boundary,l1,1.0,40,4,0.03276295457380489,0.04758166216925473,0.03276295511137508,0.04758165903203203,0.043998942381215135,0.014937800264895388,0.982503853738308,0.9954963102936745,1.0000000029802323,0.9999999985098839,-0.07593633279305649,-0.11106269939579558,29.35,0.025
8,valid_unseen,previous10,tag_or_boundary,l2,0.6,40,4,0.057894740671468436,0.11014783889649564,0.05789474067146731,0.11014783889648705,0.026119898306724815,0.0024873600674894074,0.9917237371206283,0.9995518818497657,1.000000001490116,0.9999999955296517,-0.10258054863661528,-0.19836771775441076,29.3,0.025
8,valid_unseen,previous10,tag_or_boundary,l2,1.0,40,4,0.03883378687464024,0.06274783415820287,0.03883378592660245,0.06274783191799806,0.043998942381215135,0.012028799061539454,0.982503853738308,0.997088773548603,1.0000000044703483,1.0000000104308129,-0.07593633279305649,-0.1217455734584723,29.3,0.025
8,valid_unseen,previous10,tag_or_boundary,l3,0.6,40,4,0.05966420580777759,0.14018359162532293,0.059664205807776725,0.14018359162531246,0.026119898306724815,0.001811588364247295,0.9917237371206283,0.9997119441628456,1.000000001490116,1.0000000074505806,-0.10258054863661528,-0.20862226430308511,29.125,0.025
8,valid_unseen,previous10,tag_or_boundary,l3,1.0,40,4,0.042904070388668385,0.0792207032641923,0.042904069547647396,0.07922070057070087,0.043998942381215135,0.01079065978598195,0.982503853738308,0.9975578993558883,1.0000000029802323,0.9999999985098839,-0.07593633279305649,-0.12748992033395137,29.125,0.025
8,valid_unseen,previous10,valid_reasoning_body,l1,0.6,423,4,1.2216108843084257,0.6609730951806452,1.2216108809749455,0.6609723904831761,0.04489830049077251,0.06479258620769884,0.9824769485644979,0.9747631084129884,0.9999997689087058,0.9999999949272643,-0.0311033505738887,-0.685808887054383,27.19858156028369,0.11347517730496454
8,valid_unseen,previous10,valid_reasoning_body,l1,1.0,423,4,0.7022822081739477,0.4249367352897407,0.7022820336854423,0.4249164660093065,0.08519382595079829,0.1102978629955284,0.9681196798246803,0.9560587689386192,0.9999917603271791,0.9999999402544459,-0.044466030844169765,-0.44656563181020503,27.19858156028369,0.11347517730496454
8,valid_unseen,previous10,valid_reasoning_body,l2,0.6,423,4,2.066540604609764,1.286685367320597,2.066540593846425,1.2866775693025616,0.04489830049077251,0.06662790129437164,0.9824769485644979,0.9729338020579471,0.999996419212215,0.9999999985909067,-0.0311033505738887,-1.2753163945790285,25.59338061465721,0.1536643026004728
8,valid_unseen,previous10,valid_reasoning_body,l2,1.0,423,4,1.2167486549873245,0.7803809121665918,1.2167463779391128,0.7802048097800027,0.08519382595079829,0.11563472328877772,0.9681196798246803,0.9551270645701857,0.9999343981134131,0.9999996874631156,-0.044466030844169765,-0.8013846887246637,25.59338061465721,0.1536643026004728
8,valid_unseen,previous10,valid_reasoning_body,l3,0.6,423,4,2.0152757327829565,1.210862299840691,2.0152757369689622,1.206309373556957,0.04489830049077251,0.06429469650299162,0.9824769485644979,0.9712278287743282,0.998961762474502,0.999999993940899,-0.0311033505738887,-1.208836991177902,25.905437352245862,0.13711583924349882
8,valid_unseen,previous10,valid_reasoning_body,l3,1.0,423,4,1.201609616069809,0.745222390197522,1.2016083972886245,0.7410566723199296,0.08519382595079829,0.10432079770269982,0.9681196798246803,0.9563990345942495,0.9989604594859671,0.9999998807907104,-0.044466030844169765,-0.7587135679672771,25.905437352245862,0.13711583924349882
9,valid_unseen,previous10,action_body,l1,0.6,308,50,0.00713290831037423,0.024053360376582317,0.0071329084163217205,0.024053360340268316,0.004440346404300163,0.005317413426181857,0.9973614486781034,0.9973815393138241,0.9999999978712627,0.9999999969036548,-0.0034539089258855096,-0.05339971602699935,29.782467532467532,0.006493506493506494
9,valid_unseen,previous10,action_body,l1,1.0,308,50,0.0080977731310221,0.014869128249526171,0.008097763018271363,0.01486911751787876,0.006009480338749464,0.009226328859318147,0.9968381961444756,0.9960459164984814,0.9999999938073096,0.9999999953554822,-0.004110235519824812,-0.03491374640462435,29.782467532467532,0.006493506493506494
9,valid_unseen,previous10,action_body,l2,0.6,308,50,0.022331897497994888,0.04403817613113748,0.022331897454139733,0.044038176329942995,0.004440346404300163,0.006013208378437368,0.9973614486781034,0.9972599721574164,0.9999999980647842,0.9999999976777411,-0.0034539089258855096,-0.08056600885364024,28.905844155844157,0.006493506493506494
9,valid_unseen,previous10,action_body,l2,1.0,308,50,0.01649832063983106,0.027616322186519368,0.01649831179320043,0.0276163062441983,0.006009480338749464,0.009492793455703955,0.9968381961444756,0.9960083882142972,0.9999999940008312,0.9999999959360469,-0.004110235519824812,-0.0513847337197287,28.905844155844157,0.006493506493506494
9,valid_unseen,previous10,action_body,l3,0.6,308,50,0.022778500910145282,0.03489276952462886,0.022778500910524746,0.03489276952765154,0.004440346404300163,0.0038416132335754136,0.9973614486781034,0.9986173560867062,0.9999999980647842,0.9999999978712627,-0.0034539089258855096,-0.06245485510317629,29.107142857142858,0.006493506493506494
9,valid_unseen,previous10,action_body,l3,1.0,308,50,0.019571069236175128,0.019327751913149224,0.019571063695451512,0.019327742073497488,0.006009480338749464,0.008490930061303303,0.9968381961444756,0.997044709595767,0.9999999947749175,0.9999999959360469,-0.004110235519824812,-0.03989792560466308,29.107142857142858,0.006493506493506494
9,valid_unseen,previous10,all_response,l1,0.6,12628,50,0.8912771351543683,0.759992709555738,0.8912771214435314,0.7545046349324417,0.10131406102335888,0.11190502988412614,0.9596467941768153,0.9553189985749085,0.999192226433394,0.999999993609068,-0.09078310524775769,-0.845938387255399,26.880424453595186,0.12377256889452011
9,valid_unseen,previous10,all_response,l1,1.0,12628,50,0.5398146644672939,0.456200192602692,0.5398085595158902,0.4517581124306802,0.17628786261757895,0.19497445517023665,0.9318876468025131,0.9250922055326763,0.9991462708650843,0.9999971916101988,-0.10985162267985359,-0.5687356808799353,26.880424453595186,0.12377256889452011
9,valid_unseen,previous10,all_response,l2,0.6,12628,50,1.4249963970487685,1.243368749414048,1.4249963585512861,1.2254062964942556,0.10131406102335888,0.12463080341271418,0.9596467941768153,0.9497317751615267,0.9977633200506197,0.9999999914756107,-0.09078310524775769,-1.3294035364386878,25.249366487171365,0.16574279379157428
9,valid_unseen,previous10,all_response,l2,1.0,12628,50,0.8624198659920652,0.750067899248402,0.8624079303614228,0.7361855873522297,0.17628786261757895,0.21360144070133347,0.9318876468025131,0.91732395557161,0.9976879501992996,0.999995958410489,-0.10985162267985359,-0.8650986086361718,25.249366487171365,0.16574279379157428
9,valid_unseen,previous10,all_response,l3,0.6,12628,50,1.258223394596014,1.0441708829581098,1.2582233412662587,1.031132147878045,0.10131406102335888,0.1176558017021454,0.9596467941768153,0.9528443309648678,0.9980874988126588,0.9999999815210497,-0.09078310524775769,-1.1324985664120863,26.0460088691796,0.1462622743110548
9,valid_unseen,previous10,all_response,l3,1.0,12628,50,0.7594061120362254,0.6279826587916395,0.7593958392355642,0.6172758393702644,0.17628786261757895,0.20344262576799138,0.9318876468025131,0.9217691086456864,0.9980066043226059,0.9999953384145664,-0.10985162267985359,-0.7435239676098478,26.0460088691796,0.1462622743110548
9,valid_unseen,previous10,reasoning_body,l1,0.6,11570,50,0.9714736875283738,0.8276906863950754,0.9714736725609544,0.8217007636352032,0.11012414172463512,0.12187099578697766,0.9561496151220005,0.951336176923976,0.9991183611444021,0.9999999932667873,-0.09859726370704076,-0.9204679654397081,26.686430423509076,0.1348314606741573
9,valid_unseen,previous10,reasoning_body,l1,1.0,11570,50,0.5881026937797303,0.49670561616206255,0.5880960311231381,0.4918573376434827,0.19145669110511837,0.2120244903623357,0.9260134807463443,0.9184806915790538,0.9990682041550687,0.9999969351569846,-0.11932957318284801,-0.6188509360711051,26.686430423509076,0.1348314606741573
9,valid_unseen,previous10,reasoning_body,l2,0.6,11570,50,1.5535895082219788,1.3546786753647162,1.553589466205446,1.3350736748865188,0.11012414172463512,0.13575471127096075,0.9561496151220005,0.9452392150357353,0.997558790715597,0.9999999908712679,-0.09859726370704076,-1.4474216780359248,24.935177182368193,0.18063958513396716
9,valid_unseen,previous10,reasoning_body,l2,1.0,11570,50,0.939974622678203,0.8170468412054729,0.9399615962871646,0.801895084337898,0.19145669110511837,0.23240248741215394,0.9260134807463443,0.9099888014298837,0.9974765296139785,0.999995589668419,-0.11932957318284801,-0.9418904536034512,24.935177182368193,0.18063958513396716
9,valid_unseen,previous10,reasoning_body,l3,0.6,11570,50,1.371712815463488,1.135964395131116,1.3717127572570813,1.1217333539390681,0.11012414172463512,0.12826793178938364,0.9561496151220005,0.9485762435295712,0.9979126134819784,0.9999999800837029,-0.09859726370704076,-1.2313992235834603,25.7942955920484,0.15937770095073467
9,valid_unseen,previous10,reasoning_body,l3,1.0,11570,50,0.8276168297617718,0.6831254856767585,0.8276056179050324,0.6714395989097455,0.19145669110511837,0.22148678321770918,0.9260134807463443,0.9147621095412336,0.9978243225190333,0.9999949124782582,-0.11932957318284801,-0.8085895285682645,25.7942955920484,0.15937770095073467
9,valid_unseen,previous10,reasoning_close_tag,l1,0.6,200,50,0.009599116754941225,0.0014622993741749796,0.009599116754907527,0.0014622993740601915,4.276356186212489e-05,0.003849264080922395,0.9999956026673317,0.9986738443374634,0.9999999955296517,0.999999997317791,-4.396841150864361e-06,-0.0014739543411688416,28.285,0.0
9,valid_unseen,previous10,reasoning_close_tag,l1,1.0,200,50,0.010613567865332869,0.0032094045127210465,0.010613555141670734,0.0032093983928518787,0.0014174570644853346,0.011481878602069047,0.9998050934076309,0.996684635579586,0.9999999734759331,0.9999999764561653,-0.0001953198839243342,-0.0036854695119544444,28.285,0.0
9,valid_unseen,previous10,reasoning_close_tag,l2,0.6,200,50,0.009861851086272999,0.0014479752828936638,0.009861851078544004,0.00144797528480637,4.276356186212489e-05,0.0038018965155082853,0.9999956026673317,0.9986895108222962,0.9999999955296517,0.9999999994039536,-4.396841150864361e-06,-0.0014580932926494229,28.29,0.0
9,valid_unseen,previous10,reasoning_close_tag,l2,1.0,200,50,0.012055676575644108,0.0032954190631474746,0.01205565542514724,0.0032954130625333588,0.0014174570644853346,0.01185870016271761,0.9998050934076309,0.9966457605361938,0.9999999752640725,0.9999999523162841,-0.0001953198839243342,-0.0037203167405071014,28.29,0.0
9,valid_unseen,previous10,reasoning_close_tag,l3,0.6,200,50,0.0004211826921670384,8.68843135813671e-05,0.0004211826914713989,8.688431365721746e-05,4.276356186212489e-05,0.0005987150864696739,0.9999956026673317,0.9999078375101089,0.9999999955296517,0.9999999958276748,-4.396841150864361e-06,-9.246538586253905e-05,28.56,0.0
9,valid_unseen,previous10,reasoning_close_tag,l3,1.0,200,50,0.002067009800099019,0.0007560201519090484,0.0020670039667931564,0.0007560151154834721,0.0014174570644853346,0.005385787554765196,0.9998050934076309,0.9989727413654328,0.9999999743700028,0.9999999928474427,-0.0001953198839243342,-0.0010422303524914155,28.56,0.0
9,valid_unseen,previous10,special,l1,0.6,50,50,6.883269220174428e-12,-3.863201420071486e-12,6.880531786100454e-12,-3.86736581869479e-12,5.54516290662832e-10,6.778930344841782e-10,1.0,1.0,1.0,1.0,0.0,0.0,28.38,0.0
9,valid_unseen,previous10,special,l1,1.0,50,50,5.1277802377569516e-08,7.78670022683059e-09,4.4853694305402316e-08,-1.4934137482214283e-10,1.5179460951912916e-05,1.4920839021215215e-05,0.9999992668628692,0.9999992835521698,0.9999998188018799,0.9999998903274536,-7.033345582385664e-07,-6.937978264431876e-07,28.38,0.0
9,valid_unseen,previous10,special,l2,0.6,50,50,1.2253675091823093e-11,-6.104095917147754e-12,1.2250933490728185e-11,-6.108819876815205e-12,5.54516290662832e-10,7.617595582098957e-10,1.0,1.0,1.0,1.0,0.0,0.0,27.84,0.0
9,valid_unseen,previous10,special,l2,1.0,50,50,7.22177455969586e-08,1.8017090130939552e-08,6.532254461788512e-08,9.068878945583948e-09,1.5179460951912916e-05,1.513301593149663e-05,0.9999992668628692,0.9999992632865906,0.9999998199939728,0.999999897480011,-7.033345582385664e-07,-7.104871110641397e-07,27.84,0.0
9,valid_unseen,previous10,special,l3,0.6,50,50,3.7515910948008984e-12,-1.3100310067084578e-12,3.7485919505262264e-12,-1.314127109251572e-12,5.54516290662832e-10,6.130117313762895e-10,1.0,1.0,1.0,1.0,0.0,0.0,28.06,0.0
9,valid_unseen,previous10,special,l3,1.0,50,50,3.746433256068826e-08,1.6678497729571972e-08,3.0770939414281884e-08,9.012422621523796e-09,1.5179460951912916e-05,1.4827873110334622e-05,0.9999992668628692,0.999999282360077,0.9999998211860657,0.9999998605251312,-7.033345582385664e-07,-6.890294491768145e-07,28.06,0.0
9,valid_unseen,previous10,tag_or_boundary,l1,0.6,500,50,0.021960677830296496,0.02621159961642134,0.02196067783023583,0.026211599616301606,0.007762926832650284,0.0013633598721401357,0.9971644463539123,0.9997609280347824,0.9999999970197677,0.9999999973773956,-0.009148057321639187,-0.03190738143841412,28.87,0.002
9,valid_unseen,previous10,tag_or_boundary,l1,1.0,500,50,0.01562917120038716,0.0175809607979952,0.015629170382618435,0.017580958745845116,0.017748085436575755,0.00775047069297711,0.9938281702995301,0.9982474726438523,1.000000005364418,1.0000000150203705,-0.010516155584041044,-0.0207965706484662,28.87,0.002
9,valid_unseen,previous10,tag_or_boundary,l2,0.6,500,50,0.02194659431261726,0.02754988065232592,0.021946594312854468,0.02754988065231185,0.007762926832650284,0.0010866571379798998,0.9971644463539123,0.9998023303747177,0.9999999970197677,0.9999999976158143,-0.009148057321639187,-0.03186618777329418,28.792,0.002
9,valid_unseen,previous10,tag_or_boundary,l2,1.0,500,50,0.015278123355817443,0.018921134029138226,0.015278122356184943,0.018921131810631545,0.017748085436575755,0.0063318735002400525,0.9938281702995301,0.9985935591459274,1.000000006556511,1.0000000125169755,-0.010516155584041044,-0.02044416961502543,28.792,0.002
9,valid_unseen,previous10,tag_or_boundary,l3,0.6,500,50,0.022055474453933122,0.06383501690352023,0.022055474453931332,0.06383501690350883,0.007762926832650284,0.0007890663352741489,0.9971644463539123,0.9998707212209702,0.9999999970197677,0.999999997138977,-0.009148057321639187,-0.06929658268446809,28.778,0.002
9,valid_unseen,previous10,tag_or_boundary,l3,1.0,500,50,0.015624738583556456,0.04059798697433929,0.015624737510748901,0.04059798429917962,0.017748085436575755,0.00555658201162083,0.9938281702995301,0.9988368272781372,1.0000000070333481,1.000000011563301,-0.010516155584041044,-0.042685551668258256,28.778,0.002
9,valid_unseen,previous10,valid_reasoning_body,l1,0.6,11570,50,0.9714736875283738,0.8276906863950754,0.9714736725609544,0.8217007636352032,0.11012414172463512,0.12187099578697766,0.9561496151220005,0.951336176923976,0.9991183611444021,0.9999999932667873,-0.09859726370704076,-0.9204679654397081,26.686430423509076,0.1348314606741573
9,valid_unseen,previous10,valid_reasoning_body,l1,1.0,11570,50,0.5881026937797303,0.49670561616206255,0.5880960311231381,0.4918573376434827,0.19145669110511837,0.2120244903623357,0.9260134807463443,0.9184806915790538,0.9990682041550687,0.9999969351569846,-0.11932957318284801,-0.6188509360711051,26.686430423509076,0.1348314606741573
9,valid_unseen,previous10,valid_reasoning_body,l2,0.6,11570,50,1.5535895082219788,1.3546786753647162,1.553589466205446,1.3350736748865188,0.11012414172463512,0.13575471127096075,0.9561496151220005,0.9452392150357353,0.997558790715597,0.9999999908712679,-0.09859726370704076,-1.4474216780359248,24.935177182368193,0.18063958513396716
9,valid_unseen,previous10,valid_reasoning_body,l2,1.0,11570,50,0.939974622678203,0.8170468412054729,0.9399615962871646,0.801895084337898,0.19145669110511837,0.23240248741215394,0.9260134807463443,0.9099888014298837,0.9974765296139785,0.999995589668419,-0.11932957318284801,-0.9418904536034512,24.935177182368193,0.18063958513396716
9,valid_unseen,previous10,valid_reasoning_body,l3,0.6,11570,50,1.371712815463488,1.135964395131116,1.3717127572570813,1.1217333539390681,0.11012414172463512,0.12826793178938364,0.9561496151220005,0.9485762435295712,0.9979126134819784,0.9999999800837029,-0.09859726370704076,-1.2313992235834603,25.7942955920484,0.15937770095073467
9,valid_unseen,previous10,valid_reasoning_body,l3,1.0,11570,50,0.8276168297617718,0.6831254856767585,0.8276056179050324,0.6714395989097455,0.19145669110511837,0.22148678321770918,0.9260134807463443,0.9147621095412336,0.9978243225190333,0.9999949124782582,-0.11932957318284801,-0.8085895285682645,25.7942955920484,0.15937770095073467
10,valid_unseen,previous10,action_body,l1,0.6,271,50,2.760984678718254e-06,2.0700458318456692e-06,2.760984675184154e-06,2.0700459275364987e-06,2.1726255406505453e-05,4.521932905786375e-05,0.999997823660664,0.99999449195897,0.99999999934017,0.99999999802051,-2.1771796258452438e-06,-5.510969696547825e-06,29.627306273062732,0.0
10,valid_unseen,previous10,action_body,l1,1.0,271,50,2.5684987462123717e-05,2.626654777907314e-05,2.5684861308952603e-05,2.6265883128509188e-05,0.0007190151900914522,0.0008132129427064465,0.9999003254179585,0.9998725333776861,1.00000000131966,1.00000000263932,-9.986532827756332e-05,-0.00012812964681612341,29.627306273062732,0.0
10,valid_unseen,previous10,action_body,l2,0.6,271,50,0.07941817859798411,0.0032444505840820074,0.0794181785979987,0.0032444505840601512,2.1726255406505453e-05,0.004425955084118264,0.999997823660664,0.9975268136971112,0.99999999934017,0.9999999982404533,-2.1771796258452438e-06,-0.003245934974567038,28.793357933579337,0.0
10,valid_unseen,previous10,action_body,l2,1.0,271,50,0.057936644959520285,0.003950322280444688,0.05793664117215133,0.003950320929364686,0.0007190151900914522,0.006040507389886201,0.9999003254179585,0.9969199909055365,1.0000000010997168,1.0000000074780735,-9.986532827756332e-05,-0.0040188807640008295,28.793357933579337,0.0
10,valid_unseen,previous10,action_body,l3,0.6,271,50,0.003410646313111036,0.00019659934242143986,0.003410646313113677,0.0001965993424328816,2.1726255406505453e-05,0.0007599706357753153,0.999997823660664,0.9998093823665183,0.99999999934017,0.99999999934017,-2.1771796258452438e-06,-0.00019565837565713122,28.907749077490774,0.0
10,valid_unseen,previous10,action_body,l3,1.0,271,50,0.005982660171156695,0.0006522417063756381,0.005982659156720435,0.0006522406508083873,0.0007190151900914522,0.0021077182554098757,0.9999003254179585,0.999380733914041,1.00000000131966,1.0000000019794901,-9.986532827756332e-05,-0.0006652056959061319,28.907749077490774,0.0
10,valid_unseen,previous10,all_response,l1,0.6,12148,50,1.1539401695979825,0.9267605527891223,1.1539401103443128,0.9158628667489583,0.1020155569300182,0.11910555743155957,0.9585807943409373,0.9526075554038296,0.9988712040829396,0.9999999832049145,-0.09190216969090882,-1.0157458246556332,26.16718801448798,0.14315113598946327
10,valid_unseen,previous10,all_response,l1,1.0,12148,50,0.7021163446896161,0.5611232547138493,0.7021072450328439,0.5528312330720427,0.17635854637668355,0.20705050219418364,0.93157027625124,0.9210338736168248,0.998709406736784,0.9999958925098819,-0.11060921953077989,-0.674468003997698,26.16718801448798,0.14315113598946327
10,valid_unseen,previous10,all_response,l2,0.6,12148,50,1.6973669374934603,1.3484489854774666,1.6973669149777353,1.3379804443890317,0.1020155569300182,0.12994700607440932,0.9585807943409373,0.9477361604144473,0.9982948319119045,0.9999999934203302,-0.09190216969090882,-1.4362119895170855,24.81791241356602,0.17624300296345077
10,valid_unseen,previous10,all_response,l2,1.0,12148,50,1.0266211513907388,0.8166789538598417,1.026608555427008,0.8075355620920317,0.17635854637668355,0.22322052499141962,0.93157027625124,0.9143375918627334,0.998145714773268,0.9999961602695686,-0.11060921953077989,-0.932125834824293,24.81791241356602,0.17624300296345077
10,valid_unseen,previous10,all_response,l3,0.6,12148,50,1.5859271412295743,1.317383655461243,1.5859271089530158,1.2997403424531029,0.1020155569300182,0.12089963359763778,0.9585807943409373,0.9515179160627872,0.9975712367918338,0.9999999926647231,-0.09190216969090882,-1.4284483194765254,25.28177477774119,0.16834046756667764
10,valid_unseen,previous10,all_response,l3,1.0,12148,50,0.959587233815637,0.7968269686087917,0.9595729412456451,0.7826534349178679,0.17635854637668355,0.20932338007340548,0.93157027625124,0.9200216477953331,0.9974086179791525,0.9999955975532453,-0.11060921953077989,-0.9228569974545084,25.28177477774119,0.16834046756667764
10,valid_unseen,previous10,reasoning_body,l1,0.6,11127,50,1.2595611592385525,1.0117056911590725,1.2595610945478333,0.9998080466892296,0.11127632863530117,0.1299318407164048,0.9548001509275978,0.9483012615445169,0.9987676273768451,0.9999999818191638,-0.10031478787919888,-1.1088972241571715,25.902219825649322,0.1562865102902849
10,valid_unseen,previous10,reasoning_body,l1,1.0,11127,50,0.7662972124631462,0.6124369209551378,0.7662872779888401,0.6033840336356521,0.19207144012782085,0.22563940525593792,0.9254039780337974,0.9138958670679017,0.9985909841313407,0.9999955162276066,-0.12064177442297506,-0.7362350155323716,25.902219825649322,0.1562865102902849
10,valid_unseen,previous10,reasoning_body,l2,0.6,11127,50,1.851029814556036,1.472029585145299,1.8510297899742736,1.4606004634465182,0.11127632863530117,0.1416708651506575,0.9548001509275978,0.9430281480624796,0.998138367995724,0.9999999930415715,-0.10031478787919888,-1.567887912162945,24.459872382493035,0.19241484676912016
10,valid_unseen,previous10,reasoning_body,l2,1.0,11127,50,1.1192024706155097,0.8913628325077336,1.1191887191474754,0.8813804544061754,0.19207144012782085,0.24316696363932622,0.9254039780337974,0.9066485478634396,0.9979755685692383,0.9999958081280562,-0.12064177442297506,-1.0174552263432357,24.459872382493035,0.19241484676912016
10,valid_unseen,previous10,reasoning_body,l3,0.6,11127,50,1.7313476066884212,1.4382171121384122,1.731347571450226,1.4189548701663777,0.11127632863530117,0.13194870229651848,0.9548001509275978,0.9470774789640521,0.9973483766666489,0.9999999922487713,-0.10031478787919888,-1.5595126534423958,24.958030017075583,0.18378718432641322
10,valid_unseen,previous10,reasoning_body,l3,1.0,11127,50,1.0474074129022894,0.8698177819918242,1.0473918089830103,0.8543437022320413,0.19207144012782085,0.2281951829582634,0.9254039780337974,0.9127500946844022,0.9971708365617782,0.9999951937668534,-0.12064177442297506,-1.007468446388924,24.958030017075583,0.18378718432641322
10,valid_unseen,previous10,reasoning_close_tag,l1,0.6,200,50,0.01386982878715962,0.002688502070570162,0.013869828786865903,0.002688502070622917,4.226652151320993e-05,0.004465819299090205,0.9999958148598671,0.9978333359956741,0.9999999967217446,1.0000000002980232,-4.1850884475280735e-06,-0.002712582585554806,28.7,0.0
10,valid_unseen,previous10,reasoning_close_tag,l1,1.0,200,50,0.01045495541023392,0.0038565291525387226,0.0104549499745714,0.0038565270450787096,0.0014046122229608709,0.011044250258366074,0.9998055210709572,0.9962123653292656,0.9999999934434891,0.9999999925494194,-0.00019482765755284958,-0.004509091688225802,28.7,0.0
10,valid_unseen,previous10,reasoning_close_tag,l2,0.6,200,50,0.007639963249613645,0.0014533288591094776,0.007639963250778258,0.001453328859116403,4.226652151320993e-05,0.0038508428579347538,0.9999958148598671,0.9986729896068574,0.9999999967217446,0.9999999943375587,-4.1850884475280735e-06,-0.0014747479396836382,28.395,0.0
10,valid_unseen,previous10,reasoning_close_tag,l2,1.0,200,50,0.008621068695865139,0.002983744664538823,0.008621061723294122,0.002983742327598305,0.0014046122229608709,0.010445263598410637,0.9998055210709572,0.9968118613958359,0.9999999907612801,0.9999999940395355,-0.00019482765755284958,-0.0035583136633590227,28.395,0.0
10,valid_unseen,previous10,reasoning_close_tag,l3,0.6,200,50,0.0002195768842338329,4.577306308437515e-05,0.00021957688380146246,4.577306310827442e-05,4.226652151320993e-05,0.0004019166823772291,0.9999958148598671,0.9999442172050476,0.9999999967217446,0.9999999928474427,-4.1850884475280735e-06,-5.5860677757983976e-05,28.62,0.0
10,valid_unseen,previous10,reasoning_close_tag,l3,1.0,200,50,0.0012260692957798268,0.00045487065037508366,0.001226067506634796,0.00045486901477576037,0.0014046122229608709,0.004355993120815258,0.9998055210709572,0.9992059403657914,0.9999999940395355,1.0000000017881394,-0.00019482765755284958,-0.0008020322241676325,28.62,0.0
10,valid_unseen,previous10,special,l1,0.6,50,50,4.9618134800587004e-12,-2.677790591736474e-12,4.959034641769126e-12,-2.681557144439345e-12,4.756810467743122e-10,5.638083400150151e-10,1.0,1.0,1.0,1.0,0.0,0.0,28.2,0.0
10,valid_unseen,previous10,special,l1,1.0,50,50,2.5616748793311215e-08,2.4810559073884518e-08,1.9375499693552457e-08,1.7356218204866992e-08,1.4984416593506466e-05,1.452823358704336e-05,0.9999992942810059,0.9999992883205414,0.9999998104572296,0.9999998366832733,-6.818769088567933e-07,-6.77108533864157e-07,28.2,0.0
10,valid_unseen,previous10,special,l2,0.6,50,50,1.043835690755742e-11,-3.323553945076829e-12,1.0435496498165434e-11,-3.327675697793525e-12,4.756810467743122e-10,6.209518288446958e-10,1.0,1.0,1.0,1.0,0.0,0.0,28.06,0.0
10,valid_unseen,previous10,special,l2,1.0,50,50,4.8809480519551585e-08,3.6367720142038705e-08,4.1796413849937154e-08,2.7753351856674157e-08,1.4984416593506466e-05,1.4661010336567415e-05,0.9999992942810059,0.9999992859363556,0.9999998104572296,0.9999998569488525,-6.818769088567933e-07,-6.866452702070092e-07,28.06,0.0
10,valid_unseen,previous10,special,l3,0.6,50,50,3.218470385492854e-12,-1.2775897656155163e-12,3.215249551926638e-12,-1.28135807018581e-12,4.756810467743122e-10,5.278893128179973e-10,1.0,1.0,1.0,1.0,0.0,0.0,28.02,0.0
10,valid_unseen,previous10,special,l3,1.0,50,50,2.3279155456634727e-08,2.6153166459153e-08,1.6169521090958482e-08,1.8402679415885358e-08,1.4984416593506466e-05,1.483957275922876e-05,0.9999992942810059,0.9999992775917054,0.9999998116493225,0.9999998247623444,-6.818769088567933e-07,-6.866452702070092e-07,28.02,0.0
10,valid_unseen,previous10,tag_or_boundary,l1,0.6,500,50,0.00030689488878168306,0.0009994167177052136,0.0003068948889848963,0.0009994167177020553,0.0021978714351272004,0.0004746034019334307,0.9995592741966247,0.9999265426397324,0.9999999964237213,0.999999997496605,-0.0004469712798915708,-7.370945978085786e-05,28.972,0.0
10,valid_unseen,previous10,tag_or_boundary,l1,1.0,500,50,0.0012446384350779619,0.002322506981078102,0.001244637832117461,0.0023225055282430724,0.009496364599506224,0.004259762402591301,0.9976231904029846,0.9991845796108246,1.0000000060796739,1.0000000041723252,-0.002467423452302697,-0.0008274388159438643,28.972,0.0
10,valid_unseen,previous10,tag_or_boundary,l2,0.6,500,50,0.0003089821100845212,0.0010303395771601098,0.00030898211011290975,0.0010303395772150894,0.0021978714351272004,0.0005098216602553369,0.9995592741966247,0.9999206175804138,0.9999999964237213,0.9999999982118607,-0.0004469712798915708,-7.970410083584057e-05,28.876,0.0
10,valid_unseen,previous10,tag_or_boundary,l2,1.0,500,50,0.001205619184477375,0.0023088121730280775,0.0012056183623975222,0.002308810582880574,0.009496364599506224,0.00447473981624927,0.9976231904029846,0.9991340395212174,1.0000000052452087,1.0000000084638596,-0.002467423452302697,-0.0008790483446948087,28.876,0.0
10,valid_unseen,previous10,tag_or_boundary,l3,0.6,500,50,0.00033978301389684995,0.000944813489425029,0.00033978301360506415,0.0009448134893052857,0.0021978714351272004,0.0004184061711558916,0.9995592741966247,0.9999426996707916,0.9999999964237213,0.999999997496605,-0.0004469712798915708,-5.738918386443004e-05,28.912,0.0
10,valid_unseen,previous10,tag_or_boundary,l3,1.0,500,50,0.0013938341981788187,0.0022476429928244483,0.0013938335137318838,0.002247641413748009,0.009496364599506224,0.004578976210233813,0.9976231904029846,0.999158686041832,1.0000000060796739,1.0000000118017196,-0.002467423452302697,-0.0008493811742491317,28.912,0.0
10,valid_unseen,previous10,valid_reasoning_body,l1,0.6,11127,50,1.2595611592385525,1.0117056911590725,1.2595610945478333,0.9998080466892296,0.11127632863530117,0.1299318407164048,0.9548001509275978,0.9483012615445169,0.9987676273768451,0.9999999818191638,-0.10031478787919888,-1.1088972241571715,25.902219825649322,0.1562865102902849
10,valid_unseen,previous10,valid_reasoning_body,l1,1.0,11127,50,0.7662972124631462,0.6124369209551378,0.7662872779888401,0.6033840336356521,0.19207144012782085,0.22563940525593792,0.9254039780337974,0.9138958670679017,0.9985909841313407,0.9999955162276066,-0.12064177442297506,-0.7362350155323716,25.902219825649322,0.1562865102902849
10,valid_unseen,previous10,valid_reasoning_body,l2,0.6,11127,50,1.851029814556036,1.472029585145299,1.8510297899742736,1.4606004634465182,0.11127632863530117,0.1416708651506575,0.9548001509275978,0.9430281480624796,0.998138367995724,0.9999999930415715,-0.10031478787919888,-1.567887912162945,24.459872382493035,0.19241484676912016
10,valid_unseen,previous10,valid_reasoning_body,l2,1.0,11127,50,1.1192024706155097,0.8913628325077336,1.1191887191474754,0.8813804544061754,0.19207144012782085,0.24316696363932622,0.9254039780337974,0.9066485478634396,0.9979755685692383,0.9999958081280562,-0.12064177442297506,-1.0174552263432357,24.459872382493035,0.19241484676912016
10,valid_unseen,previous10,valid_reasoning_body,l3,0.6,11127,50,1.7313476066884212,1.4382171121384122,1.731347571450226,1.4189548701663777,0.11127632863530117,0.13194870229651848,0.9548001509275978,0.9470774789640521,0.9973483766666489,0.9999999922487713,-0.10031478787919888,-1.5595126534423958,24.958030017075583,0.18378718432641322
10,valid_unseen,previous10,valid_reasoning_body,l3,1.0,11127,50,1.0474074129022894,0.8698177819918242,1.0473918089830103,0.8543437022320413,0.19207144012782085,0.2281951829582634,0.9254039780337974,0.9127500946844022,0.9971708365617782,0.9999951937668534,-0.12064177442297506,-1.007468446388924,24.958030017075583,0.18378718432641322
11,valid_seen,additional20,action_body,l1,0.6,201,33,0.009905170720630688,0.06989683978974359,0.009905170943339823,0.06989684201375097,0.013103488131908626,0.0018156358214985672,0.9925604696890608,0.9994391363058517,0.9999999964415137,0.9999999979242163,-0.017647195935169748,-0.08558554168300636,29.512437810945272,0.004975124378109453
11,valid_seen,additional20,action_body,l1,1.0,201,33,0.009871629976693297,0.04009488107599394,0.009871629209320873,0.040094879865630345,0.014406538149813755,0.004134252706296083,0.9914688521356725,0.9986544577636529,1.0000000065238914,1.0000000050411888,-0.016048447645922823,-0.05248722524598045,29.512437810945272,0.004975124378109453
11,valid_seen,additional20,action_body,l2,0.6,201,33,0.009759972927284304,0.04853494161835039,0.009759973223803266,0.04853494161834329,0.013103488131908626,0.0016399754852565365,0.9925604696890608,0.9996396819157387,0.9999999964415137,0.9999999961449733,-0.017647195935169748,-0.11852832055740972,28.492537313432837,0.0
11,valid_seen,additional20,action_body,l2,1.0,201,33,0.013215617424976619,0.029271052041418274,0.013215616230083497,0.029271051181096536,0.014406538149813755,0.005582989233921504,0.9914688521356725,0.9984951040044946,1.0000000074135131,1.0000000071169726,-0.016048447645922823,-0.07250911739152101,28.492537313432837,0.0
11,valid_seen,additional20,action_body,l3,0.6,201,33,0.03172309222868608,0.06848379617368934,0.031723091932147084,0.06848379619222615,0.013103488131908626,0.0049584397199616635,0.9925604696890608,0.9983485566442879,0.9999999961449733,0.9999999952553517,-0.017647195935169748,-0.0018080050094498353,28.323383084577113,0.014925373134328358
11,valid_seen,additional20,action_body,l3,1.0,201,33,0.02529590718145702,0.03459753947904234,0.025295907174341135,0.03459753908481766,0.014406538149813755,0.009322826231741094,0.9914688521356725,0.9965003571700101,1.00000000563427,1.0000000023723241,-0.016048447645922823,-0.003952371061649351,28.323383084577113,0.014925373134328358
11,valid_seen,additional20,all_response,l1,0.6,7606,33,0.9826701354527532,0.83486683062304,0.9826701234528952,0.8302969076787141,0.09340906013520069,0.10648110808617521,0.9624748716511414,0.9573607477010503,0.9992230043316838,0.999999994584958,-0.08303765577004044,-0.9218824489367914,26.62279779121746,0.12766237181172757
11,valid_seen,additional20,all_response,l1,1.0,7606,33,0.5899582115611368,0.5012646478003429,0.5899522736240117,0.49724797179115626,0.16261717822877242,0.18472001867340535,0.9372500670393485,0.9292048251933717,0.9991764175175911,0.9999970083342644,-0.10086088237877376,-0.6111284853053363,26.62279779121746,0.12766237181172757
11,valid_seen,additional20,all_response,l2,0.6,7606,33,1.4588574522389073,1.1634831827231658,1.4588574369304679,1.1578730507790036,0.09340906013520069,0.11458935351996367,0.9624748716511414,0.9542666136152708,0.9987514524953972,0.9999999945065927,-0.08303765577004044,-1.2909913512362345,25.300552195635024,0.1602682093084407
11,valid_seen,additional20,all_response,l2,1.0,7606,33,0.8798090467558127,0.7030462730202237,0.8797982928694043,0.6972868001821777,0.16261717822877242,0.19736098472977057,0.9372500670393485,0.9241363424401267,0.9986012988486626,0.9999969787356918,-0.10086088237877376,-0.83681996509574,25.300552195635024,0.1602682093084407
11,valid_seen,additional20,all_response,l3,0.6,7606,33,1.446827699199468,1.165612651617485,1.446827672468227,1.1468683037951197,0.09340906013520069,0.10538506605946857,0.9624748716511414,0.9585971782474244,0.9981131297502017,0.9999999924220758,-0.08303765577004044,-1.248852041828511,25.65882198264528,0.14830397054956612
11,valid_seen,additional20,all_response,l3,1.0,7606,33,0.8733214130479829,0.6991557171691606,0.8733095415295477,0.6854480934892695,0.16261717822877242,0.18639168759527905,0.9372500670393485,0.9296340740905634,0.9980193718209924,0.9999963477853409,-0.10086088237877376,-0.8074531829586489,25.65882198264528,0.14830397054956612
11,valid_seen,additional20,reasoning_body,l1,0.6,6910,33,1.0748965452402206,0.9144804678372607,1.0748965320251467,0.9094502457878318,0.10224018675459617,0.11694608722802519,0.9589752022721488,0.9531692534512618,0.9991447428412373,0.9999999941689233,-0.09081604897743333,-1.0096711520116846,26.378147612156294,0.1397973950795948
11,valid_seen,additional20,reasoning_body,l1,1.0,6910,33,0.6452716517455358,0.5490165075432505,0.6452651158768917,0.5445952577830382,0.1779599696183107,0.20254175239686503,0.9313573355396991,0.9223056836191204,0.9990934640759476,0.9999967076585192,-0.11035586574543342,-0.6694536302803951,26.378147612156294,0.1397973950795948
11,valid_seen,additional20,reasoning_body,l2,0.6,6910,33,1.6026127623292714,1.278963502583744,1.6026127454702839,1.2727882980153982,0.10224018675459617,0.12585071182647034,0.9589752022721488,0.9497577730636348,0.9986256946115997,0.9999999942551818,-0.09081604897743333,-1.4171755676283362,24.972069464544138,0.17612156295224313
11,valid_seen,additional20,reasoning_body,l2,1.0,6910,33,0.9663772219060955,0.7727100802055353,0.9663653850825203,0.7663704929826339,0.1779599696183107,0.21640290663690936,0.9313573355396991,0.9167407952367655,0.998460417373331,0.9999966746128761,-0.11035586574543342,-0.9185900297854345,24.972069464544138,0.17612156295224313
11,valid_seen,additional20,reasoning_body,l3,0.6,6910,33,1.5895713281817565,1.2807582084813,1.5895712987666752,1.260125862672237,0.10224018675459617,0.11557264191767347,0.9589752022721488,0.9546083631589686,0.9979230777171927,0.9999999919175757,-0.09081604897743333,-1.3741794879802613,25.376121562952243,0.16251808972503617
11,valid_seen,additional20,reasoning_body,l3,1.0,6910,33,0.9592545130095632,0.7683009575842138,0.9592414458918993,0.7532126531088101,0.1779599696183107,0.20416834228442196,0.9313573355396991,0.9228901191446095,0.9978198766359039,0.9999959802058257,-0.11035586574543342,-0.8882365871724682,25.376121562952243,0.16251808972503617
11,valid_seen,additional20,reasoning_close_tag,l1,0.6,132,33,0.0001405892836135089,4.415081863344834e-05,0.00014058928723958207,4.415081857752471e-05,2.8137474768566964e-05,0.00036985747624217115,0.9999973317890456,0.9999483760559198,0.9999999927751946,0.9999999950329462,-2.66761598604665e-06,-5.170689395443894e-05,28.416666666666668,0.0
11,valid_seen,additional20,reasoning_close_tag,l1,1.0,132,33,0.0010829123632112774,0.0004919573602274765,0.0010829082856032696,0.0004919506099839287,0.001165685079421438,0.004388256743471689,0.9998469790725997,0.9992291796388049,0.9999999923236442,0.9999999855503892,-0.00015323124236875753,-0.0007783048371574417,28.416666666666668,0.0
11,valid_seen,additional20,reasoning_close_tag,l2,0.6,132,33,0.0019265188486975058,0.00020926238732192818,0.0019265188495147859,0.00020926238681471922,2.8137474768566964e-05,0.0011426828989224483,0.9999973317890456,0.9997856201547565,0.9999999927751946,0.9999999945813959,-2.66761598604665e-06,-0.0002164425901514582,28.15909090909091,0.0
11,valid_seen,additional20,reasoning_close_tag,l2,1.0,132,33,0.005222856136465336,0.0011837973342346333,0.005222849477733252,0.0011837848105131726,0.001165685079421438,0.006514181291690584,0.9998469790725997,0.9985636170163299,0.9999999887112415,1.0000000009031007,-0.00015323124236875753,-0.001478353986600244,28.15909090909091,0.0
11,valid_seen,additional20,reasoning_close_tag,l3,0.6,132,33,1.4609940927826695e-05,6.220413619724733e-06,1.4609940976498264e-05,6.220413539354988e-06,2.8137474768566964e-05,8.547172230277396e-05,0.9999973317890456,0.9999906384583676,0.9999999927751946,0.9999999936782953,-2.66761598604665e-06,-9.363316130251212e-06,28.083333333333332,0.0
11,valid_seen,additional20,reasoning_close_tag,l3,1.0,132,33,0.00030036553083967465,0.0001592023066742773,0.00030036191295110845,0.00015919525196287515,0.001165685079421438,0.0022676334781480535,0.9998469790725997,0.9996734731125109,0.9999999909689932,0.9999999981937986,-0.00015323124236875753,-0.00032748688318856074,28.083333333333332,0.0
11,valid_seen,additional20,special,l1,0.6,33,33,3.924822308313766e-12,9.054645554066414e-13,3.9221987384812746e-12,9.017239808059005e-13,5.368009017090649e-10,5.883882253475119e-10,1.0,1.0,1.0,1.0,0.0,0.0,27.393939393939394,0.0
11,valid_seen,additional20,special,l1,1.0,33,33,2.536666638358104e-08,5.848558989296145e-08,1.9265571373906734e-08,5.1350850655837527e-08,1.513211645942647e-05,1.4593507661298975e-05,0.9999992793256586,0.9999992739070546,0.9999998410542806,0.9999998428604819,-6.971934774149056e-07,-6.899686771551691e-07,27.393939393939394,0.0
11,valid_seen,additional20,special,l2,0.6,33,33,4.420929976316922e-12,-3.7720530935544007e-13,4.418414932003276e-12,-3.811863814562062e-13,5.368009017090649e-10,5.963926288848056e-10,1.0,1.0,1.0,1.0,0.0,0.0,27.454545454545453,0.0
11,valid_seen,additional20,special,l2,1.0,33,33,3.330311793340346e-08,4.4999628427562624e-08,2.6788155330334264e-08,3.6774126316476155e-08,1.513211645942647e-05,1.428180764901988e-05,0.9999992793256586,0.9999993028062762,0.9999998392480792,0.9999998771783077,-6.971934774149056e-07,-6.719066825346751e-07,27.454545454545453,0.0
11,valid_seen,additional20,special,l3,0.6,33,33,1.7706924816189632e-12,2.0431776157979897e-12,1.7675947807949124e-12,2.038956124637583e-12,5.368009017090649e-10,5.453703027900585e-10,1.0,1.0,1.0,1.0,0.0,0.0,26.818181818181817,0.0
11,valid_seen,additional20,special,l3,1.0,33,33,2.989244687469319e-08,4.7075986610595366e-08,2.2606077683185573e-08,3.86942301499823e-08,1.513211645942647e-05,1.4318393616783645e-05,0.9999992793256586,0.999999301000075,0.9999998374418779,0.9999998500852874,-6.971934774149056e-07,-6.64681877107355e-07,26.818181818181817,0.0
11,valid_seen,additional20,tag_or_boundary,l1,0.6,330,33,0.13528613801000844,0.0511575401743729,0.1352861380099997,0.05115754017434848,0.004097289803573578,0.004194185913311065,0.9986694662859945,0.9981995564518553,0.999999998735659,1.0000000005418603,-0.0015093116502555189,-0.05394159704306062,29.19090909090909,0.012121212121212121
11,valid_seen,additional20,tag_or_boundary,l1,1.0,330,33,0.07959969902422456,0.03269949287181472,0.07959969840718796,0.03269949131712979,0.012462980566899639,0.0121401112052329,0.9963024381435279,0.9962783419724667,0.9999999994581396,1.0000000046961235,-0.0040692471630311535,-0.035351462766501106,29.19090909090909,0.012121212121212121
11,valid_seen,additional20,tag_or_boundary,l2,0.6,330,33,0.05999860299184334,0.006157997085832421,0.05999860299153938,0.006157997085960339,0.004097289803573578,0.0044173785365394565,0.9986694662859945,0.998261737462246,0.999999998735659,0.9999999981937986,-0.0015093116502555189,-0.008316007081994186,28.875757575757575,0.006060606060606061
11,valid_seen,additional20,tag_or_boundary,l2,1.0,330,33,0.03277348194592651,0.005768345994359337,0.03277348111259538,0.0057683441809367195,0.012462980566899639,0.011518305840660487,0.9963024381435279,0.9963461671814774,1.0000000009031007,1.0000000036124028,-0.0040692471630311535,-0.007957730927265039,28.875757575757575,0.006060606060606061
11,valid_seen,additional20,tag_or_boundary,l3,0.6,330,33,0.04319797674239991,0.005589525670400712,0.04319797674235369,0.005589525670391012,0.004097289803573578,0.005890691297396182,0.9986694662859945,0.9972106792710044,0.999999998735659,1.0,-0.0015093116502555189,-0.00855673708914563,28.86969696969697,0.006060606060606061
11,valid_seen,additional20,tag_or_boundary,l3,1.0,330,33,0.026999564142074266,0.005586806631641847,0.026999563333818068,0.005586805125113626,0.012462980566899639,0.014297704441370204,0.9963024381435279,0.9950684759652976,0.9999999998193798,1.0000000083085263,-0.0040692471630311535,-0.008898228591682766,28.86969696969697,0.006060606060606061
11,valid_seen,additional20,valid_reasoning_body,l1,0.6,6910,33,1.0748965452402206,0.9144804678372607,1.0748965320251467,0.9094502457878318,0.10224018675459617,0.11694608722802519,0.9589752022721488,0.9531692534512618,0.9991447428412373,0.9999999941689233,-0.09081604897743333,-1.0096711520116846,26.378147612156294,0.1397973950795948
11,valid_seen,additional20,valid_reasoning_body,l1,1.0,6910,33,0.6452716517455358,0.5490165075432505,0.6452651158768917,0.5445952577830382,0.1779599696183107,0.20254175239686503,0.9313573355396991,0.9223056836191204,0.9990934640759476,0.9999967076585192,-0.11035586574543342,-0.6694536302803951,26.378147612156294,0.1397973950795948
11,valid_seen,additional20,valid_reasoning_body,l2,0.6,6910,33,1.6026127623292714,1.278963502583744,1.6026127454702839,1.2727882980153982,0.10224018675459617,0.12585071182647034,0.9589752022721488,0.9497577730636348,0.9986256946115997,0.9999999942551818,-0.09081604897743333,-1.4171755676283362,24.972069464544138,0.17612156295224313
11,valid_seen,additional20,valid_reasoning_body,l2,1.0,6910,33,0.9663772219060955,0.7727100802055353,0.9663653850825203,0.7663704929826339,0.1779599696183107,0.21640290663690936,0.9313573355396991,0.9167407952367655,0.998460417373331,0.9999966746128761,-0.11035586574543342,-0.9185900297854345,24.972069464544138,0.17612156295224313
11,valid_seen,additional20,valid_reasoning_body,l3,0.6,6910,33,1.5895713281817565,1.2807582084813,1.5895712987666752,1.260125862672237,0.10224018675459617,0.11557264191767347,0.9589752022721488,0.9546083631589686,0.9979230777171927,0.9999999919175757,-0.09081604897743333,-1.3741794879802613,25.376121562952243,0.16251808972503617
11,valid_seen,additional20,valid_reasoning_body,l3,1.0,6910,33,0.9592545130095632,0.7683009575842138,0.9592414458918993,0.7532126531088101,0.1779599696183107,0.20416834228442196,0.9313573355396991,0.9228901191446095,0.9978198766359039,0.9999959802058257,-0.11035586574543342,-0.8882365871724682,25.376121562952243,0.16251808972503617
12,valid_seen,additional20,action_body,l1,0.6,250,50,0.002513563920585678,9.325363622489947e-05,0.002513563920584188,9.325363621020118e-05,1.1533016110686927e-06,0.0004426660289451633,0.9999999163150788,0.9999076719284058,0.9999999985694885,0.9999999990463256,-8.344634866830347e-08,-9.340044316431317e-05,29.856,0.0
12,valid_seen,additional20,action_body,l1,1.0,250,50,0.0061794474289941495,0.00041738026032463486,0.006179447408342307,0.00041738025736416743,0.00014391307671206673,0.0015753648214487724,0.9999843299388885,0.9995795896053314,1.0000000011920929,1.0000000009536743,-1.5674028251481788e-05,-0.0004398643267074078,29.856,0.0
12,valid_seen,additional20,action_body,l2,0.6,250,50,0.018637574247459415,0.0006921910109007808,0.018637574247475423,0.0006921910109013984,1.1533016110686927e-06,0.001754765296268912,0.9999999163150788,0.9993642325401306,0.9999999985694885,0.9999999995231629,-8.344634866830347e-08,-0.0006923232651062108,29.084,0.0
12,valid_seen,additional20,action_body,l2,1.0,250,50,0.018408314093999293,0.0012634035490640913,0.018408314081704288,0.0012634035376162967,0.00014391307671206673,0.002593953695121362,0.9999843299388885,0.998892471075058,1.0000000002384186,1.0000000009536743,-1.5674028251481788e-05,-0.001284826968810904,29.084,0.0
12,valid_seen,additional20,action_body,l3,0.6,250,50,1.548218672618965e-07,1.0316412015501204e-07,1.5482186637551027e-07,1.0316411212726021e-07,1.1533016110686927e-06,2.283555759587264e-06,0.9999999163150788,0.9999998207092285,0.9999999985694885,0.9999999990463256,-8.344634866830347e-08,-1.792897054997411e-07,29.308,0.0
12,valid_seen,additional20,action_body,l3,1.0,250,50,1.0586083429374908e-05,6.892970823842548e-06,1.0586078957751014e-05,6.892750017267266e-06,0.00014391307671206673,0.0001993018263733839,0.9999843299388885,0.9999769842624664,1.0000000009536743,1.0000000009536743,-1.5674028251481788e-05,-2.3025659858546988e-05,29.308,0.0
12,valid_seen,additional20,all_response,l1,0.6,11035,50,1.0843024435688262,0.917613302525628,1.0843024401909365,0.908521311011858,0.09607589395736972,0.11084151476219935,0.961473280094196,0.9554464540629566,0.9983778183347366,0.9999999975639606,-0.08977157234858954,-0.9973296891198755,26.42419574082465,0.1370185772541912
12,valid_seen,additional20,all_response,l1,1.0,11035,50,0.6548861659343762,0.5537813110588677,0.654880178133659,0.546188879210663,0.16772896426512215,0.1917687339632295,0.9351387462709951,0.9259188791854273,0.9983412424420313,0.9999980192515014,-0.1064407889312188,-0.6586844864223564,26.42419574082465,0.1370185772541912
12,valid_seen,additional20,all_response,l2,0.6,11035,50,1.7676827381673894,1.51613672980281,1.7676825754891112,1.5039183683252826,0.09607589395736972,0.12743737305180544,0.961473280094196,0.9494631290057691,0.9976991566452923,0.9999999896886935,-0.08977157234858954,-1.616626321593273,24.4808337109198,0.18948799275033984
12,valid_seen,additional20,all_response,l2,1.0,11035,50,1.075635839748819,0.915623658020285,1.0756041049387237,0.9046115161915296,0.16772896426512215,0.2199335723579204,0.9351387462709951,0.9157501200555836,0.9975424349201347,0.9999946322979082,-0.1064407889312188,-1.03926488821705,24.4808337109198,0.18948799275033984
12,valid_seen,additional20,all_response,l3,0.6,11035,50,1.5498578270875434,1.2732715200605054,1.5498577959986146,1.2605480075583024,0.09607589395736972,0.1126227907980928,0.961473280094196,0.954933630576164,0.9975899691917689,0.9999999966187125,-0.08977157234858954,-1.3647195178571156,25.496511101042138,0.1660172179429089
12,valid_seen,additional20,all_response,l3,1.0,11035,50,0.9308565324394542,0.7689256574963688,0.9308396755088426,0.7575056786693777,0.16772896426512215,0.19534811300660612,0.9351387462709951,0.9248592960224143,0.9974615021752675,0.9999970897053182,-0.1064407889312188,-0.880202161502166,25.496511101042138,0.1660172179429089
12,valid_seen,additional20,reasoning_body,l1,0.6,10035,50,1.1920583919883248,1.0085831238440452,1.19205838827364,0.9985851042770785,0.10521226192074686,0.12178601775649123,0.9577846642715395,0.9510245649952406,0.9982161662069574,0.9999999975112759,-0.09842397645668696,-1.0957832667323748,26.150971599402094,0.15057299451918285
12,valid_seen,additional20,reasoning_body,l1,1.0,10035,50,0.719639399399366,0.6085509403920616,0.7196328152067039,0.6002019135677686,0.18346996808969315,0.21028316549781023,0.929012153314368,0.9186688540376237,0.9981759455234726,0.9999978224733426,-0.11659369605802114,-0.7236395235366769,26.150971599402094,0.15057299451918285
12,valid_seen,additional20,reasoning_body,l2,0.6,10035,50,1.9431064665572362,1.6666242599500247,1.9431062876678211,1.6531883238359726,0.10521226192074686,0.13998647565155758,0.9577846642715395,0.9444626501560449,0.9974698750516988,0.9999999888155908,-0.09842397645668696,-1.7766498561921824,24.05361235675137,0.20827105132037868
12,valid_seen,additional20,reasoning_body,l2,1.0,10035,50,1.1819437327519815,1.00636748329824,1.1819088359218919,0.9942579682201184,0.18346996808969315,0.24118532104585985,0.929012153314368,0.9075173342412066,0.9972975358390738,0.9999940983680095,-0.11659369605802114,-1.1420350170671674,24.05361235675137,0.20827105132037868
12,valid_seen,additional20,reasoning_body,l3,0.6,10035,50,1.7040524106738275,1.3993081134495184,1.7040523764868725,1.385316687394447,0.10521226192074686,0.1238051458269544,0.9577846642715395,0.9504491018295644,0.997349806935144,0.999999996465893,-0.09842397645668696,-1.4992973339772997,25.151569506726457,0.1824613851519681
12,valid_seen,additional20,reasoning_body,l3,1.0,10035,50,1.023237833976905,0.8448588906124886,1.0232192974209704,0.832300897093023,0.18346996808969315,0.21446081556639002,0.929012153314368,0.9174402979457325,0.9972085380176853,0.9999968001838935,-0.11659369605802114,-0.9669984141968674,25.151569506726457,0.1824613851519681
12,valid_seen,additional20,reasoning_close_tag,l1,0.6,200,50,0.001109908486663466,0.00018060185602998245,0.0011099084959212693,0.00018060185636294276,8.181022855466568e-06,0.0011968060855398733,0.999999335706234,0.9998161599040032,0.9999999955296517,0.9999999988079071,-6.633936040145727e-07,-0.00018441326951435856,28.37,0.0
12,valid_seen,additional20,reasoning_close_tag,l1,1.0,200,50,0.005736456639794229,0.001684856592524654,0.005736445405467032,0.0016848552196612621,0.0006029833556229748,0.009613196914654147,0.9999280175566674,0.998068146109581,1.0000000008940697,0.9999999755620956,-7.202187908557534e-05,-0.0019615529893455275,28.37,0.0
12,valid_seen,additional20,reasoning_close_tag,l2,0.6,200,50,0.0022328058347911343,0.0002940489201093339,0.002232805837204137,0.0002940489200946901,8.181022855466568e-06,0.0017540022228201637,0.999999335706234,0.9997039091587067,0.9999999955296517,0.9999999970197677,-6.633936040145727e-07,-0.0002976675072516599,28.02,0.0
12,valid_seen,additional20,reasoning_close_tag,l2,1.0,200,50,0.009085410908105171,0.0022281747401778173,0.009085394671010279,0.0022281731440614073,0.0006029833556229748,0.011392190816622232,0.9999280175566674,0.9975554019212722,1.0000000017881394,0.9999999639391899,-7.202187908557534e-05,-0.002497336024784076,28.02,0.0
12,valid_seen,additional20,reasoning_close_tag,l3,0.6,200,50,0.0005513550913994615,0.00010185276665958018,0.0005513550902145603,0.00010185277081692465,8.181022855466568e-06,0.0007041064624423916,0.999999335706234,0.9998956567049027,0.9999999955296517,0.999999994635582,-6.633936040145727e-07,-0.00010464525209275876,28.295,0.0
12,valid_seen,additional20,reasoning_close_tag,l3,1.0,200,50,0.0034985650677633357,0.0010679966556488088,0.003498559734158296,0.0010679954737096624,0.0006029833556229748,0.00669668103650481,0.9999280175566674,0.998729837834835,1.0000000035762786,0.9999999916553497,-7.202187908557534e-05,-0.0012864178240279145,28.295,0.0
12,valid_seen,additional20,special,l1,0.6,50,50,6.608123870419525e-12,-3.730833057313636e-12,6.605534919433965e-12,-3.7348428780653055e-12,5.722316898104651e-10,6.906432020725716e-10,1.0,1.0,1.0,1.0,0.0,0.0,28.62,0.0
12,valid_seen,additional20,special,l1,1.0,50,50,5.385611236974341e-08,3.8207546104729315e-09,4.770677701770864e-08,-4.094101004881168e-09,1.5559333842247725e-05,1.4976247402955778e-05,0.9999992525577546,0.9999992763996124,0.9999998021125793,0.9999998819828033,-7.176396718477917e-07,-6.890294616823667e-07,28.62,0.0
12,valid_seen,additional20,special,l2,0.6,50,50,1.0681078395878562e-11,-5.764783067682862e-12,1.067817342970752e-11,-5.769216990800848e-12,5.722316898104651e-10,7.587286099397516e-10,1.0,1.0,1.0,1.0,0.0,0.0,28.28,0.0
12,valid_seen,additional20,special,l2,1.0,50,50,4.1147605065461335e-08,3.230293715184018e-08,3.403542809365945e-08,2.3276325311627488e-08,1.5559333842247725e-05,1.5520051838393557e-05,0.9999992525577546,0.9999992263317108,0.9999998033046722,0.9999998569488525,-7.176396718477917e-07,-7.438656916747277e-07,28.28,0.0
12,valid_seen,additional20,special,l3,0.6,50,50,6.40576090032253e-12,-3.1991296187795304e-12,6.402445056307289e-12,-3.2033754129661383e-12,5.722316898104651e-10,6.820557035824848e-10,1.0,1.0,1.0,1.0,0.0,0.0,28.4,0.0
12,valid_seen,additional20,special,l3,1.0,50,50,4.016798486716766e-08,1.7612711697978512e-08,3.2985712294930635e-08,9.364922242127705e-09,1.5559333842247725e-05,1.5562935896014097e-05,0.9999992525577546,0.9999992454051971,0.9999997997283936,0.9999998545646668,-7.176396718477917e-07,-7.271764036431705e-07,28.4,0.0
12,valid_seen,additional20,tag_or_boundary,l1,0.6,500,50,0.004242257002691044,0.00934342363046422,0.004242257002693951,0.009343423630458689,0.008781033772589162,0.0013267989112086917,0.9969773873090744,0.9997599217891693,0.9999999973773956,0.999999997138977,-0.005889087167048245,-0.0185756100275036,29.194,0.002
12,valid_seen,additional20,tag_or_boundary,l1,1.0,500,50,0.004790624470376769,0.007453528251287699,0.004790623574267386,0.007453527067079632,0.019221275957114196,0.00731836822609613,0.9932749159336091,0.9983287822008133,1.0000000128746032,1.0000000089406966,-0.00907601429778849,-0.012716755698265757,29.194,0.002
12,valid_seen,additional20,tag_or_boundary,l2,0.6,500,50,0.004399338091864808,0.011525014478100809,0.004399338091849724,0.011525014478106567,0.008781033772589162,0.0014352733134500258,0.9969773873090744,0.999722188591957,0.9999999973773956,0.9999999983310699,-0.005889087167048245,-0.021115075151004716,28.958,0.002
12,valid_seen,additional20,tag_or_boundary,l2,1.0,500,50,0.004833941399157905,0.008495767811115256,0.004833940732450041,0.008495766815221165,0.019221275957114196,0.0074891433695029016,0.9932749159336091,0.9982639324665069,1.000000013232231,1.0000000088214873,-0.00907601429778849,-0.014291868131367111,28.958,0.002
12,valid_seen,additional20,tag_or_boundary,l3,0.6,500,50,0.004809742150228742,0.016947818115119695,0.004809742150228011,0.016947818115117478,0.008781033772589162,0.000532931735871488,0.9969773873090744,0.9999135800600052,0.9999999973773956,0.9999999989271164,-0.005889087167048245,-0.028420318436458814,29.104,0.002
12,valid_seen,additional20,tag_or_boundary,l3,1.0,500,50,0.006215619936656386,0.013440679443268927,0.006215619009568732,0.01344067807520772,0.019221275957114196,0.004324406016970744,0.9932749159336091,0.9991375316381454,1.0000000131130218,1.0000000075101851,-0.00907601429778849,-0.017877378744491308,29.104,0.002
12,valid_seen,additional20,valid_reasoning_body,l1,0.6,10035,50,1.1920583919883248,1.0085831238440452,1.19205838827364,0.9985851042770785,0.10521226192074686,0.12178601775649123,0.9577846642715395,0.9510245649952406,0.9982161662069574,0.9999999975112759,-0.09842397645668696,-1.0957832667323748,26.150971599402094,0.15057299451918285
12,valid_seen,additional20,valid_reasoning_body,l1,1.0,10035,50,0.719639399399366,0.6085509403920616,0.7196328152067039,0.6002019135677686,0.18346996808969315,0.21028316549781023,0.929012153314368,0.9186688540376237,0.9981759455234726,0.9999978224733426,-0.11659369605802114,-0.7236395235366769,26.150971599402094,0.15057299451918285
12,valid_seen,additional20,valid_reasoning_body,l2,0.6,10035,50,1.9431064665572362,1.6666242599500247,1.9431062876678211,1.6531883238359726,0.10521226192074686,0.13998647565155758,0.9577846642715395,0.9444626501560449,0.9974698750516988,0.9999999888155908,-0.09842397645668696,-1.7766498561921824,24.05361235675137,0.20827105132037868
12,valid_seen,additional20,valid_reasoning_body,l2,1.0,10035,50,1.1819437327519815,1.00636748329824,1.1819088359218919,0.9942579682201184,0.18346996808969315,0.24118532104585985,0.929012153314368,0.9075173342412066,0.9972975358390738,0.9999940983680095,-0.11659369605802114,-1.1420350170671674,24.05361235675137,0.20827105132037868
12,valid_seen,additional20,valid_reasoning_body,l3,0.6,10035,50,1.7040524106738275,1.3993081134495184,1.7040523764868725,1.385316687394447,0.10521226192074686,0.1238051458269544,0.9577846642715395,0.9504491018295644,0.997349806935144,0.999999996465893,-0.09842397645668696,-1.4992973339772997,25.151569506726457,0.1824613851519681
12,valid_seen,additional20,valid_reasoning_body,l3,1.0,10035,50,1.023237833976905,0.8448588906124886,1.0232192974209704,0.832300897093023,0.18346996808969315,0.21446081556639002,0.929012153314368,0.9174402979457325,0.9972085380176853,0.9999968001838935,-0.11659369605802114,-0.9669984141968674,25.151569506726457,0.1824613851519681
13,valid_seen,additional20,action_body,l1,0.6,43,5,7.361170418971838e-07,4.290830583322479e-08,7.361170418943747e-07,4.2908305171640286e-08,1.229888132165313e-07,5.658907545576582e-07,0.9999999916830729,0.9999999598015187,0.9999999986138455,0.999999997227691,-8.316925856021509e-09,-3.8812295103927556e-08,29.627906976744185,0.0
13,valid_seen,additional20,action_body,l1,1.0,43,5,8.869762334463522e-05,9.080608116770838e-06,8.869759240893623e-05,9.080602810877046e-06,3.931562223645109e-05,8.741727285223699e-05,0.9999963003535604,0.9999907460323599,1.000000002772309,0.9999999958415364,-3.7008497923675034e-06,-9.2581758909998e-06,29.627906976744185,0.0
13,valid_seen,additional20,action_body,l2,0.6,43,5,2.502070531972156e-07,2.2728457973698532e-08,2.5020705318599384e-07,2.272845798634293e-08,1.229888132165313e-07,2.1867394317038586e-07,0.9999999916830729,0.9999999847523001,0.9999999986138455,0.9999999986138455,-8.316925856021509e-09,-1.386154133078255e-08,28.86046511627907,0.0
13,valid_seen,additional20,action_body,l2,1.0,43,5,4.580892635801513e-05,6.3877616604792854e-06,4.580891115234701e-05,6.387740858003431e-06,3.931562223645109e-05,5.2725663056270575e-05,0.9999963003535604,0.999994810237441,1.0,1.0000000013861545,-3.7008497923675034e-06,-5.192147653547128e-06,28.86046511627907,0.0
13,valid_seen,additional20,action_body,l3,0.6,43,5,1.1382413530443423e-06,6.400723430104487e-08,1.1382413530359006e-06,6.400723429628221e-08,1.229888132165313e-07,8.167927403141821e-07,0.9999999916830729,0.9999999417815097,0.9999999986138455,0.9999999986138455,-8.316925856021509e-09,-5.8218416217091864e-08,28.372093023255815,0.0
13,valid_seen,additional20,action_body,l3,1.0,43,5,0.00011634459909601086,1.1657968590130888e-05,0.0001163445249600797,1.1657937537709654e-05,3.931562223645109e-05,0.00010348042852700889,0.9999963003535604,0.9999886751174927,1.000000002772309,1.0000000097030817,-3.7008497923675034e-06,-1.1331018705313222e-05,28.372093023255815,0.0
13,valid_seen,additional20,all_response,l1,0.6,818,5,0.4203701155174552,0.42260788396985,0.4203701088936074,0.42260759068988496,0.046323936704431294,0.05245571463080901,0.9811111992830752,0.97836597817597,0.9999999594863295,0.9999999953365559,-0.044649159459072274,-0.4897272927021178,27.889975550122248,0.06968215158924206
13,valid_seen,additional20,all_response,l1,1.0,818,5,0.25542859593282746,0.25854946876057006,0.25542656386918083,0.2585310426578551,0.0810055230931161,0.0890496850774189,0.9678345360863763,0.9644408083195208,0.9999963090297354,0.9999989338929612,-0.052192242206264144,-0.3220325235691892,27.889975550122248,0.06968215158924206
13,valid_seen,additional20,all_response,l2,0.6,818,5,1.4475113484281674,1.1618505303940123,1.4475113388756926,1.1523889552968576,0.046323936704431294,0.05786562859971431,0.9811111992830752,0.9773017200106222,0.9985222193278136,0.9999999971582137,-0.044649159459072274,-1.266064984578817,25.897310513447433,0.11613691931540342
13,valid_seen,additional20,all_response,l2,1.0,818,5,0.8543941718078225,0.6980645367694243,0.8543927101180716,0.6907878138274459,0.0810055230931161,0.0978272754226205,0.9678345360863763,0.9613886655907177,0.9986113610798106,0.9999998269425044,-0.052192242206264144,-0.790823361410126,25.897310513447433,0.11613691931540342
13,valid_seen,additional20,all_response,l3,0.6,818,5,0.7966427213664378,0.9162159729344392,0.7966427134567794,0.9107214362189068,0.046323936704431294,0.04193114021264612,0.9811111992830752,0.9836647618006378,0.9989082119939963,0.9999999926405023,-0.044649159459072274,-0.9365315751474912,26.812958435207825,0.09168704156479218
13,valid_seen,additional20,all_response,l3,1.0,818,5,0.5012507623402805,0.5435322019169793,0.5012478133235088,0.538160930367272,0.0810055230931161,0.07890314402040134,0.9678345360863763,0.970414307578706,0.9989320851479883,0.9999984879511201,-0.052192242206264144,-0.5859505716080871,26.812958435207825,0.09168704156479218
13,valid_seen,additional20,reasoning_body,l1,0.6,700,5,0.4886293487407363,0.48705752290934773,0.488629341000297,0.48705718019076016,0.05108633220091091,0.06084164400644533,0.9791365583879607,0.9748035124795777,0.9999999529974801,0.999999994805881,-0.05081011751106336,-0.5638629360880132,27.66,0.08
13,valid_seen,additional20,reasoning_body,l1,1.0,700,5,0.2958361029869457,0.2983178417329494,0.2958337285031762,0.29829630966191645,0.09057921917898848,0.10210464528627299,0.9643301521454538,0.9589455343995775,0.9999956877742495,0.999998755455017,-0.058717831068945764,-0.3708028020981934,27.66,0.08
13,valid_seen,additional20,reasoning_body,l2,0.6,700,5,1.6890031486988608,1.349245536412925,1.6890031375361116,1.3381890100851068,0.05108633220091091,0.06737933771474044,0.9791365583879607,0.9735141724348069,0.9982731080693859,0.9999999972752163,-0.05081011751106336,-1.4693294545377988,25.397142857142857,0.13428571428571429
13,valid_seen,additional20,reasoning_body,l2,1.0,700,5,0.9958335455476939,0.8108780047468936,0.9958318376561718,0.8023746345107519,0.09057921917898848,0.11293248259073779,0.9643301521454538,0.9551980658514159,0.9983772772550583,0.9999997983660017,-0.058717831068945764,-0.9177374755809949,25.397142857142857,0.13428571428571429
13,valid_seen,additional20,reasoning_body,l3,0.6,700,5,0.9285123503422713,1.0628564202490307,0.9285123410992709,1.0564356616300237,0.05108633220091091,0.04874709589430757,0.9791365583879607,0.9809567430615425,0.9987241680707251,0.9999999921662467,-0.05081011751106336,-1.0854294404642053,26.518571428571427,0.10571428571428572
13,valid_seen,additional20,reasoning_body,l3,1.0,700,5,0.583441247693168,0.6307346026575005,0.5834378017479966,0.624457888563576,0.09057921917898848,0.0908863244104357,0.9643301521454538,0.9657364605367184,0.9987520659821374,0.9999982336589268,-0.058717831068945764,-0.6790498557624195,26.518571428571427,0.10571428571428572
13,valid_seen,additional20,reasoning_close_tag,l1,0.6,20,5,0.008083950712961424,0.0012122888545508055,0.008083950712964267,0.0012122888545522711,3.091304133206178e-05,0.005958452710119926,0.9999972701072692,0.9987875431776047,1.0,0.9999999970197677,-2.729839246384813e-06,-0.0012259015405902574,28.5,0.0
13,valid_seen,additional20,reasoning_close_tag,l1,1.0,20,5,0.018709028688856832,0.0053009698975001246,0.018709027060553315,0.005300969281845767,0.0013858727067157296,0.020425237849390005,0.9998159497976303,0.994315579533577,1.000000011920929,0.9999999940395355,-0.00018423585671456522,-0.005935472492796023,28.5,0.0
13,valid_seen,additional20,reasoning_close_tag,l2,0.6,20,5,0.002500567451889216,0.0005407314339695725,0.002500567451887795,0.0005407314339686844,3.091304133206178e-05,0.003428763063588333,0.9999972701072692,0.9994442075490951,1.0,0.9999999880790711,-2.729839246384813e-06,-0.0005574042443143412,28.35,0.0
13,valid_seen,additional20,reasoning_close_tag,l2,1.0,20,5,0.009966111318769032,0.003636916583911592,0.00996610825528249,0.0036369147293081974,0.0013858727067157296,0.017669302079924155,0.9998159497976303,0.9957474559545517,1.000000011920929,1.0000000149011612,-0.00018423585671456522,-0.0043463594149368845,28.35,0.0
13,valid_seen,additional20,reasoning_close_tag,l3,0.6,20,5,0.0004051780297786773,0.00011489479195930604,0.0004051780297791214,0.00011489479196223702,3.091304133206178e-05,0.0009748628458710405,0.9999972701072692,0.999872875213623,1.0,0.9999999910593033,-2.729839246384813e-06,-0.0001272047986248026,27.9,0.0
13,valid_seen,additional20,reasoning_close_tag,l3,1.0,20,5,0.002868624410582901,0.0012851973950629963,0.0028686235268668278,0.0012851955296150571,0.0013858727067157296,0.009127932128552584,0.9998159497976303,0.9981903225183487,1.000000011920929,0.9999999970197677,-0.00018423585671456522,-0.0018260519018369337,27.9,0.0
13,valid_seen,additional20,special,l1,0.6,5,5,5.073794140907084e-13,8.105703283058097e-13,5.049834899198413e-13,8.073717462273554e-13,5.583741358172744e-10,5.547644899017712e-10,1.0,1.0,1.0,1.0,0.0,0.0,27.8,0.0
13,valid_seen,additional20,special,l1,1.0,5,5,3.3864938409067236e-09,3.153193759430906e-08,-2.2313832559461845e-09,2.4976678147936583e-08,1.4726957306265832e-05,1.3885917906009126e-05,0.9999992728233338,0.9999993085861206,0.9999998211860657,0.9999998450279236,-6.914136292834882e-07,-6.675718168480671e-07,27.8,0.0
13,valid_seen,additional20,special,l2,0.6,5,5,4.590541401866544e-12,-3.420720304236902e-13,4.586270642772949e-12,-3.4599276568791915e-13,5.583741358172744e-10,6.138707431269097e-10,1.0,1.0,1.0,1.0,0.0,0.0,27.4,0.0
13,valid_seen,additional20,special,l2,1.0,5,5,8.408627749645348e-08,-3.053876262981703e-09,7.46810968621503e-08,-1.1785135178854489e-08,1.4726957306265832e-05,1.5434891247423364e-05,0.9999992728233338,0.9999992728233338,0.9999998211860657,0.9999998569488525,-6.914136292834882e-07,-6.914136520208558e-07,27.4,0.0
13,valid_seen,additional20,special,l3,0.6,5,5,1.248266203943138e-12,1.296206197931582e-12,1.2408785370759956e-12,1.2912577257440106e-12,5.583741358172744e-10,5.585830076260123e-10,1.0,1.0,1.0,1.0,0.0,0.0,27.2,0.0
13,valid_seen,additional20,special,l3,1.0,5,5,8.76827606077768e-08,7.411262714640543e-09,7.391672340872901e-08,-3.376602819571417e-09,1.4726957306265832e-05,1.604526878509205e-05,0.9999992728233338,0.9999992609024048,0.9999998211860657,0.9999998331069946,-6.914136292834882e-07,-7.152554985623283e-07,27.2,0.0
13,valid_seen,additional20,tag_or_boundary,l1,0.6,50,5,0.03320999414936799,0.09457470857283314,0.03320999414936769,0.09457470857283129,0.042638482628993654,0.0040086074642274,0.9830685019493103,0.9993032455444336,0.9999999964237213,1.0,-0.0191175045072805,-0.11736700937965211,29.38,0.02
13,valid_seen,additional20,tag_or_boundary,l1,1.0,50,5,0.029546495873550092,0.051291324226460426,0.02954649532477819,0.05129132308685622,0.056551656084000236,0.019141151272551993,0.9732277548313141,0.9952959382534027,0.9999999976158143,1.0000000035762786,-0.0317385013143705,-0.07483063843166135,29.38,0.02
13,valid_seen,additional20,tag_or_boundary,l2,0.6,50,5,0.03424113634148649,0.11822085534506975,0.03424113634148609,0.11822085534506786,0.042638482628993654,0.001999262538546541,0.9830685019493103,0.9996800553798676,0.9999999964237213,0.9999999976158143,-0.0191175045072805,-0.14198781056160897,29.22,0.02
13,valid_seen,additional20,tag_or_boundary,l2,1.0,50,5,0.03219316449545989,0.06658349528806208,0.03219316391143592,0.0665834928961427,0.056551656084000236,0.012284861252419779,0.9732277548313141,0.9972512006759644,0.9999999988079071,0.9999999988079071,-0.0317385013143705,-0.08780245638140854,29.22,0.02
13,valid_seen,additional20,tag_or_boundary,l3,0.6,50,5,0.033738966663520886,0.10925742075786113,0.033738966663520664,0.10925742075784795,0.042638482628993654,0.00314346372262118,0.9830685019493103,0.9994120001792908,0.9999999964237213,0.9999999940395355,-0.0191175045072805,-0.12559347092679218,29.12,0.02
13,valid_seen,additional20,tag_or_boundary,l3,1.0,50,5,0.03103748929490575,0.06137828060463666,0.031037488406766362,0.06137827721803611,0.056551656084000236,0.014705123880833457,0.9732277548313141,0.9964013087749481,1.0,1.0000000011920929,-0.0317385013143705,-0.07871313387205689,29.12,0.02
13,valid_seen,additional20,valid_reasoning_body,l1,0.6,700,5,0.4886293487407363,0.48705752290934773,0.488629341000297,0.48705718019076016,0.05108633220091091,0.06084164400644533,0.9791365583879607,0.9748035124795777,0.9999999529974801,0.999999994805881,-0.05081011751106336,-0.5638629360880132,27.66,0.08
13,valid_seen,additional20,valid_reasoning_body,l1,1.0,700,5,0.2958361029869457,0.2983178417329494,0.2958337285031762,0.29829630966191645,0.09057921917898848,0.10210464528627299,0.9643301521454538,0.9589455343995775,0.9999956877742495,0.999998755455017,-0.058717831068945764,-0.3708028020981934,27.66,0.08
13,valid_seen,additional20,valid_reasoning_body,l2,0.6,700,5,1.6890031486988608,1.349245536412925,1.6890031375361116,1.3381890100851068,0.05108633220091091,0.06737933771474044,0.9791365583879607,0.9735141724348069,0.9982731080693859,0.9999999972752163,-0.05081011751106336,-1.4693294545377988,25.397142857142857,0.13428571428571429
13,valid_seen,additional20,valid_reasoning_body,l2,1.0,700,5,0.9958335455476939,0.8108780047468936,0.9958318376561718,0.8023746345107519,0.09057921917898848,0.11293248259073779,0.9643301521454538,0.9551980658514159,0.9983772772550583,0.9999997983660017,-0.058717831068945764,-0.9177374755809949,25.397142857142857,0.13428571428571429
13,valid_seen,additional20,valid_reasoning_body,l3,0.6,700,5,0.9285123503422713,1.0628564202490307,0.9285123410992709,1.0564356616300237,0.05108633220091091,0.04874709589430757,0.9791365583879607,0.9809567430615425,0.9987241680707251,0.9999999921662467,-0.05081011751106336,-1.0854294404642053,26.518571428571427,0.10571428571428572
13,valid_seen,additional20,valid_reasoning_body,l3,1.0,700,5,0.583441247693168,0.6307346026575005,0.5834378017479966,0.624457888563576,0.09057921917898848,0.0908863244104357,0.9643301521454538,0.9657364605367184,0.9987520659821374,0.9999982336589268,-0.058717831068945764,-0.6790498557624195,26.518571428571427,0.10571428571428572
14,valid_seen,additional20,action_body,l1,0.6,67,13,0.0001401956657701901,1.3206874559012212e-05,0.00014019565186837338,1.3206874557925831e-05,3.491246550022644e-07,0.00010918787222939175,0.9999999786490825,0.9999867704377245,0.9999999982207569,0.9999999973311353,-2.135091244102779e-08,-1.3235293510182492e-05,29.970149253731343,0.0
14,valid_seen,additional20,action_body,l1,1.0,67,13,0.0014036798458802605,0.00024665891260814354,0.0014036798421744293,0.0002466589085201979,9.884134853912165e-05,0.0014622130947219492,0.9999904837181319,0.9997434011146203,1.0000000035584862,1.0000000008896215,-9.5183546737566e-06,-0.000258649908126074,29.970149253731343,0.0
14,valid_seen,additional20,action_body,l2,0.6,67,13,0.2829644946233226,0.7555978333057366,0.28296449462310536,0.7555978333057366,3.491246550022644e-07,9.968665679516587e-06,0.9999999786490825,0.999999121053895,0.9999999982207569,1.0,-2.135091244102779e-08,-0.7555978938547943,28.65671641791045,0.014925373134328358
14,valid_seen,additional20,action_body,l2,1.0,67,13,0.16994696241120624,0.45339284907207655,0.16994696241022125,0.45338795258232284,9.884134853912165e-05,0.00045279540890999726,0.9999904837181319,0.999940274366692,0.9999994582204677,1.0000000008896215,-9.5183546737566e-06,-0.45341799496239404,28.65671641791045,0.014925373134328358
14,valid_seen,additional20,action_body,l3,0.6,67,13,0.2829623617857599,0.8053484655275679,0.2829623617857597,0.8053484655275673,3.491246550022644e-07,2.9240721152235572e-06,0.9999999786490825,0.9999997686983934,0.9999999982207569,0.9999999991103784,-2.135091244102779e-08,-0.805348471028171,28.19402985074627,0.014925373134328358
14,valid_seen,additional20,action_body,l3,1.0,67,13,0.1698908376994088,0.48322380778677315,0.1698908376917115,0.4832184558044855,9.884134853912165e-05,0.0002195512881683886,0.9999904837181319,0.9999737597223538,0.9999994582204677,0.9999999973311353,-9.5183546737566e-06,-0.4832352083657641,28.19402985074627,0.014925373134328358
14,valid_seen,additional20,all_response,l1,0.6,2179,13,1.1978299347499148,0.8716527611469045,1.1978299222722362,0.8652895129193187,0.08477757246388284,0.08902594114999395,0.9652220294146212,0.9640296532671185,0.9987049920842592,0.9999999973466496,-0.07438475569501363,-0.9342931370913433,26.627351996328592,0.12115649380449747
14,valid_seen,additional20,all_response,l1,1.0,2179,13,0.7295805762940276,0.5219059210605845,0.7295775396376186,0.5160078246573021,0.1416639513208389,0.15520756540824238,0.9434415938767778,0.9397344492946869,0.9986104288126909,0.9999993212346694,-0.08978135196755219,-0.6091986154174001,26.627351996328592,0.12115649380449747
14,valid_seen,additional20,all_response,l2,0.6,2179,13,1.7823382260720138,1.5434133925934104,1.782338197560004,1.5171027106984902,0.08477757246388284,0.09603194081000635,0.9652220294146212,0.9621937682372597,0.9956536973826557,0.9999999955686313,-0.07438475569501363,-1.6253482998249738,24.606241395135385,0.1753097751262047
14,valid_seen,additional20,all_response,l2,1.0,2179,13,1.0838419230939043,0.930612408648553,1.0838270672689407,0.9085984229901335,0.1416639513208389,0.17066266499711513,0.9434415938767778,0.9353621277228141,0.9954686396284084,0.9999976477638304,-0.08978135196755219,-1.0283268138237724,24.606241395135385,0.1753097751262047
14,valid_seen,additional20,all_response,l3,0.6,2179,13,1.8124204167364986,1.4175172900401698,1.8124204109041522,1.4087107083478605,0.08477757246388284,0.08432340794705724,0.9652220294146212,0.9666591288163717,0.9986270125768698,0.9999999969636918,-0.07438475569501363,-1.4575883609648583,25.52088113813676,0.15465810004589262
14,valid_seen,additional20,all_response,l3,1.0,2179,13,1.0922045511985201,0.8586682004131398,1.09219861570427,0.8497229373946434,0.1416639513208389,0.1483664257828701,0.9434415938767778,0.94302128228697,0.9982622609634684,0.9999991693098428,-0.08978135196755219,-0.9208631385081634,25.52088113813676,0.15465810004589262
14,valid_seen,additional20,reasoning_body,l1,0.6,1917,13,1.3607494602458323,0.9898452287438413,1.3607494460635987,0.9826123033980436,0.09566323942421955,0.10078155993678278,0.9607096869434363,0.9592537614723389,0.9985280011935538,0.9999999972638453,-0.08276535117927747,-1.0594381791106746,26.287428273343767,0.13719353155972874
14,valid_seen,additional20,reasoning_body,l1,1.0,1917,13,0.8283988162573968,0.5923950842309765,0.8283953650718344,0.5856908840837696,0.15961022819450033,0.17531260625236053,0.9362206333120104,0.9318394549327028,0.9984205144967148,0.9999992290883868,-0.10056352438223234,-0.6906438142532418,26.287428273343767,0.13719353155972874
14,valid_seen,additional20,reasoning_body,l2,0.6,1917,13,2.015015009871666,1.726786250702414,2.015014977463052,1.6968796383659972,0.09566323942421955,0.10878844968934527,0.9607096869434363,0.957124411919867,0.9950596802990342,0.9999999950873585,-0.08276535117927747,-1.8188038020857817,24.04590505998957,0.198226395409494
14,valid_seen,additional20,reasoning_body,l2,1.0,1917,13,1.225077605443697,1.0410839793339302,1.2250607200835213,1.0160614721830532,0.15961022819450033,0.19287380383326136,0.9362206333120104,0.926847144860306,0.994849350438886,0.9999973275851756,-0.10056352438223234,-1.1513779311700614,24.04590505998957,0.198226395409494
14,valid_seen,additional20,reasoning_body,l3,0.6,1917,13,2.0495321870884293,1.5825805282318737,2.0495321804594364,1.5725703344355568,0.09566323942421955,0.09520813102449124,0.9607096869434363,0.9623493227755955,0.9984393640800424,0.9999999967041772,-0.08276535117927747,-1.6255493106069459,25.107459572248306,0.1752738654147105
14,valid_seen,additional20,reasoning_body,l3,1.0,1917,13,1.2348528183787697,0.9584874622567512,1.2348460719641252,0.9483198205306225,0.15961022819450033,0.1674330455504887,0.9362206333120104,0.9356883927658939,0.998024780951692,0.9999990563686154,-0.10056352438223234,-1.0276095084204677,25.107459572248306,0.1752738654147105
14,valid_seen,additional20,reasoning_close_tag,l1,0.6,52,13,0.018795248880925514,0.016803125838937675,0.018795248869623922,0.01680312583865756,0.008558581347448142,0.01147179501892459,0.9969279433672245,0.9955261429915061,0.9999999965612705,0.9999999977075137,-0.035395198250248575,-0.005036422702758477,28.134615384615383,0.019230769230769232
14,valid_seen,additional20,reasoning_close_tag,l1,1.0,52,13,0.011151705143614918,0.008207439713967408,0.011151689968056778,0.008207436921337817,0.013248352589145473,0.022335376345482643,0.9944811142407931,0.9917580141470983,0.9999999908300546,0.9999999828063525,-0.02560393143325257,-0.009542175549656444,28.134615384615383,0.019230769230769232
14,valid_seen,additional20,reasoning_close_tag,l2,0.6,52,13,0.032796436411580525,0.028663326359943196,0.032796436405012924,0.02866332635765197,0.008558581347448142,0.01161065303055963,0.9969279433672245,0.9967425316572189,0.9999999965612705,0.9999999954150274,-0.035395198250248575,-0.003411263214893814,28.0,0.019230769230769232
14,valid_seen,additional20,reasoning_close_tag,l2,1.0,52,13,0.02681865366088856,0.015533969693664237,0.02681862642205241,0.01553396574956983,0.013248352589145473,0.028058821079231792,0.9944811142407931,0.9909821737271088,0.9999999885375683,0.9999999518577869,-0.02560393143325257,-0.009833824384233098,28.0,0.019230769230769232
14,valid_seen,additional20,reasoning_close_tag,l3,0.6,52,13,0.02074703773103319,0.0050594335432574845,0.020747037713681735,0.005059433543219225,0.008558581347448142,0.021007217856567104,0.9969279433672245,0.9913504937520394,0.9999999965612705,0.9999999942687842,-0.035395198250248575,-0.033812255322831566,28.076923076923077,0.0
14,valid_seen,additional20,reasoning_close_tag,l3,1.0,52,13,0.01672013922628855,0.00722950459532227,0.016720131546681685,0.00722950328253474,0.013248352589145473,0.030157040812034568,0.9944811142407931,0.9865180574930631,0.9999999873913251,0.9999999942687842,-0.02560393143325257,-0.030457213181337376,28.076923076923077,0.0
14,valid_seen,additional20,special,l1,0.6,13,13,1.0306972097721754e-11,-5.183837267027562e-12,1.0304035340147184e-11,-5.18829112368204e-12,5.826521060497542e-10,7.555369769989102e-10,1.0,1.0,1.0,1.0,0.0,0.0,28.76923076923077,0.0
14,valid_seen,additional20,special,l1,1.0,13,13,2.8291392613237594e-08,3.7848266469626864e-08,2.1734949293353075e-08,2.9773392503566008e-08,1.5439178171688512e-05,1.5340566628415567e-05,0.9999992709893447,0.9999992618193994,0.9999998257710383,0.9999998807907104,-7.060855339729571e-07,-7.335953394151427e-07,28.76923076923077,0.0
14,valid_seen,additional20,special,l2,0.6,13,13,3.889627600213369e-11,-1.4156943458045306e-11,3.88926050900893e-11,-1.4162456370679383e-11,5.826521060497542e-10,1.1280938512385592e-09,1.0,1.0,1.0,1.0,0.0,0.0,28.153846153846153,0.0
14,valid_seen,additional20,special,l2,1.0,13,13,9.469276477466119e-08,5.3421197175286857e-08,8.642157806476165e-08,4.346938822572191e-08,1.5439178171688512e-05,1.7272191074041006e-05,0.9999992709893447,0.9999991380251371,0.9999998257710383,0.9999998716207651,-7.060855339729571e-07,-8.436345349484607e-07,28.153846153846153,0.0
14,valid_seen,additional20,special,l3,0.6,13,13,1.172585262728377e-11,-5.8549775604744576e-12,1.172194430363241e-11,-5.860410737336263e-12,5.826521060497542e-10,7.766995252084669e-10,1.0,1.0,1.0,1.0,0.0,0.0,28.307692307692307,0.0
14,valid_seen,additional20,special,l3,1.0,13,13,5.075540049786626e-08,1.7178130507799185e-08,4.268373060129376e-08,7.827542784884127e-09,1.5439178171688512e-05,1.577650982653722e-05,0.9999992709893447,0.9999992480644813,0.999999830356011,0.9999998624508197,-7.060855339729571e-07,-7.3359532192486e-07,28.307692307692307,0.0
14,valid_seen,additional20,tag_or_boundary,l1,0.6,130,13,0.0040612805942671784,0.0071031971769848845,0.004061280594266717,0.007103197176983349,0.0069140830275244555,0.001426357144451952,0.9976775430716001,0.9997283128591684,0.9999999981660109,0.9999999981660109,-0.012174251609505296,-0.035530581705116214,29.1,0.0
14,valid_seen,additional20,tag_or_boundary,l1,1.0,130,13,0.008012379956359316,0.008987015507179591,0.008012379364194761,0.008987014506466892,0.015516962038053927,0.006641627416210464,0.9947069855836722,0.9983916530242333,1.0000000045849726,1.0000000091699452,-0.011701833485789046,-0.02281583739910759,29.1,0.0
14,valid_seen,additional20,tag_or_boundary,l2,0.6,130,13,0.002055268102022011,0.005638400480735953,0.0020552681020215118,0.005638400480734012,0.0069140830275244555,0.000782454597493471,0.9976775430716001,0.9998628506293663,0.9999999981660109,1.0,-0.012174251609505296,-0.032189324190218936,29.06923076923077,0.0
14,valid_seen,additional20,tag_or_boundary,l2,1.0,130,13,0.0033597160240579262,0.00662586196674951,0.0033597153846060095,0.006625860873023603,0.015516962038053927,0.0049634196411609,0.9947069855836722,0.998931072308467,1.0000000009169945,1.0000000123794262,-0.011701833485789046,-0.020325059779103382,29.06923076923077,0.0
14,valid_seen,additional20,tag_or_boundary,l3,0.6,130,13,0.002104317065381777,0.005706651096213561,0.0021043170653813697,0.0057066510962109525,0.0069140830275244555,0.00103190377859761,0.9976775430716001,0.9998183057858394,0.9999999981660109,1.0000000004584972,-0.012174251609505296,-0.03223404056336042,28.93846153846154,0.0
14,valid_seen,additional20,tag_or_boundary,l3,1.0,130,13,0.003451770800209916,0.006658569000411635,0.003451770336275165,0.006658567802880682,0.015516962038053927,0.005678556210971152,0.9947069855836722,0.9987042619631841,1.000000005501967,1.000000008711448,-0.011701833485789046,-0.020560058342894268,28.93846153846154,0.0
14,valid_seen,additional20,valid_reasoning_body,l1,0.6,1917,13,1.3607494602458323,0.9898452287438413,1.3607494460635987,0.9826123033980436,0.09566323942421955,0.10078155993678278,0.9607096869434363,0.9592537614723389,0.9985280011935538,0.9999999972638453,-0.08276535117927747,-1.0594381791106746,26.287428273343767,0.13719353155972874
14,valid_seen,additional20,valid_reasoning_body,l1,1.0,1917,13,0.8283988162573968,0.5923950842309765,0.8283953650718344,0.5856908840837696,0.15961022819450033,0.17531260625236053,0.9362206333120104,0.9318394549327028,0.9984205144967148,0.9999992290883868,-0.10056352438223234,-0.6906438142532418,26.287428273343767,0.13719353155972874
14,valid_seen,additional20,valid_reasoning_body,l2,0.6,1917,13,2.015015009871666,1.726786250702414,2.015014977463052,1.6968796383659972,0.09566323942421955,0.10878844968934527,0.9607096869434363,0.957124411919867,0.9950596802990342,0.9999999950873585,-0.08276535117927747,-1.8188038020857817,24.04590505998957,0.198226395409494
14,valid_seen,additional20,valid_reasoning_body,l2,1.0,1917,13,1.225077605443697,1.0410839793339302,1.2250607200835213,1.0160614721830532,0.15961022819450033,0.19287380383326136,0.9362206333120104,0.926847144860306,0.994849350438886,0.9999973275851756,-0.10056352438223234,-1.1513779311700614,24.04590505998957,0.198226395409494
14,valid_seen,additional20,valid_reasoning_body,l3,0.6,1917,13,2.0495321870884293,1.5825805282318737,2.0495321804594364,1.5725703344355568,0.09566323942421955,0.09520813102449124,0.9607096869434363,0.9623493227755955,0.9984393640800424,0.9999999967041772,-0.08276535117927747,-1.6255493106069459,25.107459572248306,0.1752738654147105
14,valid_seen,additional20,valid_reasoning_body,l3,1.0,1917,13,1.2348528183787697,0.9584874622567512,1.2348460719641252,0.9483198205306225,0.15961022819450033,0.1674330455504887,0.9362206333120104,0.9356883927658939,0.998024780951692,0.9999990563686154,-0.10056352438223234,-1.0276095084204677,25.107459572248306,0.1752738654147105
15,valid_seen,additional20,action_body,l1,0.6,173,31,3.303573393713326e-05,1.9239533978455142e-05,3.303573124415727e-05,1.9239535323133684e-05,6.12362364317643e-05,0.00023772075740675208,0.9999922055729552,0.9999608166645028,0.999999999310929,0.9999999989663935,-7.799038208914244e-06,-3.9313162698336216e-05,30.115606936416185,0.0
15,valid_seen,additional20,action_body,l1,1.0,173,31,9.948296381598418e-05,7.320997697029345e-05,9.948295269982437e-05,7.320997660440452e-05,0.0007352099372168903,0.0013375751631882107,0.9998680366946093,0.9996949386045423,1.0000000034453551,1.000000005168033,-0.00013294734627326775,-0.0003118148405065515,30.115606936416185,0.0
15,valid_seen,additional20,action_body,l2,0.6,173,31,0.03831541927406047,0.033636594928095453,0.03831541927406047,0.03363659492809831,6.12362364317643e-05,0.00012007207062365295,0.9999922055729552,0.9999827201655834,0.999999999310929,1.000000000689071,-7.799038208914244e-06,-0.03373596502380586,29.121387283236995,0.005780346820809248
15,valid_seen,additional20,action_body,l2,1.0,173,31,0.021793411091950283,0.019525554966702177,0.021793411091042852,0.01952555358780572,0.0007352099372168903,0.0010063282152276598,0.9998680366946093,0.9997994896304401,1.0000000034453551,1.0,-0.00013294734627326775,-0.020434290836337656,29.121387283236995,0.005780346820809248
15,valid_seen,additional20,action_body,l3,0.6,173,31,7.360061456783435e-06,3.8713530719395616e-05,7.360062117877217e-06,3.871353339121763e-05,6.12362364317643e-05,3.5686730348489596e-06,0.9999922055729552,0.9999997033549182,0.999999999310929,0.9999999996554645,-7.799038208914244e-06,-2.9698643125474165e-07,29.202312138728324,0.0
15,valid_seen,additional20,action_body,l3,1.0,173,31,9.662650809890795e-05,0.0002913276349653717,9.662650569224347e-05,0.0002913276739533047,0.0007352099372168903,0.00021675256594602468,0.9998680366946093,0.9999730993557527,1.0000000034453551,1.000000002067213,-0.00013294734627326775,-2.6918953230663693e-05,29.202312138728324,0.0
15,valid_seen,additional20,all_response,l1,0.6,6326,31,0.9435733261482274,0.8350922617974178,0.9435733262576252,0.8276363669974233,0.09312492466517025,0.09990426330815635,0.9624286566331272,0.9600478873914682,0.9989575208849331,0.9999999985395637,-0.08644723943684057,-0.9460726288930651,26.832437559279164,0.12393297502371167
15,valid_seen,additional20,all_response,l1,1.0,6326,31,0.5690638345519928,0.5042958157247361,0.5690580913871913,0.4986681109049567,0.163183415919792,0.1754745751789593,0.936825614199961,0.9326680752811197,0.9989393322039284,0.9999979690890353,-0.10292001509075982,-0.6224795706720064,26.832437559279164,0.12393297502371167
15,valid_seen,additional20,all_response,l2,0.6,6326,31,1.520087472483477,1.362932876291068,1.5200872913635446,1.3468687218050093,0.09312492466517025,0.11486385103773229,0.9624286566331272,0.9538476844066462,0.9970033262860295,0.9999999769156845,-0.08644723943684057,-1.4773459157029045,24.96964906734113,0.16772051849509959
15,valid_seen,additional20,all_response,l2,1.0,6326,31,0.9261259898597596,0.8259002833157179,0.9260982006524594,0.8121220880086204,0.163183415919792,0.19800659122402076,0.936825614199961,0.9236785642216185,0.9969510030692753,0.9999936832361798,-0.10292001509075982,-0.9487629489354568,24.96964906734113,0.16772051849509959
15,valid_seen,additional20,all_response,l3,0.6,6326,31,1.3347284548342344,1.2612119635276127,1.3347284334695864,1.2419628498640696,0.09312492466517025,0.0995101120928923,0.9624286566331272,0.9604095428937076,0.9976592078500902,0.9999999968529953,-0.08644723943684057,-1.3731587606585212,25.736642428074614,0.15475814100537463
15,valid_seen,additional20,all_response,l3,1.0,6326,31,0.8064182841121379,0.7571340234646758,0.8064058762242224,0.7424857106009395,0.163183415919792,0.17570702553045628,0.936825614199961,0.9328789041412053,0.9975231959476107,0.9999974384983996,-0.10292001509075982,-0.8787054705728936,25.736642428074614,0.15475814100537463
15,valid_seen,additional20,reasoning_body,l1,0.6,5688,31,1.049206202929127,0.9283354915571388,1.0492062030492812,0.9200432991339836,0.1031283712401194,0.11101253061923642,0.9583662907984606,0.955582470959249,0.9988405904516515,0.9999999986482069,-0.09589651967072094,-1.051294811574725,26.563994374120956,0.13783403656821377
15,valid_seen,additional20,reasoning_body,l1,1.0,5688,31,0.6324752844139422,0.5604156435264003,0.63246889750638,0.5541567019131579,0.18045754473411327,0.19451905694117752,0.9300891621046177,0.925253726562954,0.9988203615882812,0.9999977419920444,-0.11402682721865408,-0.6916324553272756,26.563994374120956,0.13783403656821377
15,valid_seen,additional20,reasoning_body,l2,0.6,5688,31,1.6892672611621644,1.5144435429871204,1.689267059726964,1.4965775371364376,0.1031283712401194,0.12762966519082294,0.9583662907984606,0.9486913818462572,0.9966672017328286,0.9999999744207212,-0.09589651967072094,-1.6411287027881611,24.535337552742615,0.18635724331926865
15,valid_seen,additional20,reasoning_body,l2,1.0,5688,31,1.0290421403866459,0.9176177067001314,1.0290112346555549,0.9022940670371533,0.18045754473411327,0.2195279890746167,0.9300891621046177,0.9152720382518322,0.9966090095167882,0.999992975999199,-0.11402682721865408,-1.0538812472934003,24.535337552742615,0.18635724331926865
15,valid_seen,additional20,reasoning_body,l3,0.6,5688,31,1.4842499046067295,1.4022011511591717,1.4842498808454987,1.3807929421162544,0.1031283712401194,0.11058756979440663,0.9583662907984606,0.9559831392758757,0.9973966508844194,0.9999999966047988,-0.09589651967072094,-1.5261404999325319,25.375175808720112,0.1721167369901547
15,valid_seen,additional20,reasoning_body,l3,1.0,5688,31,0.8965081679690893,0.8415860112998943,0.896494368648025,0.8252946564665364,0.18045754473411327,0.19487769302735056,0.9300891621046177,0.925466458112756,0.9972453829186749,0.9999971521806114,-0.11402682721865408,-0.9765321685230336,25.375175808720112,0.1721167369901547
15,valid_seen,additional20,reasoning_close_tag,l1,0.6,124,31,0.002418323212298744,0.00039904912738415553,0.002418323285485964,0.0003990491105007433,1.6980980868696995e-05,0.0023407876838067044,0.999998525746407,0.9995948321396305,0.9999999937511259,0.9999999956738564,-1.4718159936402418e-06,-0.000407714079934412,28.483870967741936,0.0
15,valid_seen,additional20,reasoning_close_tag,l1,1.0,124,31,0.009053476044010305,0.0026909294444024947,0.009053458222385832,0.002690926787194462,0.0009499983564815066,0.013753857132784592,0.9998806373726937,0.9969285442944495,0.9999999947124912,0.9999999490476423,-0.00011946106645445118,-0.0031452462830471855,28.483870967741936,0.0
15,valid_seen,additional20,reasoning_close_tag,l2,0.6,124,31,0.0011930314896984133,0.00021379269182822595,0.0011930314794288935,0.0002137926908469284,1.6980980868696995e-05,0.001437708744460583,0.999998525746407,0.9997799579174288,0.9999999937511259,0.9999999966352217,-1.4718159936402418e-06,-0.00022069825854578818,28.29032258064516,0.0
15,valid_seen,additional20,reasoning_close_tag,l2,1.0,124,31,0.005900916594107693,0.0018928788708241439,0.005900897287992262,0.0018928761004591093,0.0009499983564815066,0.011032496399562955,0.9998806373726937,0.9977365544726772,0.9999999980772695,0.9999999495283249,-0.00011946106645445118,-0.002298765149333288,28.29032258064516,0.0
15,valid_seen,additional20,reasoning_close_tag,l3,0.6,124,31,0.0017144007640682803,0.0003171953705722311,0.0017144007721982071,0.00031719537121080086,1.6980980868696995e-05,0.0017955563696210395,0.999998525746407,0.9996772206598713,0.9999999937511259,1.000000002403413,-1.4718159936402418e-06,-0.00032538960518689554,28.43548387096774,0.0
15,valid_seen,additional20,reasoning_close_tag,l3,1.0,124,31,0.006114777039606468,0.0020029438823564996,0.006114766532171088,0.002002941562528297,0.0009499983564815066,0.010774766008239676,0.9998806373726937,0.9976358466571377,0.999999996154539,0.999999957219247,-0.00011946106645445118,-0.002425172908315787,28.43548387096774,0.0
15,valid_seen,additional20,special,l1,0.6,31,31,6.179537262812205e-12,-3.1825391694011943e-12,6.1768721274166e-12,-3.18595034163397e-12,5.87632307509141e-10,6.951174232990602e-10,1.0,1.0,1.0,1.0,0.0,0.0,28.06451612903226,0.0
15,valid_seen,additional20,special,l1,1.0,31,31,4.1746373078840436e-08,4.669372730763972e-09,3.5748642053747407e-08,-2.1934666412952935e-09,1.513129656462209e-05,1.532409785267514e-05,0.9999992597487665,0.9999992712851493,0.9999998115724132,0.9999998846361714,-6.998736459477626e-07,-7.114100251401983e-07,28.06451612903226,0.0
15,valid_seen,additional20,special,l2,0.6,31,31,7.751992551852331e-12,-4.020104233420722e-12,7.749178325433366e-12,-4.023880672217815e-12,5.87632307509141e-10,7.226103102983103e-10,1.0,1.0,1.0,1.0,0.0,0.0,28.0,0.0
15,valid_seen,additional20,special,l2,1.0,31,31,3.562898168611135e-08,2.1251642782466947e-08,2.89837195964079e-08,1.3487912550288222e-08,1.513129656462209e-05,1.5411363106508242e-05,0.9999992597487665,0.9999992347532703,0.9999998154178742,0.9999998577179448,-6.998736459477626e-07,-7.30637309736208e-07,28.0,0.0
15,valid_seen,additional20,special,l3,0.6,31,31,4.751338794957282e-12,-2.3115810596885863e-12,4.748379405234056e-12,-2.315316437962441e-12,5.87632307509141e-10,6.696957307702227e-10,1.0,1.0,1.0,1.0,0.0,0.0,28.161290322580644,0.0
15,valid_seen,additional20,special,l3,1.0,31,31,4.447412726265963e-08,7.819740238847229e-09,3.770779141261975e-08,2.741033923134564e-10,1.513129656462209e-05,1.5335330845705505e-05,0.9999992597487665,0.9999992597487665,0.9999998134951438,0.9999998673315971,-6.998736459477626e-07,-7.07564566020606e-07,28.161290322580644,0.0
15,valid_seen,additional20,tag_or_boundary,l1,0.6,310,31,0.0027561022333139054,0.007640521362538476,0.002756102233313528,0.007640521362537104,0.00806902673974463,0.0007216520638979126,0.997218551751106,0.999893097915957,0.9999999984618156,0.9999999973081773,-0.004530003392256097,-0.01623614328204878,29.141935483870967,0.0
15,valid_seen,additional20,tag_or_boundary,l1,1.0,310,31,0.00399534436473503,0.0070477715311063685,0.0039953439370396466,0.007047770719831154,0.01809778863042631,0.005452944728865664,0.9937075320751436,0.9988667943785268,1.0000000151895707,1.000000016150936,-0.007901895113591977,-0.010827037449522852,29.141935483870967,0.0
15,valid_seen,additional20,tag_or_boundary,l2,0.6,310,31,0.0024021483893814665,0.006170521581724493,0.002402148389381067,0.006170521581723051,0.00806902673974463,0.0015230247882632455,0.997218551751106,0.9997230524016965,0.9999999984618156,0.9999999992309078,-0.004530003392256097,-0.016408105626880554,28.990322580645163,0.0
15,valid_seen,additional20,tag_or_boundary,l2,1.0,310,31,0.003159169201693032,0.005235606118908743,0.0031591687926055463,0.005235605193329654,0.01809778863042631,0.007651264966771325,0.9937075320751436,0.9981891062951858,1.0000000149972976,1.0000000107672906,-0.007901895113591977,-0.011540898444774041,28.990322580645163,0.0
15,valid_seen,additional20,tag_or_boundary,l3,0.6,310,31,0.0027899641702011286,0.008582915534242844,0.0027899641702004733,0.008582915534240898,0.00806902673974463,0.0008245345742680352,0.997218551751106,0.9998669293618971,0.9999999984618156,0.9999999973081773,-0.004530003392256097,-0.018950827806025264,29.112903225806452,0.0
15,valid_seen,additional20,tag_or_boundary,l3,1.0,310,31,0.004156954089340098,0.007709145803440669,0.004156953290472074,0.007709144613028692,0.01809778863042631,0.005433164490031194,0.9937075320751436,0.9988276310505405,1.0000000167277552,1.0000000109595637,-0.007901895113591977,-0.01248526429376221,29.112903225806452,0.0
15,valid_seen,additional20,valid_reasoning_body,l1,0.6,5688,31,1.049206202929127,0.9283354915571388,1.0492062030492812,0.9200432991339836,0.1031283712401194,0.11101253061923642,0.9583662907984606,0.955582470959249,0.9988405904516515,0.9999999986482069,-0.09589651967072094,-1.051294811574725,26.563994374120956,0.13783403656821377
15,valid_seen,additional20,valid_reasoning_body,l1,1.0,5688,31,0.6324752844139422,0.5604156435264003,0.63246889750638,0.5541567019131579,0.18045754473411327,0.19451905694117752,0.9300891621046177,0.925253726562954,0.9988203615882812,0.9999977419920444,-0.11402682721865408,-0.6916324553272756,26.563994374120956,0.13783403656821377
15,valid_seen,additional20,valid_reasoning_body,l2,0.6,5688,31,1.6892672611621644,1.5144435429871204,1.689267059726964,1.4965775371364376,0.1031283712401194,0.12762966519082294,0.9583662907984606,0.9486913818462572,0.9966672017328286,0.9999999744207212,-0.09589651967072094,-1.6411287027881611,24.535337552742615,0.18635724331926865
15,valid_seen,additional20,valid_reasoning_body,l2,1.0,5688,31,1.0290421403866459,0.9176177067001314,1.0290112346555549,0.9022940670371533,0.18045754473411327,0.2195279890746167,0.9300891621046177,0.9152720382518322,0.9966090095167882,0.999992975999199,-0.11402682721865408,-1.0538812472934003,24.535337552742615,0.18635724331926865
15,valid_seen,additional20,valid_reasoning_body,l3,0.6,5688,31,1.4842499046067295,1.4022011511591717,1.4842498808454987,1.3807929421162544,0.1031283712401194,0.11058756979440663,0.9583662907984606,0.9559831392758757,0.9973966508844194,0.9999999966047988,-0.09589651967072094,-1.5261404999325319,25.375175808720112,0.1721167369901547
15,valid_seen,additional20,valid_reasoning_body,l3,1.0,5688,31,0.8965081679690893,0.8415860112998943,0.896494368648025,0.8252946564665364,0.18045754473411327,0.19487769302735056,0.9300891621046177,0.925466458112756,0.9972453829186749,0.9999971521806114,-0.11402682721865408,-0.9765321685230336,25.375175808720112,0.1721167369901547
16,valid_seen,additional20,action_body,l1,0.6,130,20,0.007217197723404863,0.006658656651472073,0.007217197723404663,0.0066586566514726196,0.0033717685161920195,0.004079803226547969,0.9987775587118589,0.9982868845646198,0.9999999990830055,0.9999999990830055,-0.0013312019901333154,-0.011553337940749048,30.146153846153847,0.007692307692307693
16,valid_seen,additional20,action_body,l1,1.0,130,20,0.0028196672990689333,0.002731380162273623,0.0028196672555560465,0.0027313801532887695,0.004688389227730681,0.004915878630660465,0.9979046931633583,0.9975229529234079,1.0000000059604646,1.0000000041264754,-0.002436258831356716,-0.008754354665400126,30.146153846153847,0.007692307692307693
16,valid_seen,additional20,action_body,l2,0.6,130,20,0.01412187389895742,0.04785834084306777,0.014121873898956932,0.04785834084306782,0.0033717685161920195,2.5931704109150118e-05,0.9987775587118589,0.9999971279731164,0.9999999990830055,0.9999999977075137,-0.0013312019901333154,-0.060900347966278134,29.346153846153847,0.007692307692307693
16,valid_seen,additional20,action_body,l2,1.0,130,20,0.00966456348844727,0.02231138392277522,0.009664563457795998,0.022311383913871035,0.004688389227730681,0.0005020298769693866,0.9979046931633583,0.9999208399882683,1.000000006877459,1.0000000004584972,-0.002436258831356716,-0.03661790906593717,29.346153846153847,0.007692307692307693
16,valid_seen,additional20,action_body,l3,0.6,130,20,0.0038892834162545177,0.003223948700352858,0.003889283416254951,0.0032239487003528815,0.0033717685161920195,0.0051691691602579505,0.9987775587118589,0.9969436828906719,0.9999999990830055,0.9999999981660109,-0.0013312019901333154,-0.007100239166783349,29.392307692307693,0.007692307692307693
16,valid_seen,additional20,action_body,l3,1.0,130,20,0.0014720178794047287,0.0013738130599318045,0.001472017865435497,0.001373813047709694,0.004688389227730681,0.005367647157788508,0.9979046931633583,0.9966220640219174,1.0000000059604646,1.0000000064189618,-0.002436258831356716,-0.006363446086475313,29.392307692307693,0.007692307692307693
16,valid_seen,additional20,all_response,l1,0.6,4916,20,0.6216432251010418,0.445390024401242,0.6216432266592721,0.4447844841853449,0.07239555309643665,0.08677542976473811,0.9712893741525122,0.9653743486927233,0.9997710694699371,0.9999999987390392,-0.059926312856127255,-0.5057503096700646,27.790886899918632,0.08909682668836452
16,valid_seen,additional20,all_response,l1,1.0,4916,20,0.37197505014144583,0.27201442162152667,0.3719743416952071,0.2711767626878998,0.1277711641776277,0.15124848289080373,0.9509120782802414,0.9418490889919444,0.9997234178268883,0.9999994987438519,-0.07581908361805596,-0.35090065244788415,27.790886899918632,0.08909682668836452
16,valid_seen,additional20,all_response,l2,0.6,4916,20,1.19014232290517,0.9068566381035421,1.1901423157171869,0.8956995562814943,0.07239555309643665,0.0999954072565156,0.9712893741525122,0.9603866566066532,0.9982002121734889,0.9999999974538293,-0.059926312856127255,-0.9699737121284074,25.78193653376729,0.12652563059397884
16,valid_seen,additional20,all_response,l2,1.0,4916,20,0.720611014513643,0.5542396630760429,0.7206054383062646,0.5451982539567753,0.1277711641776277,0.17296380918718318,0.9509120782802414,0.933772325533934,0.9982044799184586,0.9999981729284935,-0.07581908361805596,-0.6364620112459118,25.78193653376729,0.12652563059397884
16,valid_seen,additional20,all_response,l3,0.6,4916,20,0.981941472973323,0.7591584122905628,0.9819414675927244,0.7517187604877527,0.07239555309643665,0.09594407548781998,0.9712893741525122,0.9612802749998304,0.9991141098188852,0.9999999970537167,-0.059926312856127255,-0.8387691954989636,26.627339300244103,0.1242880390561432
16,valid_seen,additional20,all_response,l3,1.0,4916,20,0.5807098997827171,0.4619128769536396,0.5807056494435876,0.4560237777945221,0.1277711641776277,0.16264441664404702,0.9509120782802414,0.9365976023918928,0.9990891433110308,0.9999986115609658,-0.07581908361805596,-0.5548784942121706,26.627339300244103,0.1242880390561432
16,valid_seen,additional20,reasoning_body,l1,0.6,4486,20,0.680809035788827,0.48756570491341933,0.6808090374964041,0.48690212138659666,0.0789228756426861,0.09489596875208707,0.9686865356754524,0.9621194857095854,0.9997491258819223,0.9999999988440472,-0.06550495593313904,-0.5538789309466576,27.65113687026304,0.09741417744092733
16,valid_seen,additional20,reasoning_body,l1,1.0,4486,20,0.4071117664540246,0.29766494879012867,0.40711099024156905,0.2967469972046145,0.13920059801249773,0.1651205414325641,0.9465047306864058,0.9364519764237833,0.9996969064766419,0.9999994508560034,-0.0827465819288832,-0.384174228826555,27.65113687026304,0.09741417744092733
16,valid_seen,additional20,reasoning_body,l2,0.6,4486,20,1.3035846695832556,0.9920630011600676,1.303584661706278,0.9798364710135707,0.0789228756426861,0.10947607820381332,0.9686865356754524,0.9566125028429954,0.9980276959957566,0.999999997369211,-0.06550495593313904,-1.0611612096860035,25.486847971466787,0.13843067320552832
16,valid_seen,additional20,reasoning_body,l2,1.0,4486,20,0.7890269424237416,0.606362673046685,0.7890208318215276,0.5964546109094504,0.13920059801249773,0.18910147568389182,0.9465047306864058,0.927532693496571,0.9980323726208573,0.9999979980093956,-0.0827465819288832,-0.696296869972522,25.486847971466787,0.13843067320552832
16,valid_seen,additional20,reasoning_body,l3,0.6,4486,20,1.0758817645918954,0.8315845865830922,1.0758817586955474,0.8234318161277602,0.0789228756426861,0.10486915252953281,0.9686865356754524,0.9576962006793616,0.9990291941733688,0.9999999968643121,-0.06550495593313904,-0.9189206783341818,26.401025412394116,0.1359786000891663
16,valid_seen,additional20,reasoning_body,l3,1.0,4486,20,0.6361891537636563,0.5059105117967968,0.6361844960959235,0.49945692040600553,0.13920059801249773,0.1776803277115694,0.9465047306864058,0.9307268486257328,0.9990018341596502,0.999998478314412,-0.0827465819288832,-0.6077621965746624,26.401025412394116,0.1359786000891663
16,valid_seen,additional20,reasoning_close_tag,l1,0.6,80,20,0.005496984637567178,0.000536120161825118,0.005496984638416453,0.0005361201615390357,4.2108115581643695e-06,0.0025123998757059325,0.9999996893107891,0.9994710259139538,0.9999999977648258,0.9999999947845936,-3.099433152797815e-07,-0.0005368463778952836,28.3875,0.0
16,valid_seen,additional20,reasoning_close_tag,l1,1.0,80,20,0.013460373725746924,0.0025383076453992775,0.013460368844468,0.0025383064911469423,0.00045779125691436417,0.009956883502579474,0.9999487824738026,0.9974549189209938,1.0000000052154063,0.999999987334013,-5.123616912721119e-05,-0.002657586672862333,28.3875,0.0
16,valid_seen,additional20,reasoning_close_tag,l2,0.6,80,20,0.007293267667939805,0.0006687078899976424,0.0072932676678908095,0.0006687078899792211,4.2108115581643695e-06,0.0026314331705054464,0.9999996893107891,0.9993478998541832,0.9999999977648258,0.9999999985098839,-3.099433152797815e-07,-0.0006691588424117434,28.3375,0.0
16,valid_seen,additional20,reasoning_close_tag,l2,1.0,80,20,0.01274690276856682,0.0022972311417427593,0.012746900208829185,0.0022972295516214057,0.00045779125691436417,0.00784584018710335,0.9999487824738026,0.9977627836167813,1.0000000059604646,1.0000000037252903,-5.123616912721119e-05,-0.002390354901579883,28.3375,0.0
16,valid_seen,additional20,reasoning_close_tag,l3,0.6,80,20,7.922767188942788e-05,1.2590969789093068e-05,7.922767184975231e-05,1.259096978213649e-05,4.2108115581643695e-06,0.00012380562104868071,0.9999996893107891,0.9999868825078011,0.9999999977648258,0.9999999977648258,-3.099433152797815e-07,-1.3121233490842599e-05,28.5875,0.0
16,valid_seen,additional20,reasoning_close_tag,l3,1.0,80,20,0.0012205215786922903,0.00034906591759940506,0.0012205204158621903,0.00034906486561685495,0.00045779125691436417,0.002923810010084417,0.9999487824738026,0.9995568253099918,1.0000000067055226,1.0000000134110452,-5.123616912721119e-05,-0.00044441388963809556,28.5875,0.0
16,valid_seen,additional20,special,l1,0.6,20,20,3.963578147333016e-12,-1.7987666930157818e-12,3.960795884150423e-12,-1.8026096245768605e-12,5.207799913531375e-10,5.872049207988894e-10,1.0,1.0,1.0,1.0,0.0,0.0,28.05,0.0
16,valid_seen,additional20,special,l1,1.0,20,20,4.0583915894565337e-08,1.3260183440166885e-08,3.4237481294496774e-08,5.611273756755963e-09,1.5161179908318445e-05,1.4503294869427918e-05,0.9999992728233338,0.9999993115663528,0.9999998092651368,0.9999998778104782,-6.914136491786849e-07,-6.616113381596733e-07,28.05,0.0
16,valid_seen,additional20,special,l2,0.6,20,20,4.431178146445782e-12,-2.32568470029588e-12,4.428317043977557e-12,-2.3298758691244317e-12,5.207799913531375e-10,5.993610274757089e-10,1.0,1.0,1.0,1.0,0.0,0.0,27.8,0.0
16,valid_seen,additional20,special,l2,1.0,20,20,4.2296459135116037e-08,1.514818439574128e-08,3.527862026952988e-08,6.467231283835417e-09,1.5161179908318445e-05,1.4571557630915778e-05,0.9999992728233338,0.9999992966651916,0.9999998033046722,0.999999862909317,-6.914136491786849e-07,-6.675718054793834e-07,27.8,0.0
16,valid_seen,additional20,special,l3,0.6,20,20,7.803067857793189e-12,-3.7459611886052565e-12,7.799407082361483e-12,-3.75013325794199e-12,5.207799913531375e-10,6.526456763911171e-10,1.0,1.0,1.0,1.0,0.0,0.0,27.6,0.0
16,valid_seen,additional20,special,l3,1.0,20,20,4.498336982905471e-08,2.093418220994181e-08,3.701916746479128e-08,1.2408526472995619e-08,1.5161179908318445e-05,1.5791131409059746e-05,0.9999992728233338,0.9999992460012436,0.9999998033046722,0.9999998509883881,-6.914136491786849e-07,-7.331368607310651e-07,27.6,0.0
16,valid_seen,additional20,tag_or_boundary,l1,0.6,200,20,0.002553827864584179,0.00704546368652478,0.0025538278645838215,0.007045463686523411,0.007049260532737626,0.0007666524016909692,0.9974485325813294,0.9998865410685539,0.9999999955296517,0.9999999976158143,-0.0028472031523865482,-0.00011378234401572485,29.13,0.0
16,valid_seen,additional20,tag_or_boundary,l1,1.0,200,20,0.004412873619884158,0.0066989606048824535,0.004412873072148936,0.006698959311850554,0.015113716446983075,0.006854440283093878,0.9947002840042114,0.9986609581112862,1.0000000110268592,1.0000000110268592,-0.006023110817567741,-0.0013566532265750907,29.13,0.0
16,valid_seen,additional20,tag_or_boundary,l2,0.6,200,20,0.0021976331547137614,0.007187643860988814,0.002197633154713373,0.007187643860986795,0.007049260532737626,0.001269247317811002,0.9974485325813294,0.999748287498951,0.9999999955296517,0.9999999985098839,-0.0028472031523865482,-0.0002550211441440453,28.86,0.0
16,valid_seen,additional20,tag_or_boundary,l2,1.0,200,20,0.003363686576258619,0.007074868450668199,0.003363685952156177,0.007074867547178192,0.015113716446983075,0.006438217580634234,0.9947002840042114,0.9985118573904037,1.0000000113248826,1.0000000071525574,-0.006023110817567741,-0.001539593330173794,28.86,0.0
16,valid_seen,additional20,tag_or_boundary,l3,0.6,200,20,0.0015337005979662438,0.005570894000507396,0.00153370059795673,0.005570894000524085,0.007049260532737626,0.002680801985342075,0.9974485325813294,0.9991352313756943,0.9999999955296517,1.0,-0.0028472031523865482,-0.0009356063770240652,29.025,0.0
16,valid_seen,additional20,tag_or_boundary,l3,1.0,200,20,0.0026815929889520197,0.005213128968896531,0.002681592411020994,0.0052131278145392005,0.015113716446983075,0.007769936770435668,0.9947002840042114,0.997738855779171,1.0000000154972077,1.0000000089406966,-0.006023110817567741,-0.00249323973972853,29.025,0.0
16,valid_seen,additional20,valid_reasoning_body,l1,0.6,4486,20,0.680809035788827,0.48756570491341933,0.6808090374964041,0.48690212138659666,0.0789228756426861,0.09489596875208707,0.9686865356754524,0.9621194857095854,0.9997491258819223,0.9999999988440472,-0.06550495593313904,-0.5538789309466576,27.65113687026304,0.09741417744092733
16,valid_seen,additional20,valid_reasoning_body,l1,1.0,4486,20,0.4071117664540246,0.29766494879012867,0.40711099024156905,0.2967469972046145,0.13920059801249773,0.1651205414325641,0.9465047306864058,0.9364519764237833,0.9996969064766419,0.9999994508560034,-0.0827465819288832,-0.384174228826555,27.65113687026304,0.09741417744092733
16,valid_seen,additional20,valid_reasoning_body,l2,0.6,4486,20,1.3035846695832556,0.9920630011600676,1.303584661706278,0.9798364710135707,0.0789228756426861,0.10947607820381332,0.9686865356754524,0.9566125028429954,0.9980276959957566,0.999999997369211,-0.06550495593313904,-1.0611612096860035,25.486847971466787,0.13843067320552832
16,valid_seen,additional20,valid_reasoning_body,l2,1.0,4486,20,0.7890269424237416,0.606362673046685,0.7890208318215276,0.5964546109094504,0.13920059801249773,0.18910147568389182,0.9465047306864058,0.927532693496571,0.9980323726208573,0.9999979980093956,-0.0827465819288832,-0.696296869972522,25.486847971466787,0.13843067320552832
16,valid_seen,additional20,valid_reasoning_body,l3,0.6,4486,20,1.0758817645918954,0.8315845865830922,1.0758817586955474,0.8234318161277602,0.0789228756426861,0.10486915252953281,0.9686865356754524,0.9576962006793616,0.9990291941733688,0.9999999968643121,-0.06550495593313904,-0.9189206783341818,26.401025412394116,0.1359786000891663
16,valid_seen,additional20,valid_reasoning_body,l3,1.0,4486,20,0.6361891537636563,0.5059105117967968,0.6361844960959235,0.49945692040600553,0.13920059801249773,0.1776803277115694,0.9465047306864058,0.9307268486257328,0.9990018341596502,0.999998478314412,-0.0827465819288832,-0.6077621965746624,26.401025412394116,0.1359786000891663
17,valid_seen,additional20,action_body,l1,0.6,158,29,4.3875215692393175e-07,7.481440131700067e-07,4.38752179857587e-07,7.481440365900907e-07,1.4005267309343789e-05,6.602160704290903e-06,0.9999986339973498,0.9999994145164007,1.0000000003772447,0.9999999988682663,-1.3662938511204836e-06,-5.854681710014673e-07,30.0,0.0
17,valid_seen,additional20,action_body,l1,1.0,158,29,1.1727061146119794e-05,1.653742467448221e-05,1.1727061228550377e-05,1.653742702791304e-05,0.000449245419903149,0.00032573814663753274,0.9999367639988284,0.9999580485156819,1.0000000041496904,1.0000000003772447,-6.334978504755666e-05,-4.199227020133864e-05,30.0,0.0
17,valid_seen,additional20,action_body,l2,0.6,158,29,9.593534369602964e-07,2.178520538712596e-06,9.593535056254776e-07,2.17852072259047e-06,1.4005267309343789e-05,1.925421466945061e-06,0.9999986339973498,0.999999852874611,1.0000000003772447,0.9999999988682663,-1.3662938511204836e-06,-1.4712478526607637e-07,29.11392405063291,0.0
17,valid_seen,additional20,action_body,l2,1.0,158,29,2.4600171248980428e-05,4.037308270767759e-05,2.4600166024954196e-05,4.0373077057075294e-05,0.000449245419903149,0.0001872659448379993,0.9999367639988284,0.9999786415432073,1.0000000041496904,0.9999999996227554,-6.334978504755666e-05,-2.136635358033957e-05,29.11392405063291,0.0
17,valid_seen,additional20,action_body,l3,0.6,158,29,9.127550839775231e-07,2.192171516550951e-06,9.127550361221665e-07,2.192171515098697e-06,1.4005267309343789e-05,1.9025013375425584e-06,0.9999986339973498,0.9999998453297193,1.0000000003772447,0.9999999984910216,-1.3662938511204836e-06,-1.546690139564995e-07,29.335443037974684,0.0
17,valid_seen,additional20,action_body,l3,1.0,158,29,2.655918007313246e-05,4.799484594617954e-05,2.655917564494251e-05,4.799483434859021e-05,0.000449245419903149,0.00015175723239213267,0.9999367639988284,0.9999823302407808,1.0000000041496904,1.0000000007544891,-6.334978504755666e-05,-1.767927975703791e-05,29.335443037974684,0.0
17,valid_seen,additional20,all_response,l1,0.6,4859,29,1.0219677372390796,0.7071475225505588,1.0219677304643868,0.7015216886801648,0.07977370263861636,0.0941162007087138,0.9682838041293177,0.9621926366878061,0.998882608522107,0.9999999971172893,-0.0642842453621223,-0.7676073436731351,27.051656719489607,0.11319201481786376
17,valid_seen,additional20,all_response,l1,1.0,4859,29,0.6167117424296135,0.42977992897861794,0.6167048133686601,0.42468898491706336,0.14238285557909947,0.16485429787697967,0.9453111421083025,0.9364291084545044,0.9988193527818279,0.9999984867240598,-0.08276433116679109,-0.5121047762541917,27.051656719489607,0.11319201481786376
17,valid_seen,additional20,all_response,l2,0.6,4859,29,1.80030046593709,1.3770977788295107,1.8003004134853762,1.3571797636830887,0.07977370263861636,0.10753773374056712,0.9682838041293177,0.9570072059413979,0.9967886214177472,0.9999999909593285,-0.0642842453621223,-1.4432980377817757,24.854291006379913,0.16608355628730193
17,valid_seen,additional20,all_response,l2,1.0,4859,29,1.0806996555695125,0.8306914252942679,1.080674452865536,0.8138790294900298,0.14238285557909947,0.18548472975228902,0.9453111421083025,0.9284150221387554,0.9966528839455875,0.9999957545276139,-0.08276433116679109,-0.9243582697895146,24.854291006379913,0.16608355628730193
17,valid_seen,additional20,all_response,l3,0.6,4859,29,1.286208350123636,1.043443212071409,1.2862083284642019,1.030130741001282,0.07977370263861636,0.09114571703712099,0.9682838041293177,0.9630883702294133,0.9976825050074443,0.9999999959519381,-0.0642842453621223,-1.1118131884149425,26.186869726281127,0.14056390203745628
17,valid_seen,additional20,all_response,l3,1.0,4859,29,0.7763766624869448,0.6296167209960581,0.7763661789286235,0.6183094114951132,0.14238285557909947,0.15884575378372442,0.9453111421083025,0.9383387772370622,0.9975819515312765,0.9999979484790292,-0.08276433116679109,-0.7168313542858042,26.186869726281127,0.14056390203745628
17,valid_seen,additional20,reasoning_body,l1,0.6,4266,29,1.163300428882558,0.8044840012435894,1.1633004211644455,0.798076142177425,0.0902540707887707,0.10696707190387002,0.9640475011492246,0.9569978416944075,0.9987272844781477,0.9999999971217636,-0.07205929471544399,-0.8729755119282762,26.752461322081576,0.12869198312236288
17,valid_seen,additional20,reasoning_body,l1,1.0,4266,29,0.7016932126865069,0.48871477608269137,0.7016853210448577,0.4829161599099282,0.16065299511511125,0.18685253353053013,0.9381982770342812,0.9278264702644865,0.9986552360000532,0.9999982772497186,-0.09314994640490717,-0.5822796713301006,26.752461322081576,0.12869198312236288
17,valid_seen,additional20,reasoning_body,l2,0.6,4266,29,2.0478076200393156,1.5673196239657397,2.047807560296838,1.5446328833196161,0.0902540707887707,0.12204977584231295,0.9640475011492246,0.951231099095805,0.9963422204040538,0.9999999899541163,-0.07205929471544399,-1.641914143472425,24.302625410220347,0.18846694796061886
17,valid_seen,additional20,reasoning_body,l2,1.0,4266,29,1.2292882264391614,0.9451525526617786,1.229259521309158,0.9260031315174321,0.16065299511511125,0.21014648514880727,0.9381982770342812,0.9188412552602516,0.9961876147915931,0.9999951661694961,-0.09314994640490717,-1.0513506286661984,24.302625410220347,0.18846694796061886
17,valid_seen,additional20,reasoning_body,l3,0.6,4266,29,1.4644008592132143,1.1875158109749597,1.4644008345430195,1.172352825290534,0.0902540707887707,0.10366553690431553,0.9640475011492246,0.9579899348999713,0.9973603592606732,0.9999999955848411,-0.07205929471544399,-1.2648636113704306,25.796530707923115,0.15986872948898265
17,valid_seen,additional20,reasoning_body,l3,1.0,4266,29,0.8836772886726163,0.716331299696664,0.8836653481398185,0.7034522054290114,0.16065299511511125,0.18022098055561708,0.9381982770342812,0.9299354063153994,0.9972458285179151,0.9999976639338519,-0.09314994640490717,-0.8154212380584818,25.796530707923115,0.15986872948898265
17,valid_seen,additional20,reasoning_close_tag,l1,0.6,116,29,0.008337025320638878,0.00172323594575625,0.008337025383006888,0.0017232359458459335,3.8901503969098914e-05,0.005209112615719989,0.9999959273584957,0.9983724047397745,0.9999999922925028,0.9999999979446674,-4.071019730487486e-06,-0.0017518258829715254,28.370689655172413,0.0
17,valid_seen,additional20,reasoning_close_tag,l1,1.0,116,29,0.011229179803976513,0.004092100055895354,0.011229160630986952,0.004092098902162753,0.0011718164055480116,0.014783305656068042,0.9998366776211508,0.9956475480877119,0.9999999989723337,0.999999960948681,-0.00016370387747924225,-0.00478352301822576,28.370689655172413,0.0
17,valid_seen,additional20,reasoning_close_tag,l2,0.6,116,29,0.08450448228206454,0.018990813456529126,0.08450448226934043,0.01899081345537976,3.8901503969098914e-05,0.011348603054601935,0.9999959273584957,0.9936624821917764,0.9999999922925028,0.9999999979446674,-4.071019730487486e-06,-0.019030532619263914,28.25862068965517,0.017241379310344827
17,valid_seen,additional20,reasoning_close_tag,l2,1.0,116,29,0.04646036727237688,0.016522300762777026,0.046460337169652345,0.016522299782306796,0.0011718164055480116,0.01990941439467784,0.9998366776211508,0.9913320934464191,0.9999999984585005,0.9999999342293575,-0.00016370387747924225,-0.017382547678771232,28.25862068965517,0.017241379310344827
17,valid_seen,additional20,reasoning_close_tag,l3,0.6,116,29,0.0031806742825188426,0.0007254297739519328,0.003180674281355574,0.0007254297740685914,3.8901503969098914e-05,0.002825872720212634,0.9999959273584957,0.9992766719439934,0.9999999922925028,0.9999999969170011,-4.071019730487486e-06,-0.0007495428691060319,28.482758620689655,0.0
17,valid_seen,additional20,reasoning_close_tag,l3,1.0,116,29,0.005777983158585713,0.0022228568414766957,0.005777975806882151,0.002222855309637594,0.0011718164055480116,0.009772399631064261,0.9998366776211508,0.9973948274193138,1.0,0.9999999794466742,-0.00016370387747924225,-0.0027784867549527437,28.482758620689655,0.0
17,valid_seen,additional20,special,l1,0.6,29,29,1.1026294773924267e-11,-6.52170559777351e-12,1.1023583543666514e-11,-6.525495940996136e-12,5.707970992415214e-10,7.714934122583544e-10,1.0,1.0,1.0,1.0,0.0,0.0,28.517241379310345,0.0
17,valid_seen,additional20,special,l1,1.0,29,29,5.645652028632718e-08,3.409272496496826e-09,5.023971822467878e-08,-4.105626612629058e-09,1.539376842566557e-05,1.581622441806068e-05,0.9999992456929437,0.9999992271949505,0.999999804743405,0.9999998766800453,-7.193661437260493e-07,-7.481407802233348e-07,28.517241379310345,0.0
17,valid_seen,additional20,special,l2,0.6,29,29,1.981234805378415e-11,-9.75249328114919e-12,1.9809186596540565e-11,-9.756875463700051e-12,5.707970992415214e-10,9.004848667492798e-10,1.0,1.0,1.0,1.0,0.0,0.0,28.06896551724138,0.0
17,valid_seen,additional20,special,l2,1.0,29,29,7.522562324781795e-08,2.5704861350561714e-08,6.787149429450092e-08,1.6946277454096537e-08,1.539376842566557e-05,1.6646086805849336e-05,0.9999992456929437,0.9999991655349731,0.9999997985774073,0.999999868458715,-7.193661437260493e-07,-8.056900434173164e-07,28.06896551724138,0.0
17,valid_seen,additional20,special,l3,0.6,29,29,1.445640666613655e-11,-6.623301939079483e-12,1.4453071215357232e-11,-6.62743346857525e-12,5.707970992415214e-10,8.050815340058746e-10,1.0,1.0,1.0,1.0,0.0,0.0,28.24137931034483,0.0
17,valid_seen,additional20,special,l3,1.0,29,29,4.2658836708275476e-08,4.099639218140808e-08,3.534548237235742e-08,3.285960812261551e-08,1.539376842566557e-05,1.66003925689187e-05,0.9999992456929437,0.9999991675903057,0.999999804743405,0.9999998376287264,-7.193661437260493e-07,-8.139113698109275e-07,28.24137931034483,0.0
17,valid_seen,additional20,tag_or_boundary,l1,0.6,290,29,0.007360142659794982,0.013451893764621949,0.00736014265979442,0.013451893764620719,0.008930447285836685,0.001323414739802445,0.997465698677918,0.9997590432906973,1.0000000002055334,0.9999999954782683,-0.01707416843362399,-0.018921533501178898,29.17241379310345,0.0034482758620689655
17,valid_seen,additional20,tag_or_boundary,l1,1.0,290,29,0.006464385429971077,0.010228081103077206,0.006464384879780994,0.010228080238614863,0.021673311031403623,0.007404608928350586,0.9929032697759825,0.9983201758614901,1.0000000121264623,1.0000000147983945,-0.016362737926416168,-0.012932706137996382,29.17241379310345,0.0034482758620689655
17,valid_seen,additional20,tag_or_boundary,l2,0.6,290,29,0.006586156473992321,0.01010107906148281,0.006586156473991978,0.010101079061487935,0.008930447285836685,0.0018784907071341674,0.997465698677918,0.9995907594417703,1.0000000002055334,0.9999999977391342,-0.01707416843362399,-0.021971946547354328,28.96551724137931,0.0034482758620689655
17,valid_seen,additional20,tag_or_boundary,l2,1.0,290,29,0.005457795898632962,0.00822716989209371,0.005457795388237431,0.008227169056294423,0.021673311031403623,0.008433908261987633,0.9929032697759825,0.9979333573374255,1.0000000129485953,1.0000000133596618,-0.016362737926416168,-0.015087159440122401,28.96551724137931,0.0034482758620689655
17,valid_seen,additional20,tag_or_boundary,l3,0.6,290,29,0.007528294533390457,0.01401248834176892,0.007528294533389869,0.014012488341767224,0.008930447285836685,0.0010750234326116102,0.997465698677918,0.9998112384615273,1.0000000002055334,0.999999999177867,-0.01707416843362399,-0.021741879280785303,29.089655172413792,0.0034482758620689655
17,valid_seen,additional20,tag_or_boundary,l3,1.0,290,29,0.006801537630105958,0.01094098981280379,0.006801536832229742,0.010940988765231717,0.021673311031403623,0.0063819212880991205,0.9929032697759825,0.9985816939123746,1.0000000104821962,1.0000000147983945,-0.016362737926416168,-0.014384232841494132,29.089655172413792,0.0034482758620689655
17,valid_seen,additional20,valid_reasoning_body,l1,0.6,4266,29,1.163300428882558,0.8044840012435894,1.1633004211644455,0.798076142177425,0.0902540707887707,0.10696707190387002,0.9640475011492246,0.9569978416944075,0.9987272844781477,0.9999999971217636,-0.07205929471544399,-0.8729755119282762,26.752461322081576,0.12869198312236288
17,valid_seen,additional20,valid_reasoning_body,l1,1.0,4266,29,0.7016932126865069,0.48871477608269137,0.7016853210448577,0.4829161599099282,0.16065299511511125,0.18685253353053013,0.9381982770342812,0.9278264702644865,0.9986552360000532,0.9999982772497186,-0.09314994640490717,-0.5822796713301006,26.752461322081576,0.12869198312236288
17,valid_seen,additional20,valid_reasoning_body,l2,0.6,4266,29,2.0478076200393156,1.5673196239657397,2.047807560296838,1.5446328833196161,0.0902540707887707,0.12204977584231295,0.9640475011492246,0.951231099095805,0.9963422204040538,0.9999999899541163,-0.07205929471544399,-1.641914143472425,24.302625410220347,0.18846694796061886
17,valid_seen,additional20,valid_reasoning_body,l2,1.0,4266,29,1.2292882264391614,0.9451525526617786,1.229259521309158,0.9260031315174321,0.16065299511511125,0.21014648514880727,0.9381982770342812,0.9188412552602516,0.9961876147915931,0.9999951661694961,-0.09314994640490717,-1.0513506286661984,24.302625410220347,0.18846694796061886
17,valid_seen,additional20,valid_reasoning_body,l3,0.6,4266,29,1.4644008592132143,1.1875158109749597,1.4644008345430195,1.172352825290534,0.0902540707887707,0.10366553690431553,0.9640475011492246,0.9579899348999713,0.9973603592606732,0.9999999955848411,-0.07205929471544399,-1.2648636113704306,25.796530707923115,0.15986872948898265
17,valid_seen,additional20,valid_reasoning_body,l3,1.0,4266,29,0.8836772886726163,0.716331299696664,0.8836653481398185,0.7034522054290114,0.16065299511511125,0.18022098055561708,0.9381982770342812,0.9299354063153994,0.9972458285179151,0.9999976639338519,-0.09314994640490717,-0.8154212380584818,25.796530707923115,0.15986872948898265
18,valid_seen,additional20,action_body,l1,0.6,251,50,0.028361366896236282,0.003678449108773545,0.02836136689623628,0.0036784491087734797,1.1982148039442997e-06,0.002688511457845697,0.9999999126115168,0.9984158327380025,0.9999999971503756,0.9999999990501252,-8.691334373050963e-08,-0.0036786306104824766,30.127490039840637,0.00398406374501992
18,valid_seen,additional20,action_body,l1,1.0,251,50,0.014981353799538487,0.003308143720198615,0.01498135273056621,0.0033081437196906356,0.00016448562900065527,0.003020828493794859,0.9999824296905699,0.9982139648669269,1.0000000083114047,1.0000000035620307,-1.7578464932406373e-05,-0.0033328009214761527,30.127490039840637,0.00398406374501992
18,valid_seen,additional20,action_body,l2,0.6,251,50,0.03789564881024407,0.005984088296061509,0.03789564881024424,0.005984088296061216,1.1982148039442997e-06,0.002117680111655209,0.9999999126115168,0.9991122861782393,0.9999999971503756,0.9999999990501252,-8.691334373050963e-08,-0.005984245521658102,28.9800796812749,0.00398406374501992
18,valid_seen,additional20,action_body,l2,1.0,251,50,0.01865412964595809,0.004534963324575573,0.018654131470862194,0.004534963797252041,0.00016448562900065527,0.0027037206149083354,0.9999824296905699,0.9986958541718137,1.000000008073936,1.0000000026121558,-1.7578464932406373e-05,-0.004555910768798988,28.9800796812749,0.00398406374501992
18,valid_seen,additional20,action_body,l3,0.6,251,50,0.013146193927955203,0.0014377690835204327,0.013146193927955211,0.0014377690835208816,1.1982148039442997e-06,0.0024438552314964405,0.9999999126115168,0.9987930418010726,0.9999999971503756,0.9999999992875939,-8.691334373050963e-08,-0.001437812806115097,29.131474103585656,0.0
18,valid_seen,additional20,action_body,l3,1.0,251,50,0.00903371441117259,0.0018866961577535166,0.009033713456670788,0.0018866962752280847,0.00016448562900065527,0.002705016472931263,0.9999824296905699,0.9984896429981368,1.000000008786342,1.0000000018997497,-1.7578464932406373e-05,-0.001895066865609259,29.131474103585656,0.0
18,valid_seen,additional20,all_response,l1,0.6,8910,50,1.0323388426865294,0.8322662856089506,1.0323388420054558,0.8295142375928867,0.08700350046300297,0.1041222632879528,0.9643173171447718,0.9570015434397324,0.999466733475175,0.9999999980867645,-0.07543199164183537,-0.8857334250116178,26.60830527497194,0.1356902356902357
18,valid_seen,additional20,all_response,l1,1.0,8910,50,0.6207333297296094,0.49568932483153966,0.6207307996216208,0.49314351581058435,0.14637000001586797,0.17385671500392869,0.9417564777713834,0.9305488096610732,0.9994051157207334,0.9999993461082813,-0.09184575617914631,-0.5869123880198273,26.60830527497194,0.1356902356902357
18,valid_seen,additional20,all_response,l2,0.6,8910,50,2.257116933056035,1.6639405797568265,2.25711692563355,1.6406499743951335,0.08700350046300297,0.11781397892469704,0.9643173171447718,0.9525796184335092,0.9963785401686073,0.9999999970431814,-0.07543199164183537,-1.7233665933956752,23.82693602693603,0.1936026936026936
18,valid_seen,additional20,all_response,l2,1.0,8910,50,1.371179598284175,0.9996630920611967,1.3711696163632814,0.9806241269368043,0.14637000001586797,0.20115865727655266,0.9417564777713834,0.9218170462500233,0.9962765069088351,0.9999983412515703,-0.09184575617914631,-1.0976816445147486,23.82693602693603,0.1936026936026936
18,valid_seen,additional20,all_response,l3,0.6,8910,50,1.8400434762056197,1.3784398473198043,1.8400434731109325,1.3718801496542707,0.08700350046300297,0.10291345993191173,0.9643173171447718,0.9582252234387746,0.9987506161629667,0.999999998461384,-0.07543199164183537,-1.4672000336081634,25.06273849607183,0.17407407407407408
18,valid_seen,additional20,all_response,l3,1.0,8910,50,1.1153311629522666,0.8242508447411454,1.1153258521079652,0.8182381642312195,0.14637000001586797,0.1760133561763084,0.9417564777713834,0.9311295227269933,0.9986140872995702,0.999999072154363,-0.09184575617914631,-0.9359378630484848,25.06273849607183,0.17407407407407408
18,valid_seen,additional20,reasoning_body,l1,0.6,7909,50,1.1613756505961423,0.9369960902752318,1.1613756498288061,0.9338957302015052,0.0976702759968286,0.11698499840443627,0.9598915469730861,0.9516708664186294,0.9993992410505982,0.9999999981083871,-0.08488406156454022,-0.9973915410256055,26.27930206094323,0.15261094955114426
18,valid_seen,additional20,reasoning_body,l1,1.0,7909,50,0.6978904332272007,0.5577028386428335,0.6978875831543356,0.5548348202638493,0.1638728880322739,0.1949816879633798,0.93468509249522,0.922028137973142,0.9993298248536127,0.999999263921449,-0.10314796747713698,-0.6607032253751616,26.27930206094323,0.15261094955114426
18,valid_seen,additional20,reasoning_body,l2,0.6,7909,50,2.540909932714521,1.873967159543232,2.540909924353068,1.8477287863263034,0.0976702759968286,0.13237621577241548,0.9598915469730861,0.9467288603755825,0.9959201915675386,0.9999999968799693,-0.08488406156454022,-1.9410338340595532,23.18902516120875,0.2177266405360981
18,valid_seen,additional20,reasoning_body,l2,1.0,7909,50,1.5434609754424056,1.1255677114055291,1.5434497304886488,1.104119086017312,0.1638728880322739,0.22568594438703937,0.93468509249522,0.9122250243194306,0.9958052446598544,0.9999981320134939,-0.10314796747713698,-1.2360990574942174,23.18902516120875,0.2177266405360981
18,valid_seen,additional20,reasoning_body,l3,0.6,7909,50,2.0721123451575445,1.5521720931646794,2.0721123416711342,1.5447821695081039,0.0976702759968286,0.11574119037252244,0.9598915469730861,0.9529998593361132,0.9985924885848281,0.9999999984399847,-0.08488406156454022,-1.6522467109843135,24.58528258945505,0.19597926412947275
18,valid_seen,additional20,reasoning_body,l3,1.0,7909,50,1.2556536248252181,0.9279003986365086,1.2556476419906384,0.9211267253280305,0.1638728880322739,0.19757000726414034,0.93468509249522,0.9226059546880918,0.9984386800733587,0.9999989557618935,-0.10314796747713698,-1.053836835181833,24.58528258945505,0.19597926412947275
18,valid_seen,additional20,reasoning_close_tag,l1,0.6,200,50,0.0029133294484112887,0.000566246112009122,0.002913329450892326,0.0005662461118755066,4.5099758828250225e-05,0.0030570338573536436,0.999995437860489,0.9994157749414444,0.9999999958276748,0.9999999994039536,-4.5622246118171e-06,-0.0005898190439610218,28.5,0.0
18,valid_seen,additional20,reasoning_close_tag,l1,1.0,200,50,0.008367400868778874,0.00287405626278022,0.0083673945637858,0.0028740553427658642,0.0013927921136365048,0.014208689440628247,0.9998037597537041,0.9965526396036148,1.0000000008940697,0.999999986588955,-0.0001966388888325099,-0.003563055773691204,28.5,0.0
18,valid_seen,additional20,reasoning_close_tag,l2,0.6,200,50,0.02081269529296296,0.004060503347095642,0.02081269527489366,0.004060503347144275,4.5099758828250225e-05,0.00651193577884934,0.999995437860489,0.9968875214457512,0.9999999958276748,0.9999999940395355,-4.5622246118171e-06,-0.004087395594915968,28.21,0.005
18,valid_seen,additional20,reasoning_close_tag,l2,1.0,200,50,0.019551432463164927,0.006231232638738406,0.019551420308441016,0.006231231316845097,0.0013927921136365048,0.01706599108593177,0.9998037597537041,0.9941538748145103,1.0000000011920929,0.999999989271164,-0.0001966388888325099,-0.0069381226511674755,28.21,0.005
18,valid_seen,additional20,reasoning_close_tag,l3,0.6,200,50,0.00439408477753925,0.0007556915158543313,0.004394084779373428,0.0007556915156076574,4.5099758828250225e-05,0.003585594068798522,0.999995437860489,0.9992340287566185,0.9999999958276748,1.0000000005960465,-4.5622246118171e-06,-0.0007788105425754566,28.025,0.0
18,valid_seen,additional20,reasoning_close_tag,l3,1.0,200,50,0.010086255267884458,0.003109554521607199,0.010086252736092665,0.003109553283083114,0.0013927921136365048,0.013821031201620286,0.9998037597537041,0.9964085146784782,1.0000000005960465,0.9999999961256981,-0.0001966388888325099,-0.003756102080730308,28.025,0.0
18,valid_seen,additional20,special,l1,0.6,50,50,7.333505394091193e-13,1.3871435247565517e-12,7.30085580944771e-13,1.3832816395796695e-12,5.178486206514066e-10,5.10327238800734e-10,1.0,1.0,1.0,1.0,0.0,0.0,29.1,0.0
18,valid_seen,additional20,special,l1,1.0,50,50,1.471208817105385e-08,2.6276314315509808e-08,7.642913057992473e-09,1.8491717899138394e-08,1.4895870099280729e-05,1.4345822328323266e-05,0.9999992990493775,0.9999993228912354,0.9999998140335083,0.9999998319149017,-6.651876162777626e-07,-6.461141390445846e-07,29.1,0.0
18,valid_seen,additional20,special,l2,0.6,50,50,2.8363600449791125e-12,-8.546732309745243e-13,2.8328111413561526e-12,-8.591071319298936e-13,5.178486206514066e-10,5.611456560528083e-10,1.0,1.0,1.0,1.0,0.0,0.0,29.04,0.0
18,valid_seen,additional20,special,l2,1.0,50,50,7.038884668464363e-09,3.770690547355571e-08,-1.3301551549105283e-09,2.827379156578047e-08,1.4895870099280729e-05,1.4633341161243152e-05,0.9999992990493775,0.9999992978572846,0.9999998164176941,0.999999829530716,-6.651876162777626e-07,-6.771085361378937e-07,29.04,0.0
18,valid_seen,additional20,special,l3,0.6,50,50,3.5257916689858915e-12,-1.4011321671034832e-12,3.5209297878245528e-12,-1.4057445950289762e-12,5.178486206514066e-10,5.772461519892858e-10,1.0,1.0,1.0,1.0,0.0,0.0,28.54,0.0
18,valid_seen,additional20,special,l3,1.0,50,50,1.0837021591214579e-09,5.1138964369812355e-08,-8.791352179571276e-09,4.1704191335867336e-08,1.4895870099280729e-05,1.6044200874603122e-05,0.9999992990493775,0.999999213218689,0.9999998188018799,0.9999997782707214,-6.651876162777626e-07,-7.534024257438432e-07,28.54,0.0
18,valid_seen,additional20,tag_or_boundary,l1,0.6,500,50,0.010235397582822926,0.0075079736803340315,0.010235397582822768,0.007507973680332602,0.005435311073729196,0.002417580684132793,0.9985719702243805,0.9992666810750961,0.9999999986886978,0.9999999965429306,-0.0015001367092661298,-0.0049476375799576006,29.04,0.002
18,valid_seen,additional20,tag_or_boundary,l1,1.0,500,50,0.01136946156767899,0.00862995356541261,0.011369461261447692,0.008629952677479576,0.015530879170035528,0.006704954902899202,0.9953390272855759,0.9980143032073975,1.0000000066757202,1.0000000113248826,-0.00500927909534343,-0.004676782545542096,29.04,0.002
18,valid_seen,additional20,tag_or_boundary,l2,0.6,500,50,0.0023617375600565064,0.004380387948440567,0.002361737560056326,0.004380387948439211,0.005435311073729196,0.0018502735663272073,0.9985719702243805,0.9993023108243942,0.9999999986886978,0.9999999995231629,-0.0015001367092661298,-0.002480457667085659,29.056,0.002
18,valid_seen,additional20,tag_or_boundary,l2,1.0,500,50,0.0027697851045911945,0.004997193102744988,0.0027697847354932075,0.0049971922116766555,0.015530879170035528,0.00656187683680667,0.9953390272855759,0.9981975309848785,1.0000000069141388,1.0000000089406966,-0.00500927909534343,-0.0030096298320278123,29.056,0.002
18,valid_seen,additional20,tag_or_boundary,l3,0.6,500,50,0.004544647018886778,0.010515872873879496,0.004544647018886647,0.010515872873878096,0.005435311073729196,0.0004626536626519781,0.9985719702243805,0.9999339882135391,0.9999999986886978,0.9999999973773956,-0.0015001367092661298,-0.00923281830188884,29.04,0.002
18,valid_seen,additional20,tag_or_boundary,l3,1.0,500,50,0.004702859474161784,0.008430599261183181,0.004702859185478052,0.00843059834773199,0.015530879170035528,0.004507696987496909,0.9953390272855759,0.9991419757604599,1.0000000077486038,1.0000000063180923,-0.00500927909534343,-0.006367820878695426,29.04,0.002
18,valid_seen,additional20,valid_reasoning_body,l1,0.6,7909,50,1.1613756505961423,0.9369960902752318,1.1613756498288061,0.9338957302015052,0.0976702759968286,0.11698499840443627,0.9598915469730861,0.9516708664186294,0.9993992410505982,0.9999999981083871,-0.08488406156454022,-0.9973915410256055,26.27930206094323,0.15261094955114426
18,valid_seen,additional20,valid_reasoning_body,l1,1.0,7909,50,0.6978904332272007,0.5577028386428335,0.6978875831543356,0.5548348202638493,0.1638728880322739,0.1949816879633798,0.93468509249522,0.922028137973142,0.9993298248536127,0.999999263921449,-0.10314796747713698,-0.6607032253751616,26.27930206094323,0.15261094955114426
18,valid_seen,additional20,valid_reasoning_body,l2,0.6,7909,50,2.540909932714521,1.873967159543232,2.540909924353068,1.8477287863263034,0.0976702759968286,0.13237621577241548,0.9598915469730861,0.9467288603755825,0.9959201915675386,0.9999999968799693,-0.08488406156454022,-1.9410338340595532,23.18902516120875,0.2177266405360981
18,valid_seen,additional20,valid_reasoning_body,l2,1.0,7909,50,1.5434609754424056,1.1255677114055291,1.5434497304886488,1.104119086017312,0.1638728880322739,0.22568594438703937,0.93468509249522,0.9122250243194306,0.9958052446598544,0.9999981320134939,-0.10314796747713698,-1.2360990574942174,23.18902516120875,0.2177266405360981
18,valid_seen,additional20,valid_reasoning_body,l3,0.6,7909,50,2.0721123451575445,1.5521720931646794,2.0721123416711342,1.5447821695081039,0.0976702759968286,0.11574119037252244,0.9598915469730861,0.9529998593361132,0.9985924885848281,0.9999999984399847,-0.08488406156454022,-1.6522467109843135,24.58528258945505,0.19597926412947275
18,valid_seen,additional20,valid_reasoning_body,l3,1.0,7909,50,1.2556536248252181,0.9279003986365086,1.2556476419906384,0.9211267253280305,0.1638728880322739,0.19757000726414034,0.93468509249522,0.9226059546880918,0.9984386800733587,0.9999989557618935,-0.10314796747713698,-1.053836835181833,24.58528258945505,0.19597926412947275
19,valid_seen,additional20,action_body,l1,0.6,254,50,0.00018923197451512405,0.0003098490723144672,0.00018923197451510904,0.00030984907231601234,0.00022515786520143713,0.00015991319520616536,0.999959977358345,0.9999735268551534,0.9999999988266802,0.9999999983573523,-4.0225537460298084e-05,-2.6561814623027575e-05,30.11023622047244,0.0
19,valid_seen,additional20,action_body,l1,1.0,254,50,0.0007969869893995108,0.001090251911849955,0.000796986970043278,0.001090251860680762,0.0011632160897783244,0.000976522768111687,0.9997331659624896,0.9997888489032355,1.000000000469328,0.9999999992960081,-0.00027426429351131326,-0.00021573038778573893,30.11023622047244,0.0
19,valid_seen,additional20,action_body,l2,0.6,254,50,0.045985349488352666,0.046257860704711586,0.045985349488349425,0.04625786070471211,0.00022515786520143713,1.5993092925317263e-05,0.999959977358345,0.9999983179287648,0.9999999988266802,0.9999999974186965,-4.0225537460298084e-05,-0.04593343079579822,29.212598425196852,0.003937007874015748
19,valid_seen,additional20,action_body,l2,1.0,254,50,0.027997438218950843,0.0286299737203374,0.027997438148784602,0.028629973435857662,0.0011632160897783244,0.0004954454409794623,0.9997331659624896,0.9999318000838513,1.0000000009386558,1.000000000469328,-0.00027426429351131326,-0.027627414054590585,29.212598425196852,0.003937007874015748
19,valid_seen,additional20,action_body,l3,0.6,254,50,0.03438686461221379,0.006052318043985321,0.0343868645975272,0.00605231804031557,0.00022515786520143713,0.0031108730718624276,0.999959977358345,0.9988969841341334,0.9999999988266802,0.9999999981226884,-4.0225537460298084e-05,-0.006142796771975017,29.519685039370078,0.003937007874015748
19,valid_seen,additional20,action_body,l3,1.0,254,50,0.01794771424297197,0.004915485275149829,0.017947714206566923,0.004915485262361084,0.0011632160897783244,0.005390583650588694,0.9997331659624896,0.9978652143572259,1.0000000009386558,1.000000000703992,-0.00027426429351131326,-0.005397229043340455,29.519685039370078,0.003937007874015748
19,valid_seen,additional20,all_response,l1,0.6,11107,50,0.932223388166301,0.621132423966802,0.9322233745942046,0.6176849461265779,0.0852298979046392,0.1028261163856112,0.9654927595563054,0.9579736104484423,0.999321046787765,0.999999996608433,-0.07699314191932978,-0.6950774971766703,27.20419555235437,0.11470243990276402
19,valid_seen,additional20,all_response,l1,1.0,11107,50,0.5616894841755146,0.3769521906031408,0.5616837215622121,0.3737681743021616,0.1466906811826707,0.1751222316426619,0.9427038795318334,0.9312542595222164,0.9992667895239721,0.9999983912487963,-0.0923970234944762,-0.4724712363925674,27.20419555235437,0.11470243990276402
19,valid_seen,additional20,all_response,l2,0.6,11107,50,1.4484612531280192,1.0768347176993498,1.448461229021598,1.065820239016775,0.0852298979046392,0.11268372674340896,0.9654927595563054,0.9543759890918289,0.9985097563400713,0.9999999959912965,-0.07699314191932978,-1.151417969386974,25.392995408301072,0.1498154317097326
19,valid_seen,additional20,all_response,l2,1.0,11107,50,0.8814447794040918,0.6545013705567728,0.8814333280814891,0.6453909646496683,0.1466906811826707,0.19416361173415903,0.9427038795318334,0.9249285505696335,0.9984077854251369,0.9999975284384256,-0.0923970234944762,-0.7520137972396753,25.392995408301072,0.1498154317097326
19,valid_seen,additional20,all_response,l3,0.6,11107,50,1.2549451917355812,0.9097454550375143,1.2549451673188567,0.9030847982353516,0.0852298979046392,0.10408558241529114,0.9654927595563054,0.9578432218575227,0.9988284060036934,0.999999994043292,-0.07699314191932978,-0.9877492046524131,26.421445934995948,0.13315926892950392
19,valid_seen,additional20,all_response,l3,1.0,11107,50,0.7510425510406299,0.5495245333766052,0.7510343407303637,0.5437817452548963,0.1466906811826707,0.17809200945926928,0.9427038795318334,0.9306383322435697,0.9988120957047596,0.9999981759218518,-0.0923970234944762,-0.6489220574989991,26.421445934995948,0.13315926892950392
19,valid_seen,additional20,reasoning_body,l1,0.6,10103,50,1.0246178358086084,0.6827095392522236,1.0246178208878005,0.6789194633960401,0.09355046976035526,0.11295123200992223,0.9621003177582975,0.9538192306870601,0.999253575064543,0.9999999964129839,-0.08435844931811666,-0.763427833991273,27.014649114124516,0.12610115807185984
19,valid_seen,additional20,reasoning_body,l1,1.0,10103,50,0.6171013354869812,0.414159415549195,0.6170950003565625,0.4106589832512943,0.1606909040414744,0.19207279709581132,0.9371599536062786,0.924527294689696,0.9991939262442437,0.9999982315125494,-0.10127198720572805,-0.5188932470610472,27.014649114124516,0.12610115807185984
19,valid_seen,additional20,reasoning_body,l2,0.6,10103,50,1.5911767827289909,1.18256672489372,1.5911767562270007,1.1704576667202613,0.09355046976035526,0.1238335978913212,0.9621003177582975,0.9498512132072477,0.9983616614742695,0.9999999958584123,-0.08435844931811666,-1.2640590431206333,25.05879441749975,0.16460457289913888
19,valid_seen,additional20,reasoning_body,l2,1.0,10103,50,0.9681691212578275,0.718643536862329,0.968156532148891,0.708627771559409,0.1606909040414744,0.21309907391696048,0.9371599536062786,0.9175401020466567,0.9982495573790579,0.9999972828470762,-0.10127198720572805,-0.8256084800078157,25.05879441749975,0.16460457289913888
19,valid_seen,additional20,reasoning_body,l3,0.6,10103,50,1.3787589940178424,0.9998859950027873,1.378758967175124,0.9925634259539252,0.09355046976035526,0.11433027905155337,0.9621003177582975,0.9536842222979172,0.9987119774016029,0.999999993640126,-0.08435844931811666,-1.0851737026149346,26.173017915470652,0.14629318024349203
19,valid_seen,additional20,reasoning_body,l3,1.0,10103,50,0.8251276683641677,0.6038433639513998,0.8251186422744505,0.597529878238527,0.1606909040414744,0.19537336605425284,0.9371599536062786,0.9238477053898202,0.9986940465856881,0.9999979949405756,-0.10127198720572805,-0.7128785272402367,26.173017915470652,0.14629318024349203
19,valid_seen,additional20,reasoning_close_tag,l1,0.6,200,50,0.0007119961381619002,0.00016791259797839495,0.0007119961363995766,0.00016791259759556007,2.6346348200494962e-05,0.0010452578204579442,0.9999974301457405,0.999821483194828,0.9999999982118607,1.0000000011920929,-2.569317905241064e-06,-0.00017948321343506989,28.74,0.0
19,valid_seen,additional20,reasoning_close_tag,l1,1.0,200,50,0.0028467142698785897,0.0011184684018844297,0.0028467098557089054,0.0011184651898965147,0.0010255459547811921,0.007197867831908551,0.999863618016243,0.9985074409842492,0.9999999916553497,0.999999986588955,-0.00013659781197834065,-0.001524734954630631,28.74,0.0
19,valid_seen,additional20,reasoning_close_tag,l2,0.6,200,50,0.001993914883638949,0.00035466749728681586,0.001993914881542977,0.00035466749742622735,2.6346348200494962e-05,0.0016359977814832721,0.9999974301457405,0.9996410846710205,0.9999999982118607,0.9999999985098839,-2.569317905241064e-06,-0.00036633609946452595,28.495,0.0
19,valid_seen,additional20,reasoning_close_tag,l2,1.0,200,50,0.004450309190851309,0.001487841827685644,0.004450302493848876,0.001487839470155877,0.0010255459547811921,0.00776472200542274,0.999863618016243,0.9981892704963684,0.999999994635582,0.9999999848008155,-0.00013659781197834065,-0.001889516438509773,28.495,0.0
19,valid_seen,additional20,reasoning_close_tag,l3,0.6,200,50,6.990714504722805e-05,2.5969143796516196e-05,6.990714085562991e-05,2.596914361872506e-05,2.6346348200494962e-05,0.00026770562824601405,0.9999974301457405,0.9999661496281624,0.9999999982118607,0.9999999997019767,-2.569317905241064e-06,-3.388739551496656e-05,28.705,0.0
19,valid_seen,additional20,reasoning_close_tag,l3,1.0,200,50,0.0007731253787105078,0.00038718493722737286,0.0007731222960432295,0.00038718252932577827,0.0010255459547811921,0.004102956061725355,0.999863618016243,0.9993175223469735,0.9999999940395355,0.9999999883770943,-0.00013659781197834065,-0.0006867927228694271,28.705,0.0
19,valid_seen,additional20,special,l1,0.6,50,50,5.094619725782114e-13,7.806524763575326e-13,5.066126860247834e-13,7.767143190401236e-13,4.5945348192688585e-10,4.5585011210214077e-10,1.0,1.0,1.0,1.0,0.0,0.0,28.78,0.0
19,valid_seen,additional20,special,l1,1.0,50,50,2.854909747718182e-08,1.6319251190388683e-08,2.204894631319121e-08,8.479540101191674e-09,1.4643862887169234e-05,1.356510601908667e-05,0.9999993216991424,0.9999993717670441,0.9999998104572296,0.9999998581409454,-6.556508833455155e-07,-6.031988255017496e-07,28.78,0.0
19,valid_seen,additional20,special,l2,0.6,50,50,6.87321949057124e-12,-3.440539745057413e-12,6.870183711274566e-12,-3.4450157945797607e-12,4.5945348192688585e-10,5.76205311797473e-10,1.0,1.0,1.0,1.0,0.0,0.0,28.4,0.0
19,valid_seen,additional20,special,l2,1.0,50,50,4.572493967458513e-08,1.709190609489042e-08,3.817310370024529e-08,7.68407751650102e-09,1.4643862887169234e-05,1.4250639615056571e-05,0.9999993216991424,0.9999993216991424,0.9999998068809509,0.9999998652935028,-6.556508833455155e-07,-6.461141413183213e-07,28.4,0.0
19,valid_seen,additional20,special,l3,0.6,50,50,2.764128843839314e-12,-9.646378235244105e-13,2.7606120943917133e-12,-9.68918237777164e-13,4.5945348192688585e-10,5.031156435908457e-10,1.0,1.0,1.0,1.0,0.0,0.0,28.5,0.0
19,valid_seen,additional20,special,l3,1.0,50,50,4.740580012096984e-08,-2.863145311948756e-09,3.9673878458046376e-08,-1.149749321527338e-08,1.4643862887169234e-05,1.4420433963096002e-05,0.9999993216991424,0.9999993371963501,0.9999998068809509,0.9999998605251312,-6.556508833455155e-07,-6.318090345303062e-07,28.5,0.0
19,valid_seen,additional20,tag_or_boundary,l1,0.6,500,50,0.00460142607909393,0.0027821475001062073,0.004601426079093604,0.0027821475075552084,0.002891241295169166,0.0013874163205458182,0.9992784996032715,0.9996392623186111,0.9999999969005585,0.999999997496605,-0.0057573653739338366,-0.01454342196768411,28.786,0.0
19,valid_seen,additional20,tag_or_boundary,l1,1.0,500,50,0.006677058671462703,0.004109574507238766,0.00667705805032015,0.004109573503424962,0.010663788188006545,0.005765738382561299,0.9971601296663284,0.9985879557132721,1.0000000108480454,1.0000000171661376,-0.006011675476369973,-0.009999549770243206,28.786,0.0
19,valid_seen,additional20,tag_or_boundary,l2,0.6,500,50,0.0006420816696042149,0.0022223155342805346,0.0006420816696018849,0.0022223155324161584,0.002891241295169166,0.00031210322462978427,0.9992784996032715,0.9999590282440185,0.9999999969005585,0.9999999965429306,-0.0057573653739338366,-0.012541029382677024,28.664,0.0
19,valid_seen,additional20,tag_or_boundary,l2,1.0,500,50,0.0015862386827713516,0.0030429746177371517,0.0015862380072626343,0.0030429735364288853,0.010663788188006545,0.003911583346358483,0.9971601296663284,0.9993065255880356,1.0000000100135804,1.0000000188350677,-0.006011675476369973,-0.008198947317673629,28.664,0.0
19,valid_seen,additional20,tag_or_boundary,l3,0.6,500,50,0.0006517660083764124,0.002304157953267732,0.000651766008375963,0.00230415795326577,0.002891241295169166,0.0003121034354745037,0.9992784996032715,0.9999598067998886,0.9999999969005585,0.9999999972581863,-0.0057573653739338366,-0.011706901392963615,28.746,0.0
19,valid_seen,additional20,tag_or_boundary,l3,1.0,500,50,0.0017028681226853694,0.00322703221757128,0.0017028674840138252,0.00322703102933821,0.010663788188006545,0.004040622673389093,0.9971601296663284,0.9992907058000564,1.000000009894371,1.0000000123977661,-0.006011675476369973,-0.007714491242480804,28.746,0.0
19,valid_seen,additional20,valid_reasoning_body,l1,0.6,10103,50,1.0246178358086084,0.6827095392522236,1.0246178208878005,0.6789194633960401,0.09355046976035526,0.11295123200992223,0.9621003177582975,0.9538192306870601,0.999253575064543,0.9999999964129839,-0.08435844931811666,-0.763427833991273,27.014649114124516,0.12610115807185984
19,valid_seen,additional20,valid_reasoning_body,l1,1.0,10103,50,0.6171013354869812,0.414159415549195,0.6170950003565625,0.4106589832512943,0.1606909040414744,0.19207279709581132,0.9371599536062786,0.924527294689696,0.9991939262442437,0.9999982315125494,-0.10127198720572805,-0.5188932470610472,27.014649114124516,0.12610115807185984
19,valid_seen,additional20,valid_reasoning_body,l2,0.6,10103,50,1.5911767827289909,1.18256672489372,1.5911767562270007,1.1704576667202613,0.09355046976035526,0.1238335978913212,0.9621003177582975,0.9498512132072477,0.9983616614742695,0.9999999958584123,-0.08435844931811666,-1.2640590431206333,25.05879441749975,0.16460457289913888
19,valid_seen,additional20,valid_reasoning_body,l2,1.0,10103,50,0.9681691212578275,0.718643536862329,0.968156532148891,0.708627771559409,0.1606909040414744,0.21309907391696048,0.9371599536062786,0.9175401020466567,0.9982495573790579,0.9999972828470762,-0.10127198720572805,-0.8256084800078157,25.05879441749975,0.16460457289913888
19,valid_seen,additional20,valid_reasoning_body,l3,0.6,10103,50,1.3787589940178424,0.9998859950027873,1.378758967175124,0.9925634259539252,0.09355046976035526,0.11433027905155337,0.9621003177582975,0.9536842222979172,0.9987119774016029,0.999999993640126,-0.08435844931811666,-1.0851737026149346,26.173017915470652,0.14629318024349203
19,valid_seen,additional20,valid_reasoning_body,l3,1.0,10103,50,0.8251276683641677,0.6038433639513998,0.8251186422744505,0.597529878238527,0.1606909040414744,0.19537336605425284,0.9371599536062786,0.9238477053898202,0.9986940465856881,0.9999979949405756,-0.10127198720572805,-0.7128785272402367,26.173017915470652,0.14629318024349203
20,valid_seen,additional20,action_body,l1,0.6,33,4,1.2954592992666192e-09,6.9853514608441225e-09,1.2954593530940366e-09,6.985351353187836e-09,1.233357186250977e-07,3.617640277571989e-08,0.9999999963875973,1.0,1.0,1.0,-3.6124024983440572e-09,0.0,30.151515151515152,0.0
20,valid_seen,additional20,action_body,l1,1.0,33,4,1.1112820922856912e-06,1.6362985951511609e-06,1.1112814625005617e-06,1.6362976139130808e-06,5.673717272897911e-05,2.866867439816819e-05,0.9999948180083073,0.9999975580157656,1.0000000036124028,0.9999999945813959,-5.183643003967766e-06,-2.441945318654496e-06,30.151515151515152,0.0
20,valid_seen,additional20,action_body,l2,0.6,33,4,1.9949204231729513e-09,1.4098331780349074e-08,1.994920207852121e-09,1.4098331780346162e-08,1.233357186250977e-07,1.4812930860022124e-08,0.9999999963875973,1.0,1.0,1.0,-3.6124024983440572e-09,0.0,29.181818181818183,0.0
20,valid_seen,additional20,action_body,l2,1.0,33,4,2.02498126407446e-06,3.3033284478234708e-06,2.0249798249647707e-06,3.303325315768994e-06,5.673717272897911e-05,1.7615664684716904e-05,0.9999948180083073,0.9999985803257335,1.0000000036124028,1.0000000018062014,-5.183643003967766e-06,-1.4196626906506495e-06,29.181818181818183,0.0
20,valid_seen,additional20,action_body,l3,0.6,33,4,1.981046485138028e-09,1.2604258084475146e-08,1.981046377466021e-09,1.2604258515090883e-08,1.233357186250977e-07,2.2269096742752637e-08,0.9999999963875973,1.0,1.0,1.0,-3.6124024983440572e-09,0.0,28.96969696969697,0.0
20,valid_seen,additional20,action_body,l3,1.0,33,4,1.8289105536060938e-06,3.0432714886236632e-06,1.8289091616041181e-06,3.0432700709511335e-06,5.673717272897911e-05,2.1267625165716363e-05,0.9999948180083073,0.9999982407598784,1.0000000036124028,1.000000005418604,-5.183643003967766e-06,-1.762830585505526e-06,28.96969696969697,0.0
20,valid_seen,additional20,all_response,l1,0.6,589,4,0.49340223103867825,0.4368655980020021,0.4934022322019937,0.436865595416602,0.049026203888489515,0.06495247297827397,0.9801980908738737,0.9714987142887505,0.9999999962557354,0.9999999979760732,-0.0412214589675022,-0.506785060747674,28.02546689303905,0.07979626485568761
20,valid_seen,additional20,all_response,l1,1.0,589,4,0.29118628157987325,0.2680541558807552,0.29118620826980296,0.2680538503256041,0.08528521362601875,0.10147303857386908,0.9659986553653594,0.9562934765083073,0.9999998175429974,0.999999920763265,-0.05151648069110041,-0.33735297259551245,28.02546689303905,0.07979626485568761
20,valid_seen,additional20,all_response,l2,0.6,589,4,0.8867996697559548,0.8332994334155358,0.8867996642134397,0.833299276681675,0.049026203888489515,0.057844228944641835,0.9801980908738737,0.9769943486045294,0.9999999148938773,0.9999999978748768,-0.0412214589675022,-0.9093635719307891,26.40237691001698,0.11035653650254669
20,valid_seen,additional20,all_response,l2,1.0,589,4,0.5472861061167831,0.5046643647379753,0.5472853789330924,0.5046491256352743,0.08528521362601875,0.10042781139560916,0.9659986553653594,0.9605444011947295,0.999994122820111,0.9999998325200559,-0.05151648069110041,-0.5772573158046033,26.40237691001698,0.11035653650254669
20,valid_seen,additional20,all_response,l3,0.6,589,4,1.1034747372030964,0.9556281498609444,1.103474742490591,0.9556260151575489,0.049026203888489515,0.05810886856161231,0.9801980908738737,0.974912124447183,0.9999996842674165,0.9999999995952147,-0.0412214589675022,-0.9829088575442901,26.69949066213922,0.1035653650254669
20,valid_seen,additional20,all_response,l3,1.0,589,4,0.6607298631107866,0.5804810385892486,0.6607292683602233,0.5804105901643724,0.08528521362601875,0.09792985400949633,0.9659986553653594,0.9597752217728335,0.9999866626258617,0.999999848003096,-0.05151648069110041,-0.6208030894528621,26.69949066213922,0.1035653650254669
20,valid_seen,additional20,reasoning_body,l1,0.6,496,4,0.5815903076899078,0.5126400978338111,0.581590309071345,0.5126400947636491,0.055977839504786304,0.07647784254615121,0.9773887138693563,0.9663252834711344,0.9999999959141977,0.9999999985579522,-0.04791560031897101,-0.5965902158252021,27.762096774193548,0.09274193548387097
20,valid_seen,additional20,reasoning_body,l1,1.0,496,4,0.3431944870596571,0.31488490326272767,0.3431944000173511,0.31488454059070237,0.0980960460472972,0.11882733538261361,0.9610781858284627,0.9486227704272154,0.9999997822507736,0.9999999061467186,-0.0594519030010328,-0.39701701371545006,27.762096774193548,0.09274193548387097
20,valid_seen,additional20,reasoning_body,l2,0.6,496,4,1.0480867859203744,0.9812475067953813,1.048086779338638,0.9812473206739262,0.055977839504786304,0.06819729036952459,0.9773887138693563,0.9727851925117355,0.9999998992969913,0.9999999973562456,-0.04791560031897101,-1.073042937418526,25.931451612903224,0.12903225806451613
20,valid_seen,additional20,reasoning_body,l2,1.0,496,4,0.646310940926844,0.594651837803706,0.6463100775498598,0.5946337416488363,0.0980960460472972,0.11763882868448444,0.9610781858284627,0.953602425153217,0.9999930197673459,0.9999998026797848,-0.0594519030010328,-0.6809826058768077,25.931451612903224,0.12903225806451613
20,valid_seen,additional20,reasoning_body,l3,0.6,496,4,1.3057685946222757,1.1278828384741155,1.3057686009011757,1.1278803035138334,0.055977839504786304,0.06847643629282463,0.9773887138693563,0.9703244484600521,0.999999625428069,0.999999999639488,-0.04791560031897101,-1.1603657830490572,26.276209677419356,0.12096774193548387
20,valid_seen,additional20,reasoning_body,l3,1.0,496,4,0.7819406046969811,0.6855205940669864,0.7819398985794382,0.68543693655693,0.0980960460472972,0.11478712685156214,0.9610781858284627,0.9526851745622773,0.9999841612673575,0.9999998222676015,-0.0594519030010328,-0.7326938970921058,26.276209677419356,0.12096774193548387
20,valid_seen,additional20,reasoning_close_tag,l1,0.6,16,4,0.0006356639989726679,0.00012051572289774993,0.0006356639989726679,0.00012051572289774991,1.0046679667556089e-05,0.0009083752996603885,0.9999992251396179,0.9998764470219612,0.9999999962747097,0.9999999776482582,-7.74857681573593e-07,-0.0001236601172176499,28.875,0.0
20,valid_seen,additional20,reasoning_close_tag,l1,1.0,16,4,0.004131137150748023,0.0013737429388613576,0.004131136828178344,0.0013737430007385852,0.0008189135960798462,0.008499028186862035,0.9999024607241154,0.9983466640114784,1.0000000074505806,1.0000000037252903,-9.75744185951477e-05,-0.001670292748399138,28.875,0.0
20,valid_seen,additional20,reasoning_close_tag,l2,0.6,16,4,0.007002513620716717,0.0009615053103334624,0.007002513620716717,0.0009615053102135583,1.0046679667556089e-05,0.0049638889331381185,0.9999992251396179,0.9990435615181923,0.9999999962747097,1.0,-7.74857681573593e-07,-0.0009638005000294214,28.375,0.0
20,valid_seen,additional20,reasoning_close_tag,l2,1.0,16,4,0.019257726908165983,0.004860113653068321,0.01925772109842181,0.00486011313280453,0.0008189135960798462,0.018240067531489795,0.9999024607241154,0.9950726553797722,1.0,1.0000000074505806,-9.75744185951477e-05,-0.005116962434391414,28.375,0.0
20,valid_seen,additional20,reasoning_close_tag,l3,0.6,16,4,4.864985419745057e-05,1.5214717139153585e-05,4.864985419767261e-05,1.5214717146259019e-05,1.0046679667556089e-05,0.0001426534007050462,0.9999992251396179,0.9999848119914532,0.9999999962747097,0.9999999962747097,-7.74857681573593e-07,-1.5189929296610671e-05,29.0,0.0
20,valid_seen,additional20,reasoning_close_tag,l3,1.0,16,4,0.0007388648055339012,0.0003848438481613292,0.0007388645852540774,0.00038484379328662443,0.0008189135960798462,0.0029255716752728204,0.9999024607241154,0.9995379224419594,1.0,0.9999999813735485,-9.75744185951477e-05,-0.00046348344490976245,29.0,0.0
20,valid_seen,additional20,special,l1,0.6,4,4,3.6290405359615252e-12,-2.2060189910693903e-12,3.6255487205635005e-12,-2.2098172968690495e-12,6.89726810387814e-10,7.570910842691347e-10,1.0,1.0,1.0,1.0,0.0,0.0,28.25,0.0
20,valid_seen,additional20,special,l1,1.0,4,4,-5.897450838787677e-08,9.458686767160884e-08,-6.565678956071963e-08,8.733996303966762e-08,1.611031416359765e-05,1.619320528334356e-05,0.9999992549419403,0.9999991655349731,0.9999998807907104,0.9999998211860657,-7.152554672984479e-07,-8.046623634072603e-07,28.25,0.0
20,valid_seen,additional20,special,l2,0.6,4,4,2.349590501679469e-11,-1.061556254683925e-11,2.3489841555158694e-11,-1.0620305667069594e-11,6.89726810387814e-10,1.0617894619091572e-09,1.0,1.0,1.0,1.0,0.0,0.0,27.0,0.0
20,valid_seen,additional20,special,l2,1.0,4,4,2.1198740318695286e-08,8.716318267154577e-08,1.0824762197714222e-08,7.801110091243402e-08,1.611031416359765e-05,1.9480705759633565e-05,0.9999992549419403,0.9999990314245224,0.9999998658895493,0.9999998211860657,-7.152554672984479e-07,-9.53673819026335e-07,27.0,0.0
20,valid_seen,additional20,special,l3,0.6,4,4,1.0945550564002426e-11,-6.591096415940571e-12,1.0937367710735918e-11,-6.596819993748022e-12,6.89726810387814e-10,8.920805483203509e-10,1.0,1.0,1.0,1.0,0.0,0.0,26.0,0.0
20,valid_seen,additional20,special,l3,1.0,4,4,-1.7527386653171106e-08,9.929793165497358e-08,-3.060451270187059e-08,8.859965294760741e-08,1.611031416359765e-05,1.9389834960747976e-05,0.9999992549419403,0.9999990314245224,0.9999998658895493,0.9999997764825821,-7.152554672984479e-07,-9.536738616588991e-07,26.0,0.0
20,valid_seen,additional20,tag_or_boundary,l1,0.6,40,4,0.05337377002097482,0.07606050538836877,0.05337377002097356,0.07606050538836448,0.027781521905850266,0.007736536991703617,0.9887971490621567,0.9979344740509987,0.9999999970197677,0.9999999970197677,-0.012832226417924631,-0.06464187923010609,29.175,0.025
20,valid_seen,additional20,tag_or_boundary,l1,1.0,40,4,0.03045299095331122,0.04197378830572547,0.030452991584895506,0.04197378683998756,0.039057815019290745,0.01730665200416207,0.9820040613412857,0.9941625207662582,1.0000000193715095,1.0000000178813935,-0.02133320316518379,-0.04384133922685578,29.175,0.025
20,valid_seen,additional20,tag_or_boundary,l2,0.6,40,4,0.059047984647345966,0.10248045902684182,0.05904798464734484,0.10248045902683298,0.027781521905850266,0.004124302727643791,0.9887971490621567,0.9990879714488983,0.9999999970197677,1.000000001490116,-0.012832226417924631,-0.08426065249113587,29.1,0.025
20,valid_seen,additional20,tag_or_boundary,l2,1.0,40,4,0.036827481584082146,0.055553202577215764,0.03682748304132565,0.05555320023622683,0.039057815019290745,0.012765539106200995,0.9820040613412857,0.9963184416294097,1.0000000238418578,0.9999999940395355,-0.02133320316518379,-0.05388161078750873,29.1,0.025
20,valid_seen,additional20,tag_or_boundary,l3,0.6,40,4,0.05711547042223662,0.08587121333866322,0.057115470422236116,0.08587121333865788,0.027781521905850266,0.006488199717220806,0.9887971490621567,0.9985639467835427,0.9999999970197677,1.0,-0.012832226417924631,-0.08479114155964548,29.225,0.025
20,valid_seen,additional20,tag_or_boundary,l3,1.0,40,4,0.032886683043088956,0.04697146862801782,0.03288668259554516,0.04697146978935946,0.039057815019290745,0.017467013886095666,0.9820040613412857,0.9945803552865982,1.0000000178813935,0.9999999910593033,-0.02133320316518379,-0.055734225170697725,29.225,0.025
20,valid_seen,additional20,valid_reasoning_body,l1,0.6,496,4,0.5815903076899078,0.5126400978338111,0.581590309071345,0.5126400947636491,0.055977839504786304,0.07647784254615121,0.9773887138693563,0.9663252834711344,0.9999999959141977,0.9999999985579522,-0.04791560031897101,-0.5965902158252021,27.762096774193548,0.09274193548387097
20,valid_seen,additional20,valid_reasoning_body,l1,1.0,496,4,0.3431944870596571,0.31488490326272767,0.3431944000173511,0.31488454059070237,0.0980960460472972,0.11882733538261361,0.9610781858284627,0.9486227704272154,0.9999997822507736,0.9999999061467186,-0.0594519030010328,-0.39701701371545006,27.762096774193548,0.09274193548387097
20,valid_seen,additional20,valid_reasoning_body,l2,0.6,496,4,1.0480867859203744,0.9812475067953813,1.048086779338638,0.9812473206739262,0.055977839504786304,0.06819729036952459,0.9773887138693563,0.9727851925117355,0.9999998992969913,0.9999999973562456,-0.04791560031897101,-1.073042937418526,25.931451612903224,0.12903225806451613
20,valid_seen,additional20,valid_reasoning_body,l2,1.0,496,4,0.646310940926844,0.594651837803706,0.6463100775498598,0.5946337416488363,0.0980960460472972,0.11763882868448444,0.9610781858284627,0.953602425153217,0.9999930197673459,0.9999998026797848,-0.0594519030010328,-0.6809826058768077,25.931451612903224,0.12903225806451613
20,valid_seen,additional20,valid_reasoning_body,l3,0.6,496,4,1.3057685946222757,1.1278828384741155,1.3057686009011757,1.1278803035138334,0.055977839504786304,0.06847643629282463,0.9773887138693563,0.9703244484600521,0.999999625428069,0.999999999639488,-0.04791560031897101,-1.1603657830490572,26.276209677419356,0.12096774193548387
20,valid_seen,additional20,valid_reasoning_body,l3,1.0,496,4,0.7819406046969811,0.6855205940669864,0.7819398985794382,0.68543693655693,0.0980960460472972,0.11478712685156214,0.9610781858284627,0.9526851745622773,0.9999841612673575,0.9999998222676015,-0.0594519030010328,-0.7326938970921058,26.276209677419356,0.12096774193548387
21,valid_unseen,additional20,action_body,l1,0.6,294,50,0.0007096877966687847,0.0004496554216340044,0.0007096877964678129,0.00044965542479240153,0.00027482403465564767,0.00039153305158792616,0.9999475614959691,0.9999305871473688,0.9999999985808418,0.9999999977698942,-5.283895068985891e-05,-6.97632239369439e-05,29.88095238095238,0.0
21,valid_unseen,additional20,action_body,l1,1.0,294,50,0.002509350379098819,0.0014481086391977557,0.0025093503402274335,0.0014481086210953252,0.0013012467741804312,0.001939894704895431,0.9996941807318707,0.9995416994808483,1.0000000012164214,1.0000000004054739,-0.0003161619833548892,-0.0004711381522804198,29.88095238095238,0.0
21,valid_unseen,additional20,action_body,l2,0.6,294,50,0.0008348327909685182,6.286968277484426e-05,0.000834832841657744,6.286968278783484e-05,0.00027482403465564767,0.0006985743593777217,0.9999475614959691,0.9998643432750183,0.9999999985808418,0.9999999975671574,-5.283895068985891e-05,-0.00013686617667346275,28.85374149659864,0.0
21,valid_unseen,additional20,action_body,l2,1.0,294,50,0.002716245862617164,0.0003800656564841525,0.002716245239608769,0.0003800656677190434,0.0013012467741804312,0.002691049668544008,0.9996941807318707,0.9992920691464223,1.0000000014191581,1.0000000024328426,-0.0003161619833548892,-0.0007350278195745182,28.85374149659864,0.0
21,valid_unseen,additional20,action_body,l3,0.6,294,50,0.0008365313169897199,0.0005863076921309222,0.0008365313169964743,0.0005863076921045135,0.00027482403465564767,0.0005121026485534111,0.9999475614959691,0.999882656700757,0.9999999985808418,0.9999999983781049,-5.283895068985891e-05,-0.00011940830009463808,29.08503401360544,0.0
21,valid_unseen,additional20,action_body,l3,1.0,294,50,0.0017392127562298374,0.0017181479148323095,0.0017392130272268816,0.0017181478835651804,0.0013012467741804312,0.0014626238404913908,0.9996941807318707,0.9995695054531097,1.0000000012164214,1.0000000022301057,-0.0003161619833548892,-0.0004567854263391945,29.08503401360544,0.0
21,valid_unseen,additional20,all_response,l1,0.6,12326,50,0.9695264212324972,0.7568812832608591,0.9695264039336287,0.7532857749340618,0.10017864835196473,0.11225039878237608,0.9597658560770432,0.9550755023255124,0.9995296763745957,0.9999999930366146,-0.0880914020126818,-0.8501474204480814,26.71117962031478,0.12875223105630376
21,valid_unseen,additional20,all_response,l1,1.0,12326,50,0.585172738902547,0.4549142437400743,0.5851670321702743,0.4519289966287938,0.1721558099069014,0.19541374678515436,0.9330189278107194,0.9248760147804508,0.999452168510602,0.9999975308657427,-0.10717173188546071,-0.5714241429789735,26.71117962031478,0.12875223105630376
21,valid_unseen,additional20,all_response,l2,0.6,12326,50,1.5415381306649463,1.3031359265138727,1.5415380868175332,1.2908110083479531,0.10017864835196473,0.12118779713867005,0.9597658560770432,0.9516427759688608,0.9980821218513897,0.9999999864504125,-0.0880914020126818,-1.405128088308478,24.87879279571637,0.17661852993671914
21,valid_unseen,additional20,all_response,l2,1.0,12326,50,0.93441480550743,0.787523433515054,0.9344020010992262,0.7773394115234344,0.1721558099069014,0.21023135975240612,0.9330189278107194,0.9193472652411221,0.9980122294620208,0.9999962499364908,-0.10717173188546071,-0.9091494386741548,24.87879279571637,0.17661852993671914
21,valid_unseen,additional20,all_response,l3,0.6,12326,50,1.5332642354820842,1.2392529268664858,1.5332641879677795,1.2295426479063236,0.10017864835196473,0.11511317677618854,0.9597658560770432,0.9540075491373364,0.9982039513595592,0.9999999867405537,-0.0880914020126818,-1.3626155898895291,25.55216615284764,0.1601492779490508
21,valid_unseen,additional20,all_response,l3,1.0,12326,50,0.9225673242643903,0.7436458387888701,0.9225547336054051,0.7350745644886677,0.1721558099069014,0.19924641122015563,0.9330189278107194,0.9232835654684926,0.9980387851080115,0.9999965584869994,-0.10717173188546071,-0.8802570285968263,25.55216615284764,0.1601492779490508
21,valid_unseen,additional20,reasoning_body,l1,0.6,11282,50,1.0567619220188609,0.8257682634740937,1.0567619031191517,0.8218400383688806,0.10908405666252269,0.12247531546898172,0.9561851963392916,0.9509823122354839,0.9994861543606329,0.9999999925665897,-0.09581858900671368,-0.927743894558349,26.486438574720793,0.140400638184719
21,valid_unseen,additional20,reasoning_body,l1,1.0,11282,50,0.637678215645467,0.4961794194808072,0.6376719810545679,0.49291792731604844,0.18730488207272747,0.2129736150205854,0.9271008432640545,0.918075254913753,0.9994014742209824,0.9999973030932257,-0.11661105100471346,-0.6235329906730137,26.486438574720793,0.140400638184719
21,valid_unseen,additional20,reasoning_body,l2,0.6,11282,50,1.6838986106627845,1.4229388587498348,1.6838985627564598,1.4094734322906173,0.10908405666252269,0.13233762443669606,0.9561851963392916,0.9471792716165105,0.9979046477968114,0.9999999854396028,-0.09581858900671368,-1.5346256624718717,24.51861372097146,0.19287360397092715
21,valid_unseen,additional20,reasoning_body,l2,1.0,11282,50,1.02044220535926,0.8598378344617765,1.0204282163782206,0.8487114159430004,0.18730488207272747,0.22926488060351125,0.9271008432640545,0.9119734421895447,0.9978282879489809,0.9999959035569357,-0.11661105100471346,-0.9928773591210985,24.51861372097146,0.19287360397092715
21,valid_unseen,additional20,reasoning_body,l3,0.6,11282,50,1.6748902816517834,1.353326215953374,1.6748902297404806,1.342717379004029,0.10908405666252269,0.1256654122944933,0.9561851963392916,0.9497866843571331,0.9980377510158944,0.9999999857196105,-0.09581858900671368,-1.488113326453235,25.249689771317144,0.1748803403651835
21,valid_unseen,additional20,reasoning_body,l3,1.0,11282,50,1.0076335360396442,0.8119969342915059,1.007619780517742,0.802632501963065,0.18730488207272747,0.21731125089948747,0.9271008432640545,0.9162826493311131,0.9978573009162239,0.9999962406914151,-0.11661105100471346,-0.9612724798620076,25.249689771317144,0.1748803403651835
21,valid_unseen,additional20,reasoning_close_tag,l1,0.6,200,50,0.00035323955260338095,6.882988891336535e-05,0.000353239556210804,6.88298888387539e-05,1.0704343869592002e-05,0.0005117240202906271,0.9999991309642792,0.999928223490715,0.9999999982118607,0.9999999982118607,-8.696224850623934e-07,-7.191778433984552e-05,28.44,0.0
21,valid_unseen,additional20,reasoning_close_tag,l1,1.0,200,50,0.0022263921381118286,0.0007899526101841483,0.0022263824017981003,0.0007899503938686956,0.0007897450204938928,0.005724963416008528,0.9999055626988411,0.9989644393324852,1.0000000008940697,0.9999999773502349,-9.448776834691585e-05,-0.0010460426541666124,28.44,0.0
21,valid_unseen,additional20,reasoning_close_tag,l2,0.6,200,50,0.0022530784710669293,0.0002863566058931656,0.0022530784761188773,0.0002863566047200486,1.0704343869592002e-05,0.0015142142405801676,0.9999991309642792,0.9997134521603585,0.9999999982118607,0.9999999979138374,-8.696224850623934e-07,-0.0002898934461781977,28.35,0.0
21,valid_unseen,additional20,reasoning_close_tag,l2,1.0,200,50,0.006458814622908913,0.0017084807069288998,0.006458801737088477,0.001708478647648383,0.0007897450204938928,0.008775425406844738,0.9999055626988411,0.9980665910243988,0.9999999979138374,0.9999999788403511,-9.448776834691585e-05,-0.00198999114520884,28.35,0.0
21,valid_unseen,additional20,reasoning_close_tag,l3,0.6,200,50,0.00017073818374903067,4.332139518060447e-05,0.0001707381936916021,4.332139298634183e-05,1.0704343869592002e-05,0.00032647896242811073,0.9999991309642792,0.9999533712863922,0.9999999982118607,0.9999999964237213,-8.696224850623934e-07,-4.6741678691333275e-05,28.345,0.0
21,valid_unseen,additional20,reasoning_close_tag,l3,1.0,200,50,0.0010683421637903243,0.00046874314464299597,0.0010683318432860795,0.00046874078485850874,0.0007897450204938928,0.004049065111217683,0.9999055626988411,0.9992977768182755,0.9999999982118607,0.9999999794363975,-9.448776834691585e-05,-0.0007092531097402954,28.345,0.0
21,valid_unseen,additional20,special,l1,0.6,50,50,1.357750835590324e-12,-9.592727735199466e-14,1.3549361979953352e-12,-1.0009680697902075e-13,4.907982803503686e-10,5.076615741672618e-10,1.0,1.0,1.0,1.0,0.0,0.0,28.52,0.0
21,valid_unseen,additional20,special,l1,1.0,50,50,2.886270141999603e-08,1.715113095102083e-08,2.2615590760111105e-08,9.375713513337657e-09,1.5163412481342675e-05,1.4008651924086734e-05,0.9999992883205414,0.9999993348121643,0.9999997961521149,0.9999998497962952,-6.842610889634671e-07,-6.318090368040429e-07,28.52,0.0
21,valid_unseen,additional20,special,l2,0.6,50,50,3.916113903697313e-12,-1.6976009807541425e-12,3.912724515453504e-12,-1.702414224656845e-12,4.907982803503686e-10,5.557995480520717e-10,1.0,1.0,1.0,1.0,0.0,0.0,28.22,0.0
21,valid_unseen,additional20,special,l2,1.0,50,50,3.47426810609619e-08,2.1635869735803225e-08,2.7176380701376956e-08,1.2497339731964985e-08,1.5163412481342675e-05,1.4535660393448779e-05,0.9999992883205414,0.9999993026256562,0.9999997961521149,0.9999998486042023,-6.842610889634671e-07,-6.628034304867469e-07,28.22,0.0
21,valid_unseen,additional20,special,l3,0.6,50,50,1.9459275635244383e-12,-6.996910140849838e-13,1.9419817011633543e-12,-7.041595212193934e-13,4.907982803503686e-10,5.222718840736107e-10,1.0,1.0,1.0,1.0,0.0,0.0,28.2,0.0
21,valid_unseen,additional20,special,l3,1.0,50,50,1.2042823405167269e-08,3.392773699761875e-08,4.0880555651767735e-09,2.5428062944143903e-08,1.5163412481342675e-05,1.5073497979756213e-05,0.9999992883205414,0.9999992692470551,0.999999794960022,0.9999998104572296,-6.842610889634671e-07,-6.98566192340877e-07,28.2,0.0
21,valid_unseen,additional20,tag_or_boundary,l1,0.6,500,50,0.055430735544317926,0.025710368573773842,0.05543073554432195,0.025710368573765022,0.008065506320467293,0.0032289014478163033,0.9968162952661515,0.9986259154081345,0.9999999965429306,0.9999999980926514,-0.00954718291714444,-0.024151184182100466,29.046,0.006
21,valid_unseen,additional20,tag_or_boundary,l1,1.0,500,50,0.03474104383684764,0.017586044876340995,0.034741043324000985,0.01758604396938442,0.01655511928324666,0.008370992105063403,0.9938968487977982,0.9972772359848022,1.0000000131130218,1.0000000077486038,-0.010562012790362217,-0.01665406169565948,29.046,0.006
21,valid_unseen,additional20,tag_or_boundary,l2,0.6,500,50,0.005117633087293358,0.017562941573055074,0.005117633087347449,0.017562941573052944,0.008065506320467293,0.00043896979775653037,0.9968162952661515,0.9999390137195587,0.9999999965429306,0.9999999967813492,-0.00954718291714444,-0.011727750274926351,28.946,0.002
21,valid_unseen,additional20,tag_or_boundary,l2,1.0,500,50,0.00575518175218058,0.011739913165209455,0.005755181126589453,0.01173991221643463,0.01655511928324666,0.004396753744808011,0.9938968487977982,0.9991697298288346,1.0000000118017196,1.0000000077486038,-0.010562012790362217,-0.007838971890456363,28.946,0.002
21,valid_unseen,additional20,tag_or_boundary,l3,0.6,500,50,0.005245442225405726,0.013248338859696005,0.005245442225419894,0.013248338859694377,0.008065506320467293,0.0018239628791057799,0.9968162952661515,0.9992950048446655,0.9999999965429306,0.9999999977350235,-0.00954718291714444,-0.01332151511395395,28.918,0.002
21,valid_unseen,additional20,tag_or_boundary,l3,1.0,500,50,0.005436575396763138,0.009260620845135775,0.005436574831983062,0.009260619667750658,0.01655511928324666,0.00593030789074904,0.9938968487977982,0.9983188495635986,1.0000000131130218,1.000000010728836,-0.010562012790362217,-0.009391672431420474,28.918,0.002
21,valid_unseen,additional20,valid_reasoning_body,l1,0.6,11282,50,1.0567619220188609,0.8257682634740937,1.0567619031191517,0.8218400383688806,0.10908405666252269,0.12247531546898172,0.9561851963392916,0.9509823122354839,0.9994861543606329,0.9999999925665897,-0.09581858900671368,-0.927743894558349,26.486438574720793,0.140400638184719
21,valid_unseen,additional20,valid_reasoning_body,l1,1.0,11282,50,0.637678215645467,0.4961794194808072,0.6376719810545679,0.49291792731604844,0.18730488207272747,0.2129736150205854,0.9271008432640545,0.918075254913753,0.9994014742209824,0.9999973030932257,-0.11661105100471346,-0.6235329906730137,26.486438574720793,0.140400638184719
21,valid_unseen,additional20,valid_reasoning_body,l2,0.6,11282,50,1.6838986106627845,1.4229388587498348,1.6838985627564598,1.4094734322906173,0.10908405666252269,0.13233762443669606,0.9561851963392916,0.9471792716165105,0.9979046477968114,0.9999999854396028,-0.09581858900671368,-1.5346256624718717,24.51861372097146,0.19287360397092715
21,valid_unseen,additional20,valid_reasoning_body,l2,1.0,11282,50,1.02044220535926,0.8598378344617765,1.0204282163782206,0.8487114159430004,0.18730488207272747,0.22926488060351125,0.9271008432640545,0.9119734421895447,0.9978282879489809,0.9999959035569357,-0.11661105100471346,-0.9928773591210985,24.51861372097146,0.19287360397092715
21,valid_unseen,additional20,valid_reasoning_body,l3,0.6,11282,50,1.6748902816517834,1.353326215953374,1.6748902297404806,1.342717379004029,0.10908405666252269,0.1256654122944933,0.9561851963392916,0.9497866843571331,0.9980377510158944,0.9999999857196105,-0.09581858900671368,-1.488113326453235,25.249689771317144,0.1748803403651835
21,valid_unseen,additional20,valid_reasoning_body,l3,1.0,11282,50,1.0076335360396442,0.8119969342915059,1.007619780517742,0.802632501963065,0.18730488207272747,0.21731125089948747,0.9271008432640545,0.9162826493311131,0.9978573009162239,0.9999962406914151,-0.11661105100471346,-0.9612724798620076,25.249689771317144,0.1748803403651835
22,valid_unseen,additional20,action_body,l1,0.6,50,7,2.031992204274315e-08,3.5690870850972163e-09,2.0319922006061977e-08,3.5690868719595003e-09,1.429284610911511e-07,7.652163499221114e-08,0.9999999928474427,0.9999999976158143,0.9999999988079071,1.0,-7.152556236178498e-09,-2.3841856489070778e-09,29.64,0.0
22,valid_unseen,additional20,action_body,l1,1.0,50,7,9.403758484972727e-06,1.7026666823850231e-06,9.403753045864443e-06,1.7026649472275207e-06,5.267013733187274e-05,4.057851499190325e-05,0.9999950873851776,0.9999963939189911,1.0000000011920929,0.9999999988079071,-4.9136084054168806e-06,-3.609570150899799e-06,29.64,0.0
22,valid_unseen,additional20,action_body,l2,0.6,50,7,5.218091779379519e-08,6.513936886560394e-09,5.218091772156335e-08,6.513936815386791e-09,1.429284610911511e-07,1.5338481911713761e-07,0.9999999928474427,0.9999999904632568,0.9999999988079071,0.9999999988079071,-7.152556236178498e-09,-9.536741885085576e-09,28.6,0.0
22,valid_unseen,additional20,action_body,l2,1.0,50,7,1.781983234242535e-05,2.2903844009685655e-06,1.7819819414545182e-05,2.290379674889701e-06,5.267013733187274e-05,5.3021160832198165e-05,0.9999950873851776,0.999995037317276,1.0000000011920929,1.0000000071525574,-4.9136084054168806e-06,-4.9660433361964355e-06,28.6,0.0
22,valid_unseen,additional20,action_body,l3,0.6,50,7,5.547687345686924e-09,1.3989210145126411e-08,5.547687354287217e-09,1.3989210142840803e-08,1.429284610911511e-07,2.159614908888381e-08,0.9999999928474427,1.0,0.9999999988079071,1.0,-7.152556236178498e-09,0.0,28.64,0.0
22,valid_unseen,additional20,action_body,l3,1.0,50,7,1.9969862516291256e-06,3.4258791903631253e-06,1.996981554036955e-06,3.4258766289562363e-06,5.267013733187274e-05,2.0201949484644176e-05,0.9999950873851776,0.9999983298778534,1.0000000011920929,0.9999999976158143,-4.9136084054168806e-06,-1.6689099557254395e-06,28.64,0.0
22,valid_unseen,additional20,all_response,l1,0.6,1048,7,0.936741562741879,0.7883079986256892,0.9367415568607376,0.7882721271236927,0.05389646355117782,0.06281855757008474,0.9774117735961011,0.9733913542262016,0.999991093143707,0.9999999989193814,-0.059179419520054385,-0.8621921371658591,27.09828244274809,0.09446564885496184
22,valid_unseen,additional20,all_response,l1,1.0,1048,7,0.5706554761627635,0.48189289264565605,0.5706549348002349,0.48152102443842537,0.0929417368141106,0.10722819816239113,0.9628338376984341,0.956613986660506,0.9999175248027757,0.9999998562777316,-0.06470519916765767,-0.5511845439030711,27.09828244274809,0.09446564885496184
22,valid_unseen,additional20,all_response,l2,0.6,1048,7,1.537396628085026,1.1900758951895998,1.5373966257012823,1.1586176613044141,0.05389646355117782,0.06361858217308385,0.9774117735961011,0.974887253247372,0.9970442478687291,0.9999999997725013,-0.059179419520054385,-1.2927622151314633,25.19179389312977,0.12881679389312978
22,valid_unseen,additional20,all_response,l2,1.0,1048,7,0.9268265945533888,0.7308084902690902,0.9268253659611629,0.7084392766286663,0.0929417368141106,0.11561043864228931,0.9628338376984341,0.9559266132423441,0.997027792035603,0.9999997815444269,-0.06470519916765767,-0.8113320224783612,25.19179389312977,0.12881679389312978
22,valid_unseen,additional20,all_response,l3,0.6,1048,7,1.195449122013335,1.0453486912110952,1.1954491226190436,1.0277068449077988,0.05389646355117782,0.055505518151091636,0.9774117735961011,0.9774290889160324,0.9990086504084131,0.9999999985212588,-0.059179419520054385,-1.1354428376524706,26.260496183206108,0.11545801526717557
22,valid_unseen,additional20,all_response,l3,1.0,1048,7,0.7203754690386638,0.640731569723318,0.7203749013386253,0.6278542872295293,0.0929417368141106,0.09582684149137238,0.9628338376984341,0.9619777043641523,0.9988229299994413,0.9999999036543242,-0.06470519916765767,-0.7114554286709046,26.260496183206108,0.11545801526717557
22,valid_unseen,additional20,reasoning_body,l1,0.6,893,7,1.0975287540291812,0.921530650495738,1.0975287471272046,0.9214885526972024,0.06062405511050107,0.07298716749510535,0.9748697483793218,0.9689328012714727,0.9999895472943049,0.9999999990655487,-0.06769777167078816,-1.0070161998108917,26.73012318029115,0.10974244120940649
22,valid_unseen,additional20,reasoning_body,l1,1.0,893,7,0.6682554729449584,0.5636203359743891,0.6682548377762756,0.5631839219952223,0.10549852401361139,0.12357191190573238,0.9582062378308808,0.9497415410043945,0.9999032104669466,0.9999998314650301,-0.07363875737403455,-0.6433624535769729,26.73012318029115,0.10974244120940649
22,valid_unseen,additional20,reasoning_body,l2,0.6,893,7,1.8020253693047068,1.391742441279182,1.8020253665071786,1.3548239316356496,0.06062405511050107,0.07402331178869692,0.9748697483793218,0.9706656924487496,0.996531211518071,0.9999999999332535,-0.06769777167078816,-1.5128109360037343,24.600223964165732,0.15005599104143338
22,valid_unseen,additional20,reasoning_body,l2,1.0,893,7,1.0857072311666887,0.8549374725316282,1.0857057896430966,0.8286855849561866,0.10549852401361139,0.13361403982619807,0.9582062378308808,0.9488622784814803,0.9965119006107558,0.9999997431593807,-0.07363875737403455,-0.949021961053442,24.600223964165732,0.15005599104143338
22,valid_unseen,additional20,reasoning_body,l3,0.6,893,7,1.4009170224665835,1.2217766916219386,1.4009170231773942,1.201072710741925,0.06062405511050107,0.06458333237153885,0.9748697483793218,0.9736224926866316,0.9988365797841279,0.9999999977973647,-0.06769777167078816,-1.3263462905858177,25.856662933930572,0.1343784994400896
22,valid_unseen,additional20,reasoning_body,l3,1.0,893,7,0.8436875996236196,0.7493399870208538,0.8436869335871677,0.7342275662985903,0.10549852401361139,0.1105061462489251,0.9582062378308808,0.9559156916376458,0.9986186242708617,0.9999998879993349,-0.07363875737403455,-0.8307446529051827,25.856662933930572,0.1343784994400896
22,valid_unseen,additional20,reasoning_close_tag,l1,0.6,28,7,0.0018606279782233687,0.0005213900987314092,0.0018606279792658363,0.0005213900987314092,8.448037560088131e-05,0.0029677479573720377,0.9999910869768688,0.9994389585086277,1.0000000021287374,0.9999999893563134,-8.914119455789254e-06,-0.000565245916122186,28.178571428571427,0.0
22,valid_unseen,additional20,reasoning_close_tag,l1,1.0,28,7,0.00615914140211011,0.002446968773895444,0.006159139724521272,0.0024469681331460882,0.0018515191740358056,0.012690951081915649,0.999713584780693,0.996808477810451,0.9999999957425254,1.000000006386212,-0.00028722935120408167,-0.003301309017216322,28.178571428571427,0.0
22,valid_unseen,additional20,reasoning_close_tag,l2,0.6,28,7,0.008138429134812676,0.0018379145569174889,0.008138429135853525,0.0018379145569165551,8.448037560088131e-05,0.007328824259325038,0.9999910869768688,0.9981562920979091,1.0000000021287374,0.9999999978712627,-8.914119455789254e-06,-0.0018924448070407607,27.892857142857142,0.0
22,valid_unseen,additional20,reasoning_close_tag,l2,1.0,28,7,0.013121665644420698,0.005060655011029301,0.013121657903068188,0.005060653063571071,0.0018515191740358056,0.01732745991403803,0.999713584780693,0.9943554827145168,0.9999999893563134,1.000000006386212,-0.00028722935120408167,-0.006080345628192215,27.892857142857142,0.0
22,valid_unseen,additional20,reasoning_close_tag,l3,0.6,28,7,0.0029638547942492655,0.0007873189810585757,0.002963854795288307,0.0007873189809844761,8.448037560088131e-05,0.003948753922636916,0.9999910869768688,0.9991756422179086,1.0000000021287374,1.0000000021287374,-8.914119455789254e-06,-0.0008339367329371429,27.678571428571427,0.0
22,valid_unseen,additional20,reasoning_close_tag,l3,1.0,28,7,0.006743441914963411,0.0029488569758630355,0.006743439841617941,0.0029488512739311292,0.0018515191740358056,0.012887706175810048,0.999713584780693,0.9963704709495816,0.9999999914850507,0.9999999872275761,-0.00028722935120408167,-0.003803259477447085,27.678571428571427,0.0
22,valid_unseen,additional20,special,l1,0.6,7,7,6.367805043375704e-12,-3.2304345191386997e-12,6.364268854099658e-12,-3.234448713791842e-12,7.180823277267276e-10,8.290432705417215e-10,1.0,1.0,1.0,1.0,0.0,0.0,28.571428571428573,0.0
22,valid_unseen,additional20,special,l1,1.0,7,7,4.025200287368794e-08,1.515463970187219e-08,3.3018545611948214e-08,7.440412222844575e-09,1.6201904015490853e-05,1.678492364070345e-05,0.9999992251396179,0.9999991995947701,0.999999863760812,0.9999998893056598,-7.493152338611253e-07,-7.833749902731922e-07,28.571428571428573,0.0
22,valid_unseen,additional20,special,l2,0.6,7,7,2.6394407957627027e-12,-2.5941682148156968e-14,2.6354470944666956e-12,-3.0743110190515183e-14,7.180823277267276e-10,7.492452372811645e-10,1.0,1.0,1.0,1.0,0.0,0.0,27.714285714285715,0.0
22,valid_unseen,additional20,special,l2,1.0,7,7,3.303633049662429e-08,1.847350539208037e-08,2.4675466495490842e-08,9.238072402289227e-09,1.6201904015490853e-05,1.5860587024820105e-05,0.9999992251396179,0.9999992251396179,0.999999863760812,0.999999863760812,-7.493152338611253e-07,-7.322853515948477e-07,27.714285714285715,0.0
22,valid_unseen,additional20,special,l3,0.6,7,7,3.618526888097511e-12,-2.59682195451888e-13,3.6122016836004356e-12,-2.656625307264983e-13,7.180823277267276e-10,7.637799995638009e-10,1.0,1.0,1.0,1.0,0.0,0.0,27.428571428571427,0.0
22,valid_unseen,additional20,special,l3,1.0,7,7,2.984492120106097e-08,2.873480881809038e-08,1.8680830596703605e-08,1.8051909554474477e-08,1.6201904015490853e-05,1.7141673327257324e-05,0.9999992251396179,0.9999991825648716,0.9999998722757611,0.9999998467309135,-7.493152338611253e-07,-8.00404896900935e-07,27.428571428571427,0.0
22,valid_unseen,additional20,tag_or_boundary,l1,0.6,70,7,0.02228402579998967,0.04579017951188747,0.022284025799989393,0.04579017951188563,0.03348342837129207,0.008188671223260698,0.9824157621179308,0.9981836710657392,0.9999999982970101,1.0,-0.02236673717186548,-0.06137237591190429,29.4,0.014285714285714285
22,valid_unseen,additional20,tag_or_boundary,l1,1.0,70,7,0.01602678928258634,0.023459872891893472,0.016026788648044958,0.02345987109540015,0.04483098257093208,0.02382773274083108,0.9768566029412405,0.9928830061640058,1.0000000008514949,1.0000000076634543,-0.02919064350331096,-0.04323011930810249,29.4,0.014285714285714285
22,valid_unseen,additional20,tag_or_boundary,l2,0.6,70,7,0.025073325988071816,0.06174394518715321,0.02507332598807135,0.06174394518714999,0.03348342837129207,0.005203456233410788,0.9824157621179308,0.9989857477801186,0.9999999982970101,0.9999999991485051,-0.02236673717186548,-0.05459495250006349,28.97142857142857,0.014285714285714285
22,valid_unseen,additional20,tag_or_boundary,l2,1.0,70,7,0.02013451141690512,0.03266174060598346,0.020134511300409007,0.032661738164818696,0.04483098257093208,0.019349588179721367,0.9768566029412405,0.9947910862309592,1.0,1.000000011920929,-0.02919064350331096,-0.03755493186921888,28.97142857142857,0.014285714285714285
22,valid_unseen,additional20,tag_or_boundary,l3,0.6,70,7,0.024697008509530043,0.0636685305701161,0.024697008509529543,0.06366853057011237,0.03348342837129207,0.005518585993887133,0.9824157621179308,0.9989125890391214,0.9999999982970101,1.0000000051089695,-0.02236673717186548,-0.07847865911616542,29.02857142857143,0.014285714285714285
22,valid_unseen,additional20,tag_or_boundary,l3,1.0,70,7,0.019307837954020635,0.03204767385696688,0.019307837344709634,0.032047672229153244,0.04483098257093208,0.019750791722256453,0.9768566029412405,0.9945948226111275,1.0000000034059797,1.0000000085149492,-0.02919064350331096,-0.052053341272560616,29.02857142857143,0.014285714285714285
22,valid_unseen,additional20,valid_reasoning_body,l1,0.6,893,7,1.0975287540291812,0.921530650495738,1.0975287471272046,0.9214885526972024,0.06062405511050107,0.07298716749510535,0.9748697483793218,0.9689328012714727,0.9999895472943049,0.9999999990655487,-0.06769777167078816,-1.0070161998108917,26.73012318029115,0.10974244120940649
22,valid_unseen,additional20,valid_reasoning_body,l1,1.0,893,7,0.6682554729449584,0.5636203359743891,0.6682548377762756,0.5631839219952223,0.10549852401361139,0.12357191190573238,0.9582062378308808,0.9497415410043945,0.9999032104669466,0.9999998314650301,-0.07363875737403455,-0.6433624535769729,26.73012318029115,0.10974244120940649
22,valid_unseen,additional20,valid_reasoning_body,l2,0.6,893,7,1.8020253693047068,1.391742441279182,1.8020253665071786,1.3548239316356496,0.06062405511050107,0.07402331178869692,0.9748697483793218,0.9706656924487496,0.996531211518071,0.9999999999332535,-0.06769777167078816,-1.5128109360037343,24.600223964165732,0.15005599104143338
22,valid_unseen,additional20,valid_reasoning_body,l2,1.0,893,7,1.0857072311666887,0.8549374725316282,1.0857057896430966,0.8286855849561866,0.10549852401361139,0.13361403982619807,0.9582062378308808,0.9488622784814803,0.9965119006107558,0.9999997431593807,-0.07363875737403455,-0.949021961053442,24.600223964165732,0.15005599104143338
22,valid_unseen,additional20,valid_reasoning_body,l3,0.6,893,7,1.4009170224665835,1.2217766916219386,1.4009170231773942,1.201072710741925,0.06062405511050107,0.06458333237153885,0.9748697483793218,0.9736224926866316,0.9988365797841279,0.9999999977973647,-0.06769777167078816,-1.3263462905858177,25.856662933930572,0.1343784994400896
22,valid_unseen,additional20,valid_reasoning_body,l3,1.0,893,7,0.8436875996236196,0.7493399870208538,0.8436869335871677,0.7342275662985903,0.10549852401361139,0.1105061462489251,0.9582062378308808,0.9559156916376458,0.9986186242708617,0.9999998879993349,-0.07363875737403455,-0.8307446529051827,25.856662933930572,0.1343784994400896
23,valid_unseen,additional20,action_body,l1,0.6,113,19,0.014271386566717044,0.02710664640055257,0.014271385511783734,0.027106646400802105,0.007581667812353094,0.007115046289035355,0.9977045470634393,0.9972636620555304,1.0,1.0,-0.0026571328566823652,-0.04199025904839772,29.628318584070797,0.008849557522123894
23,valid_unseen,additional20,action_body,l1,1.0,113,19,0.006796462220930379,0.010505344543440103,0.0067964485024623045,0.010505326610725849,0.01078424541536394,0.009722457728996313,0.9959594079878478,0.9959586162482743,0.9999999889230307,0.9999999910329296,-0.005366260366407028,-0.028608495680881325,29.628318584070797,0.008849557522123894
23,valid_unseen,additional20,action_body,l2,0.6,113,19,0.020820273528179622,0.07137099629843795,0.020820273528169814,0.07137099629843845,0.007581667812353094,0.00032885720403022745,0.9977045470634393,0.999948925676599,1.0000000010549495,0.9999999984175758,-0.0026571328566823652,-0.09039042989629847,28.75221238938053,0.008849557522123894
23,valid_unseen,additional20,action_body,l2,1.0,113,19,0.015322917193022895,0.032678274126704425,0.015322906276662811,0.03267824034130267,0.01078424541536394,0.002404738235725513,0.9959594079878478,0.9995031520328691,0.9999999868131317,0.9999999994725253,-0.005366260366407028,-0.054709893706733806,28.75221238938053,0.008849557522123894
23,valid_unseen,additional20,action_body,l3,0.6,113,19,0.016084149233481525,0.025372441252013593,0.016084150288430996,0.025372441252013597,0.007581667812353094,0.006277234046751008,0.9977045470634393,0.9980267033112787,1.0000000010549495,1.0,-0.0026571328566823652,-0.039105067999484704,28.646017699115045,0.008849557522123894
23,valid_unseen,additional20,action_body,l3,1.0,113,19,0.0077996069847604,0.009899329877799857,0.0077995935929638955,0.00989931079313391,0.01078424541536394,0.01002697727938708,0.9959594079878478,0.9963401730081677,0.9999999883955559,0.9999999910329296,-0.005366260366407028,-0.02677912816328689,28.646017699115045,0.008849557522123894
23,valid_unseen,additional20,all_response,l1,0.6,3638,19,1.0040718381736529,0.8342018315558761,1.0040718320685702,0.831242111584626,0.09012019946073385,0.10032044507208956,0.9646996884243773,0.9591160662853174,0.999317827684673,0.9999999969853616,-0.08028550544698862,-0.8767204464336664,26.824903793293018,0.12534359538207807
23,valid_unseen,additional20,all_response,l1,1.0,3638,19,0.6011102527397701,0.5020926246955212,0.6011067061654546,0.4991798015981588,0.15763398384676075,0.1715064871195881,0.9395311588668247,0.9328589359397675,0.9992886381474676,0.999998911846595,-0.0975990108963654,-0.580216239025818,26.824903793293018,0.12534359538207807
23,valid_unseen,additional20,all_response,l2,0.6,3638,19,1.5288367621091528,1.3004622622210773,1.528836758934013,1.2936277165208074,0.09012019946073385,0.10478778363650705,0.9646996884243773,0.9586779303181099,0.9984704951118956,0.999999996919826,-0.08028550544698862,-1.384590351853259,25.01704233095107,0.1668499175371083
23,valid_unseen,additional20,all_response,l2,1.0,3638,19,0.9241176404597329,0.7864547662096746,0.9241113268651023,0.7798532330068578,0.15763398384676075,0.18436053560300303,0.9395311588668247,0.9297886622876109,0.998405115935337,0.9999985582327829,-0.0975990108963654,-0.8883924378665891,25.01704233095107,0.1668499175371083
23,valid_unseen,additional20,all_response,l3,0.6,3638,19,1.5499734775891463,1.2241930041720681,1.5499734615014293,1.218332782545982,0.09012019946073385,0.1031137969520721,0.9646996884243773,0.9593748493860422,0.9987612046575796,0.9999999958221043,-0.08028550544698862,-1.3351836357409852,25.47636063771303,0.16520065970313358
23,valid_unseen,additional20,all_response,l3,1.0,3638,19,0.9346125288699084,0.7376723564911767,0.934600690861199,0.7321893324606729,0.15763398384676075,0.18139342212362053,0.9395311588668247,0.9309873774999967,0.9986590824247128,0.9999979872045575,-0.0975990108963654,-0.8578236812598323,25.47636063771303,0.16520065970313358
23,valid_unseen,additional20,reasoning_body,l1,0.6,3240,19,1.126110966833567,0.9350523002813639,1.1261109600153438,0.9317290097704165,0.10049654525173966,0.11215072754278424,0.9605871169839376,0.9542501812179883,0.9992340302686775,0.9999999967990099,-0.08886367918308036,-0.9816026721586455,26.57253086419753,0.14012345679012345
23,valid_unseen,additional20,reasoning_body,l1,1.0,3240,19,0.6737037665668851,0.5627775893903566,0.6736997851928934,0.5595069573967686,0.1754819501048348,0.19135755468323593,0.9326068432242782,0.9249853653442345,0.9992012556734277,0.9999987787854524,-0.1083804581226124,-0.6494729062746339,26.57253086419753,0.14012345679012345
23,valid_unseen,additional20,reasoning_body,l2,0.6,3240,19,1.7154102572740986,1.4572190403726895,1.7154102537086677,1.449544942453683,0.10049654525173966,0.11743497772964183,0.9605871169839376,0.9536512224578563,0.9982826117443028,0.9999999966518378,-0.08886367918308036,-1.5499283595164601,24.58703703703704,0.1867283950617284
23,valid_unseen,additional20,reasoning_body,l2,1.0,3240,19,1.0362966092590176,0.8813900778332567,1.0362895214205499,0.8739776169528768,0.1754819501048348,0.20605428437266562,0.9326068432242782,0.9214013427679921,0.9982092022314275,0.9999983823961682,-0.1083804581226124,-0.9944575216649547,24.58703703703704,0.1867283950617284
23,valid_unseen,additional20,reasoning_body,l3,0.6,3240,19,1.7394054972294748,1.3719805198290538,1.739405479128769,1.3654004314723562,0.10049654525173966,0.1155246160527271,0.9605871169839376,0.9544588878750802,0.9986090319070183,0.9999999952169112,-0.08886367918308036,-1.4964128676993105,25.10246913580247,0.18487654320987654
23,valid_unseen,additional20,reasoning_body,l3,1.0,3240,19,1.048704023514776,0.8268975751921073,1.048690731974317,0.8207410200800433,0.1754819501048348,0.20296577679035355,0.9326068432242782,0.922704603559809,0.9984943657469603,0.9999977404136716,-0.1083804581226124,-0.961347626868395,25.10246913580247,0.18487654320987654
23,valid_unseen,additional20,reasoning_close_tag,l1,0.6,76,19,0.019430214021888718,0.001962965171059075,0.019430214021335334,0.001962965171498864,4.730677201987948e-06,0.006880232249498021,0.9999996572732925,0.9981257617473602,0.9999999976471851,0.9999999968629134,-3.4194179604777505e-07,-0.0019650718940512567,27.907894736842106,0.0
23,valid_unseen,additional20,reasoning_close_tag,l1,1.0,76,19,0.03042302461094023,0.0061796450929955,0.030423012024391804,0.0061796416734243905,0.0005693280439131532,0.020963766018076438,0.9999370904345262,0.9940201240150552,0.9999999952943701,0.999999991373012,-6.29288445486621e-05,-0.006444022074273005,27.907894736842106,0.0
23,valid_unseen,additional20,reasoning_close_tag,l2,0.6,76,19,0.008382240544969855,0.0008816192693280854,0.008382240556031649,0.0008816192693349688,4.730677201987948e-06,0.004471405824176167,0.9999996572732925,0.9991263268809569,0.9999999976471851,0.9999999952943701,-3.4194179604777505e-07,-0.0008837020007555047,27.82894736842105,0.0
23,valid_unseen,additional20,reasoning_close_tag,l2,1.0,76,19,0.02314898983151819,0.004781452001789051,0.023148954116648416,0.004781448729263844,0.0005693280439131532,0.019474296627082045,0.9999370904345262,0.9951414340420773,0.9999999945100985,0.9999999411796269,-6.29288445486621e-05,-0.005034524490790279,27.82894736842105,0.0
23,valid_unseen,additional20,reasoning_close_tag,l3,0.6,76,19,4.17211041060291e-05,1.0737978937728711e-05,4.172110364973907e-05,1.0737978939221675e-05,4.730677201987948e-06,0.00012064785484803861,0.9999996572732925,0.9999881763207285,0.9999999976471851,1.0,-3.4194179604777505e-07,-1.1827494365983165e-05,27.855263157894736,0.0
23,valid_unseen,additional20,reasoning_close_tag,l3,1.0,76,19,0.0009537303334649633,0.0003734566488588359,0.0009537271391030126,0.00037345468907399335,0.0005693280439131532,0.0036522986810296255,0.9999370904345262,0.9994730667064065,0.9999999960786418,1.0000000101955313,-6.29288445486621e-05,-0.0005278962095284282,27.855263157894736,0.0
23,valid_unseen,additional20,special,l1,0.6,19,19,1.2791761450105474e-11,-6.6614311034647664e-12,1.2788596814557532e-11,-6.665235809980343e-12,5.990434508089904e-10,8.161395565212845e-10,1.0,1.0,1.0,1.0,0.0,0.0,27.63157894736842,0.0
23,valid_unseen,additional20,special,l1,1.0,19,19,3.8045499896698305e-08,2.3252145472210223e-08,3.129951357743422e-08,1.5741742038543586e-08,1.5232189932583806e-05,1.6125080564004174e-05,0.9999992690588299,0.9999992063170985,0.9999998305973253,0.999999861968191,-7.027071487037143e-07,-7.717229993288225e-07,27.63157894736842,0.0
23,valid_unseen,additional20,special,l2,0.6,19,19,1.8324095950176308e-11,-7.63395448086947e-12,1.8320699357687244e-11,-7.638588459388818e-12,5.990434508089904e-10,8.783217997938925e-10,1.0,1.0,1.0,1.0,0.0,0.0,27.42105263157895,0.0
23,valid_unseen,additional20,special,l2,1.0,19,19,5.562779799368244e-08,3.946082377818303e-08,4.786515427287883e-08,3.0211124479288734e-08,1.5232189932583806e-05,1.5976554909445296e-05,0.9999992690588299,0.9999992094541851,0.9999998305973253,0.9999998902019701,-7.027071487037143e-07,-7.717229813782691e-07,27.42105263157895,0.0
23,valid_unseen,additional20,special,l3,0.6,19,19,4.823962557823583e-12,-3.028939929675753e-12,4.8197782479646895e-12,-3.0334305950351386e-12,5.990434508089904e-10,6.903442919653794e-10,1.0,1.0,1.0,1.0,0.0,0.0,27.36842105263158,0.0
23,valid_unseen,additional20,special,l3,1.0,19,19,-3.1321317936921764e-09,4.652131952179903e-08,-1.1570561958843714e-08,3.775304125459917e-08,1.5232189932583806e-05,1.5858084177460497e-05,0.9999992690588299,0.9999991843574926,0.9999998305973253,0.9999997960893732,-7.027071487037143e-07,-7.717229963370636e-07,27.36842105263158,0.0
23,valid_unseen,additional20,tag_or_boundary,l1,0.6,190,19,0.005918167300250336,0.010760915223802705,0.005918167300249694,0.010760915223799463,0.007323110615096181,0.0014238107184814865,0.9975506299420407,0.9997121594454113,0.9999999959217875,0.9999999981177481,-0.020316138224118943,-0.02222148208026658,28.94736842105263,0.005263157894736842
23,valid_unseen,additional20,tag_or_boundary,l1,1.0,190,19,0.005046026138498818,0.008193797975174366,0.005046025345399651,0.008193796185716492,0.01920387799983411,0.006578592895242807,0.993839820121464,0.9984178276438462,1.0000000106660942,1.0000000122346375,-0.017375441887829288,-0.014799688914683735,28.94736842105263,0.005263157894736842
23,valid_unseen,additional20,tag_or_boundary,l2,0.6,190,19,0.005206135760881519,0.008211018456413574,0.005206135760880806,0.008211018456410354,0.007323110615096181,0.0018507436957477536,0.9975506299420407,0.9995395804706373,0.9999999959217875,1.000000000941126,-0.020316138224118943,-0.0267922909394021,28.763157894736842,0.005263157894736842
23,valid_unseen,additional20,tag_or_boundary,l2,1.0,190,19,0.004463937191351359,0.007171322172815363,0.004463936321552567,0.007171320608555052,0.01920387799983411,0.007029798091841851,0.993839820121464,0.9981905930920651,1.0000000087838423,1.0000000131757636,-0.017375441887829288,-0.017707696059471128,28.763157894736842,0.005263157894736842
23,valid_unseen,additional20,tag_or_boundary,l3,0.6,190,19,0.006889583044351038,0.029101910442264376,0.00688958304435027,0.029101910442259564,0.007323110615096181,0.0005775821233398639,0.9975506299420407,0.9999094025084847,0.9999999959217875,1.0000000015685433,-0.020316138224118943,-0.02421370477065872,28.826315789473686,0.005263157894736842
23,valid_unseen,additional20,tag_or_boundary,l3,1.0,190,19,0.007186867398639717,0.01766779698454564,0.0071868665132594775,0.017667794943608987,0.01920387799983411,0.00468014973188372,0.993839820121464,0.9990672983621296,1.0000000087838423,1.0000000138031808,-0.017375441887829288,-0.01542139532924499,28.826315789473686,0.005263157894736842
23,valid_unseen,additional20,valid_reasoning_body,l1,0.6,3240,19,1.126110966833567,0.9350523002813639,1.1261109600153438,0.9317290097704165,0.10049654525173966,0.11215072754278424,0.9605871169839376,0.9542501812179883,0.9992340302686775,0.9999999967990099,-0.08886367918308036,-0.9816026721586455,26.57253086419753,0.14012345679012345
23,valid_unseen,additional20,valid_reasoning_body,l1,1.0,3240,19,0.6737037665668851,0.5627775893903566,0.6736997851928934,0.5595069573967686,0.1754819501048348,0.19135755468323593,0.9326068432242782,0.9249853653442345,0.9992012556734277,0.9999987787854524,-0.1083804581226124,-0.6494729062746339,26.57253086419753,0.14012345679012345
23,valid_unseen,additional20,valid_reasoning_body,l2,0.6,3240,19,1.7154102572740986,1.4572190403726895,1.7154102537086677,1.449544942453683,0.10049654525173966,0.11743497772964183,0.9605871169839376,0.9536512224578563,0.9982826117443028,0.9999999966518378,-0.08886367918308036,-1.5499283595164601,24.58703703703704,0.1867283950617284
23,valid_unseen,additional20,valid_reasoning_body,l2,1.0,3240,19,1.0362966092590176,0.8813900778332567,1.0362895214205499,0.8739776169528768,0.1754819501048348,0.20605428437266562,0.9326068432242782,0.9214013427679921,0.9982092022314275,0.9999983823961682,-0.1083804581226124,-0.9944575216649547,24.58703703703704,0.1867283950617284
23,valid_unseen,additional20,valid_reasoning_body,l3,0.6,3240,19,1.7394054972294748,1.3719805198290538,1.739405479128769,1.3654004314723562,0.10049654525173966,0.1155246160527271,0.9605871169839376,0.9544588878750802,0.9986090319070183,0.9999999952169112,-0.08886367918308036,-1.4964128676993105,25.10246913580247,0.18487654320987654
23,valid_unseen,additional20,valid_reasoning_body,l3,1.0,3240,19,1.048704023514776,0.8268975751921073,1.048690731974317,0.8207410200800433,0.1754819501048348,0.20296577679035355,0.9326068432242782,0.922704603559809,0.9984943657469603,0.9999977404136716,-0.1083804581226124,-0.961347626868395,25.10246913580247,0.18487654320987654
24,valid_unseen,additional20,action_body,l1,0.6,267,50,1.1814004580127696e-08,2.9182482391581357e-08,1.181400456425499e-08,2.9182482905913848e-08,2.69846738742254e-07,7.10315878926929e-08,0.9999999828106455,0.9999999968746628,0.9999999993302849,0.9999999995535233,-1.6966107413688918e-08,-3.125336620380128e-09,30.116104868913858,0.0
24,valid_unseen,additional20,action_body,l1,1.0,267,50,2.6211791026770544e-06,4.682516645984028e-06,2.6211786474825506e-06,4.682510294250191e-06,6.642543449708846e-05,3.541260573851613e-05,0.9999935397048122,0.9999968800205417,1.0000000042415291,1.000000003125337,-6.463968917438414e-06,-3.122119837920915e-06,30.116104868913858,0.0
24,valid_unseen,additional20,action_body,l2,0.6,267,50,0.00018564356103265852,1.1883565310596469e-05,0.00018564356103300297,1.1883565310481325e-05,2.69846738742254e-07,8.31912879566254e-05,0.9999999828106455,0.9999881659107708,0.9999999993302849,0.9999999997767617,-1.6966107413688918e-08,-1.18530548975693e-05,28.973782771535582,0.0
24,valid_unseen,additional20,action_body,l2,1.0,267,50,0.0012551715535055537,0.00014239538746028735,0.0012551717743066175,0.00014239525234949733,6.642543449708846e-05,0.0006793533988077459,0.9999935397048122,0.9998630091045679,1.0000000037950523,1.0000000040182906,-6.463968917438414e-06,-0.00013942872952081112,28.973782771535582,0.0
24,valid_unseen,additional20,action_body,l3,0.6,267,50,0.08270913323797822,0.08114863382257666,0.08270913323797859,0.08114863382257752,2.69846738742254e-07,5.3040818488970336e-08,0.9999999828106455,0.9999999977676163,0.9999999988838082,0.9999999995535233,-1.6966107413688918e-08,-0.0811485712894337,29.127340823970037,0.003745318352059925
24,valid_unseen,additional20,action_body,l3,1.0,267,50,0.04963252411421617,0.04870136422579041,0.04963252411308702,0.04870136395607024,6.642543449708846e-05,3.10973055083181e-05,0.9999935397048122,0.9999973160050781,1.0000000040182906,1.0000000026788605,-6.463968917438414e-06,-0.04869182362723343,29.127340823970037,0.003745318352059925
24,valid_unseen,additional20,all_response,l1,0.6,12008,50,0.8002645557718999,0.643543166828677,0.8002645457078945,0.6422090767089866,0.08986624570656891,0.10735033021681797,0.9642434974935037,0.9569667971554615,0.9996752615676902,0.9999999955624124,-0.08181548406507273,-0.7237283231679638,26.99941705529647,0.11625582944703532
24,valid_unseen,additional20,all_response,l1,1.0,12008,50,0.4834361303817828,0.38713303774826896,0.4834290822685486,0.38568626193060584,0.15858980952818827,0.1878387303878332,0.9394611379740975,0.9282023649263151,0.9996159364587238,0.9999974612084569,-0.09853121447441304,-0.49301343586059315,26.99941705529647,0.11625582944703532
24,valid_unseen,additional20,all_response,l2,0.6,12008,50,1.4926359621545557,1.3037803528233185,1.49263591895524,1.2875603161043976,0.08986624570656891,0.12564581777954192,0.9642434974935037,0.9501391187146415,0.997838502841019,0.9999999943264399,-0.08181548406507273,-1.3770916751521456,24.562708194536974,0.1663057961359094
24,valid_unseen,additional20,all_response,l2,1.0,12008,50,0.9158706783626717,0.7868443198207292,0.9158519495162492,0.7739144114839845,0.15858980952818827,0.2180691577843504,0.9394611379740975,0.9169549305528045,0.9977682388628114,0.999995787423861,-0.09853121447441304,-0.8947838138689161,24.562708194536974,0.1663057961359094
24,valid_unseen,additional20,all_response,l3,0.6,12008,50,1.3994892577613252,1.2009156169010897,1.399489238681358,1.1888985200177877,0.08986624570656891,0.11453587495156858,0.9642434974935037,0.9541392878124827,0.9981628905663641,0.9999999945498085,-0.08181548406507273,-1.2666188938201413,25.442038640906063,0.15806129247168554
24,valid_unseen,additional20,all_response,l3,1.0,12008,50,0.8471365773326611,0.7222074665382291,0.8471221564698187,0.7123605381041236,0.15858980952818827,0.19780732366736378,0.9394611379740975,0.923923597516595,0.9980622116291994,0.9999969223393829,-0.09853121447441304,-0.8222136988342321,25.442038640906063,0.15806129247168554
24,valid_unseen,additional20,reasoning_body,l1,0.6,10991,50,0.8737076290919207,0.702916835683753,0.8737076180962685,0.7014593018690805,0.09805774224202364,0.1170966017764112,0.9609596398039214,0.9530524753868586,0.9996452135688595,0.9999999952114547,-0.08936086399654572,-0.7906164154199747,26.80675097807297,0.12701301064507325
24,valid_unseen,additional20,reasoning_body,l1,1.0,10991,50,0.5273716578008436,0.4225689931084326,0.5273639577608932,0.42098834687074743,0.17272994013096846,0.2046873519029676,0.9339930590873593,0.9217205717868188,0.9995803991305704,0.9999972263910504,-0.10750967905028103,-0.5384504259134391,26.80675097807297,0.12701301064507325
24,valid_unseen,additional20,reasoning_body,l2,0.6,10991,50,1.6302788193284907,1.4242231679034951,1.630278772131846,1.4065022870991815,0.09805774224202364,0.1371328887921318,0.9609596398039214,0.9455756781375849,0.9976384990943015,0.9999999938773866,-0.08936086399654572,-1.5044161665835047,24.179692475661906,0.18160312983350013
24,valid_unseen,additional20,reasoning_body,l2,1.0,10991,50,1.0000468289151379,0.8592729186663581,1.000026367498262,0.8451466027579111,0.17272994013096846,0.23774355651335202,0.9339930590873593,0.9094095925404196,0.9975617335236747,0.9999953979585117,-0.10750967905028103,-0.9774015538977384,24.179692475661906,0.18160312983350013
24,valid_unseen,additional20,reasoning_body,l3,0.6,10991,50,1.5266896435011454,1.309914807410357,1.5266896226559097,1.29678576552385,0.09805774224202364,0.12502312037927596,0.9609596398039214,0.9499416155926188,0.9979929025084725,0.9999999942949608,-0.08936086399654572,-1.3817922437090162,25.136020380311162,0.1725957601674097
24,valid_unseen,additional20,reasoning_body,l3,1.0,10991,50,0.9239673767476665,0.7875336590290996,0.9239516216804652,0.7767755919418357,0.17272994013096846,0.21574111697902723,0.9339930590873593,0.9169897256264337,0.9978829075883023,0.9999966378229763,-0.10750967905028103,-0.8969905278258028,25.136020380311162,0.1725957601674097
24,valid_unseen,additional20,reasoning_close_tag,l1,0.6,200,50,0.012500898654956523,0.0027293016432547623,0.012500898678120924,0.0027293016423753946,5.1316378558478165e-05,0.004794108568845121,0.999994404911995,0.9977808991074562,0.9999999955296517,0.9999999988079071,-5.594564695599047e-06,-0.002765382517427355,28.64,0.0
24,valid_unseen,additional20,reasoning_close_tag,l1,1.0,200,50,0.01130430256759729,0.0043203326141568405,0.01130429238337961,0.004320331116927977,0.001221682661879395,0.013684882809289605,0.9998189231753349,0.9956702816486359,1.0000000056624412,0.9999999812245369,-0.00018163338955609731,-0.005060117514690106,28.64,0.0
24,valid_unseen,additional20,reasoning_close_tag,l2,0.6,200,50,0.02437235993041782,0.0052728071585502155,0.024372359935117063,0.005272807155603596,5.1316378558478165e-05,0.007037982432523428,0.999994404911995,0.9973244339227676,0.9999999955296517,0.9999999976158143,-5.594564695599047e-06,-0.005310446856494444,28.34,0.005
24,valid_unseen,additional20,reasoning_close_tag,l2,1.0,200,50,0.024421512065983975,0.007685153362926586,0.024421492152018512,0.0076851524218413255,0.001221682661879395,0.02075226416496855,0.9998189231753349,0.9936062133312226,1.0000000074505806,0.9999999713897705,-0.00018163338955609731,-0.008468539412600258,28.34,0.005
24,valid_unseen,additional20,reasoning_close_tag,l3,0.6,200,50,0.014462229546657218,0.002989987354963909,0.014462229535341682,0.0029899873544607025,5.1316378558478165e-05,0.005735084676575128,0.999994404911995,0.9975268337130546,0.9999999955296517,0.9999999949336051,-5.594564695599047e-06,-0.003026757641868407,28.405,0.0
24,valid_unseen,additional20,reasoning_close_tag,l3,1.0,200,50,0.014024787799383043,0.004955870079755792,0.01402478176577325,0.004955868997774578,0.001221682661879395,0.01491271067587217,0.9998189231753349,0.9950927042961121,1.0000000083446503,0.9999999842047691,-0.00018163338955609731,-0.0056997947804810776,28.405,0.0
24,valid_unseen,additional20,special,l1,0.6,50,50,1.6277795071188229e-12,-2.6109318225779783e-14,1.6255193137774721e-12,-2.961100589444869e-14,4.3121961001979516e-10,4.5117460267807274e-10,1.0,1.0,1.0,1.0,0.0,0.0,28.42,0.0
24,valid_unseen,additional20,special,l1,1.0,50,50,3.276123639039952e-08,1.3461168109074606e-08,2.7160398552439346e-08,6.302489445886295e-09,1.3906740423408338e-05,1.2845175460824975e-05,0.9999993562698364,0.9999994015693665,0.9999998259544373,0.9999998867511749,-6.198881146701751e-07,-5.698202437542932e-07,28.42,0.0
24,valid_unseen,additional20,special,l2,0.6,50,50,7.517142452804398e-12,-3.780064406969227e-12,7.51478443776249e-12,-3.7839012842098495e-12,4.3121961001979516e-10,5.607382624894796e-10,1.0,1.0,1.0,1.0,0.0,0.0,28.0,0.0
24,valid_unseen,additional20,special,l2,1.0,50,50,4.325076140787587e-08,2.459837119772601e-08,3.692515193165491e-08,1.634193997901434e-08,1.3906740423408338e-05,1.3492800990206888e-05,0.9999993562698364,0.9999993538856506,0.999999829530716,0.999999885559082,-6.198881146701751e-07,-6.17503933426633e-07,28.0,0.0
24,valid_unseen,additional20,special,l3,0.6,50,50,1.46656225310821e-12,-6.559453579125162e-14,1.4640246698258727e-12,-6.908707172632325e-14,4.3121961001979516e-10,4.501718148253175e-10,1.0,1.0,1.0,1.0,0.0,0.0,28.3,0.0
24,valid_unseen,additional20,special,l3,1.0,50,50,3.6309769821940564e-08,2.7089091325649406e-09,3.007869229243454e-08,-4.699199340763016e-09,1.3906740423408338e-05,1.3261450949357822e-05,0.9999993562698364,0.9999993801116943,0.999999828338623,0.9999998784065247,-6.198881146701751e-07,-5.817411681618978e-07,28.3,0.0
24,valid_unseen,additional20,tag_or_boundary,l1,0.6,500,50,0.008312102948526754,0.0027230763164989664,0.008312102948526398,0.0027230763164971593,0.0027017962320925602,0.002190348834506956,0.9994592808485031,0.9994027285575867,0.9999999992847443,0.9999999994039536,-0.0005479060489388558,-0.0006232107640221187,28.772,0.0
24,valid_unseen,additional20,tag_or_boundary,l1,1.0,500,50,0.01299520145794595,0.006744793197191053,0.012995200882727978,0.0067447920751474945,0.011217786749205594,0.006203431490445316,0.9971392096281052,0.9981800003051757,1.0000000091791152,1.0000000150203705,-0.00297171483019018,-0.001967641998896653,28.772,0.0
24,valid_unseen,additional20,tag_or_boundary,l2,0.6,500,50,0.0005081829904168677,0.002199807863263436,0.0005081829904164147,0.002199807863262054,0.0027017962320925602,0.0001951811879851119,0.9994592808485031,0.9999730640649795,0.9999999992847443,0.9999999994039536,-0.0005479060489388558,-2.6988341429614592e-05,28.772,0.0
24,valid_unseen,additional20,tag_or_boundary,l2,1.0,500,50,0.0020819475843130352,0.0051657837488291595,0.0020819469546460817,0.0051657827072852484,0.011217786749205594,0.0024050044114054038,0.9971392096281052,0.9995786813497544,1.0000000102519988,1.000000013589859,-0.00297171483019018,-0.0004251836388102674,28.772,0.0
24,valid_unseen,additional20,tag_or_boundary,l3,0.6,500,50,0.0004907019859133212,0.002112793598875888,0.000490701985913014,0.002112793598873991,0.0027017962320925602,0.00014127842018199206,0.9994592808485031,0.9999818098545075,0.9999999992847443,0.9999999967813492,-0.0005479060489388558,-1.8212647599980868e-05,28.73,0.0
24,valid_unseen,additional20,tag_or_boundary,l3,1.0,500,50,0.002067478926279605,0.004980746805072533,0.0020674784086063824,0.00498074556146695,0.011217786749205594,0.0021364353858478627,0.9971392096281052,0.9996453827619552,1.000000011563301,1.0000000113248826,-0.00297171483019018,-0.0003569986328725463,28.73,0.0
24,valid_unseen,additional20,valid_reasoning_body,l1,0.6,10991,50,0.8737076290919207,0.702916835683753,0.8737076180962685,0.7014593018690805,0.09805774224202364,0.1170966017764112,0.9609596398039214,0.9530524753868586,0.9996452135688595,0.9999999952114547,-0.08936086399654572,-0.7906164154199747,26.80675097807297,0.12701301064507325
24,valid_unseen,additional20,valid_reasoning_body,l1,1.0,10991,50,0.5273716578008436,0.4225689931084326,0.5273639577608932,0.42098834687074743,0.17272994013096846,0.2046873519029676,0.9339930590873593,0.9217205717868188,0.9995803991305704,0.9999972263910504,-0.10750967905028103,-0.5384504259134391,26.80675097807297,0.12701301064507325
24,valid_unseen,additional20,valid_reasoning_body,l2,0.6,10991,50,1.6302788193284907,1.4242231679034951,1.630278772131846,1.4065022870991815,0.09805774224202364,0.1371328887921318,0.9609596398039214,0.9455756781375849,0.9976384990943015,0.9999999938773866,-0.08936086399654572,-1.5044161665835047,24.179692475661906,0.18160312983350013
24,valid_unseen,additional20,valid_reasoning_body,l2,1.0,10991,50,1.0000468289151379,0.8592729186663581,1.000026367498262,0.8451466027579111,0.17272994013096846,0.23774355651335202,0.9339930590873593,0.9094095925404196,0.9975617335236747,0.9999953979585117,-0.10750967905028103,-0.9774015538977384,24.179692475661906,0.18160312983350013
24,valid_unseen,additional20,valid_reasoning_body,l3,0.6,10991,50,1.5266896435011454,1.309914807410357,1.5266896226559097,1.29678576552385,0.09805774224202364,0.12502312037927596,0.9609596398039214,0.9499416155926188,0.9979929025084725,0.9999999942949608,-0.08936086399654572,-1.3817922437090162,25.136020380311162,0.1725957601674097
24,valid_unseen,additional20,valid_reasoning_body,l3,1.0,10991,50,0.9239673767476665,0.7875336590290996,0.9239516216804652,0.7767755919418357,0.17272994013096846,0.21574111697902723,0.9339930590873593,0.9169897256264337,0.9978829075883023,0.9999966378229763,-0.10750967905028103,-0.8969905278258028,25.136020380311162,0.1725957601674097
25,valid_unseen,additional20,action_body,l1,0.6,222,50,0.10295268858884865,0.13273135331621624,0.1029526885891082,0.13273135332453595,0.0034101973582894743,0.0021431498479493032,0.9990763634711772,0.9993881005961616,0.9999999973151061,0.9999999989260424,-0.000957097175411106,-0.12545528290791208,29.653153153153152,0.009009009009009009
25,valid_unseen,additional20,action_body,l1,1.0,222,50,0.06606976296193594,0.08597950117397586,0.06606976256351511,0.08597949646591639,0.00760810802157543,0.005218883488509415,0.9974589342469568,0.9983401687832566,1.0000000059067666,1.0000000077861924,-0.0027683647751266327,-0.07670379707958994,29.653153153153152,0.009009009009009009
25,valid_unseen,additional20,action_body,l2,0.6,222,50,0.26261862377146616,0.22406206188826328,0.2626186248412687,0.22406206188930855,0.0034101973582894743,0.00249822460046767,0.9990763634711772,0.9993106988636223,0.9999999973151061,0.9999999981205743,-0.000957097175411106,-0.2343931078814235,28.76126126126126,0.02252252252252252
25,valid_unseen,additional20,action_body,l2,1.0,222,50,0.1667684307675068,0.1267699066875396,0.1667684300690249,0.12676990245695363,0.00760810802157543,0.006680834866003352,0.9974589342469568,0.9979702384622248,1.0000000072492135,1.0000000059067666,-0.0027683647751266327,-0.14240647121607156,28.76126126126126,0.02252252252252252
25,valid_unseen,additional20,action_body,l3,0.6,222,50,0.19170209235523822,0.326185259236027,0.19170209235550056,0.30872740029768814,0.0034101973582894743,0.00016017023482946423,0.9990763634711772,0.9999788910955996,0.9954962451007665,0.9999999981205743,-0.000957097175411106,-0.3251900277506774,28.42792792792793,0.009009009009009009
25,valid_unseen,additional20,action_body,l3,1.0,222,50,0.1186707422872331,0.19635101745246203,0.1186707421579029,0.17909942587042899,0.00760810802157543,0.0017351979848298275,0.9974589342469568,0.999678743583662,0.9955230809177633,1.0000000029533833,-0.0027683647751266327,-0.19542539955463173,28.42792792792793,0.009009009009009009
25,valid_unseen,additional20,all_response,l1,0.6,11273,50,1.5852728075828209,1.0320084270725494,1.5852727971425233,1.0228000221894546,0.10319706930279902,0.1272243934160551,0.9586151620674015,0.949245947999137,0.9981751311053799,0.999999997028492,-0.09610174928544314,-1.1138573479869425,25.829947662556553,0.15337532156480085
25,valid_unseen,additional20,all_response,l1,1.0,11273,50,0.9531627626475733,0.6247768093093393,0.9531551656530183,0.6169101569270913,0.17935558471874152,0.2179067568286667,0.9307803028419047,0.9158536125974795,0.9981587506530223,0.999997608485899,-0.11396422935750028,-0.7371650607532176,25.829947662556553,0.15337532156480085
25,valid_unseen,additional20,all_response,l2,0.6,11273,50,2.1239462002722247,1.4453431604012104,2.1239461310373273,1.4228913932935001,0.10319706930279902,0.14459399296437733,0.9586151620674015,0.9427273454640124,0.9965275133544059,0.9999999899434016,-0.09610174928544314,-1.5262776837391927,23.98500842721547,0.19444690854253527
25,valid_unseen,additional20,all_response,l2,1.0,11273,50,1.2886393339215694,0.8776807451386341,1.2886148791488805,0.8595509223021428,0.17935558471874152,0.25057854571300264,0.9307803028419047,0.904771185683705,0.996536155965832,0.9999944015572046,-0.11396422935750028,-0.9945832275080813,23.98500842721547,0.19444690854253527
25,valid_unseen,additional20,all_response,l3,0.6,11273,50,2.0488889978401996,1.4313406994735474,2.0488889640338535,1.4145869134106355,0.10319706930279902,0.13050333123127697,0.9586151620674015,0.9480634278882251,0.9971270609327383,0.999999994807792,-0.09610174928544314,-1.5333035540275612,24.65847600461279,0.18149560897720216
25,valid_unseen,additional20,all_response,l3,1.0,11273,50,1.236524420621558,0.8653476187016339,1.236504067652453,0.8510980134759313,0.17935558471874152,0.22709627998174634,0.9307803028419047,0.9133147942909361,0.9969412108834728,0.9999963604049273,-0.11396422935750028,-0.9912544461310403,24.65847600461279,0.18149560897720216
25,valid_unseen,additional20,reasoning_body,l1,0.6,10301,50,1.7325549181938635,1.12650717688405,1.7325549067684407,1.1164298690256962,0.11283293989348446,0.13911815198935984,0.9547339506073376,0.9444835452839722,0.9980029370797298,0.9999999968753996,-0.10514530884896035,-1.21624317785622,25.534025822735657,0.16765362586156685
25,valid_unseen,additional20,reasoning_body,l1,1.0,10301,50,1.0414662543298432,0.6817805287647727,1.0414579406892508,0.673171581120231,0.19584219794496488,0.23802065567610164,0.9243557918619709,0.9080251493105992,0.9979850110873665,0.9999973830719872,-0.12460535984725801,-0.8049920424032524,25.534025822735657,0.16765362586156685
25,valid_unseen,additional20,reasoning_body,l2,0.6,10301,50,2.3185475326782785,1.5768759462547628,2.318547456887339,1.552305635546516,0.11283293989348446,0.1581142558210634,0.9547339506073376,0.9373524138972824,0.9961998504952498,0.9999999891796247,-0.10514530884896035,-1.6652306426289905,23.545481021260073,0.2123094845160664
25,valid_unseen,additional20,reasoning_body,l2,1.0,10301,50,1.406313505616483,0.9576680130998788,1.4062867436514412,0.9378274645812531,0.19584219794496488,0.27368662011936484,0.9243557918619709,0.8959159789855197,0.9962093087545947,0.9999938732315621,-0.12460535984725801,-1.0852729477804346,23.545481021260073,0.2123094845160664
25,valid_unseen,additional20,reasoning_body,l3,0.6,10301,50,2.238067719750455,1.559359220850756,2.2380676827542194,1.5414007910281455,0.11283293989348446,0.14278007167679516,0.9547339506073376,0.9431685276568925,0.9969530329864762,0.9999999945608808,-0.10514530884896035,-1.6709720683883333,24.282885156780896,0.19842733715173283
25,valid_unseen,additional20,reasoning_body,l3,1.0,10301,50,1.3505319946627765,0.9426958356357417,1.3505097213504316,0.9274734354293928,0.19584219794496488,0.24820797912446296,0.9243557918619709,0.9051972921482395,0.9967490680016204,0.9999960174075424,-0.12460535984725801,-1.0805212525379961,24.282885156780896,0.19842733715173283
25,valid_unseen,additional20,reasoning_close_tag,l1,0.6,200,50,0.0022561377812737064,0.0004938514075117725,0.002256137780084258,0.0004938514072059169,5.175984227605965e-05,0.0024332508597741296,0.9999946254491806,0.9994910916686058,0.9999999979138374,0.999999997317791,-5.376064726867469e-06,-0.0005171144064310695,28.35,0.0
25,valid_unseen,additional20,reasoning_close_tag,l1,1.0,200,50,0.005926218343281335,0.002176165105251453,0.0059262110307353975,0.0021761621555404084,0.0014748713100860087,0.011389333328622313,0.9997888526320458,0.9972966307401657,0.9999999955296517,0.9999999836087227,-0.00021164370903200335,-0.00281147889949235,28.35,0.0
25,valid_unseen,additional20,reasoning_close_tag,l2,0.6,200,50,0.00779083943671078,0.0007179339102460044,0.007790839436571801,0.0007179339112021106,5.175984227605965e-05,0.0033768514727371894,0.9999946254491806,0.9992784029245376,0.9999999979138374,0.9999999955296517,-5.376064726867469e-06,-0.0007385119148175434,28.04,0.0
25,valid_unseen,additional20,reasoning_close_tag,l2,1.0,200,50,0.015819217379724235,0.003250199957174672,0.015819203475191335,0.0032501970934887543,0.0014748713100860087,0.015216071916555168,0.9997888526320458,0.9962940859794617,0.9999999955296517,0.9999999862909317,-0.00021164370903200335,-0.0038615610892618335,28.04,0.0
25,valid_unseen,additional20,reasoning_close_tag,l3,0.6,200,50,0.001015854195705615,0.00023851741043713387,0.0010158541918542754,0.0002385174095255144,5.175984227605965e-05,0.0015602139405240254,0.9999946254491806,0.9997443169355392,0.9999999979138374,0.9999999937415123,-5.376064726867469e-06,-0.0002567133936238264,28.04,0.0
25,valid_unseen,additional20,reasoning_close_tag,l3,1.0,200,50,0.004694105349593108,0.001696353308830975,0.004694100711629121,0.0016963496392686278,0.0014748713100860087,0.009936095583593157,0.9997888526320458,0.9978402039408684,0.9999999976158143,0.9999999848008155,-0.00021164370903200335,-0.002203818759445788,28.04,0.0
25,valid_unseen,additional20,special,l1,0.6,50,50,1.896569871027358e-12,-4.3288685726012696e-13,1.894172523993605e-12,-4.362868048199452e-13,5.013687870425443e-10,5.285586240910689e-10,1.0,1.0,1.0,1.0,0.0,0.0,28.66,0.0
25,valid_unseen,additional20,special,l1,1.0,50,50,3.548930751051671e-08,5.913949081559622e-09,2.9546455326823207e-08,-1.3359394257506096e-09,1.4561582775058923e-05,1.3702321812161245e-05,0.9999993097782135,0.9999993479251862,0.9999998188018799,0.9999998688697815,-6.628034350342204e-07,-6.175039345635014e-07,28.66,0.0
25,valid_unseen,additional20,special,l2,0.6,50,50,7.561200089439487e-12,-4.052238912531734e-12,7.558597198527782e-12,-4.056187700714025e-12,5.013687870425443e-10,6.349398978811038e-10,1.0,1.0,1.0,1.0,0.0,0.0,28.66,0.0
25,valid_unseen,additional20,special,l2,1.0,50,50,5.497446691649088e-08,7.191227844316472e-09,4.808468631267715e-08,-1.454710059078934e-09,1.4561582775058923e-05,1.4309927337308181e-05,0.9999993097782135,0.999999315738678,0.9999998164176941,0.9999998891353608,-6.628034350342204e-07,-6.532667032388418e-07,28.66,0.0
25,valid_unseen,additional20,special,l3,0.6,50,50,1.5444103247929396e-12,-1.5290897000463325e-13,1.5415209789597655e-12,-1.5657303836162477e-13,5.013687870425443e-10,5.215585335838213e-10,1.0,1.0,1.0,1.0,0.0,0.0,28.58,0.0
25,valid_unseen,additional20,special,l3,1.0,50,50,2.4748924660755732e-08,1.6329888055111043e-08,1.781847226656197e-08,8.42269260559192e-09,1.4561582775058923e-05,1.4087270301388344e-05,0.9999993097782135,0.999999315738678,0.9999998211860657,0.999999840259552,-6.628034350342204e-07,-6.43729962348516e-07,28.58,0.0
25,valid_unseen,additional20,tag_or_boundary,l1,0.6,500,50,0.0008508462861382379,0.0002308771771258668,0.000850846286137909,0.00023087717712371835,0.0005620652012120075,0.0003641477443316258,0.9999208379983902,0.9999243903160095,0.9999999982118607,0.9999999989271164,-7.928491154706307e-05,-7.682614606527238e-05,28.938,0.0
25,valid_unseen,additional20,tag_or_boundary,l1,1.0,500,50,0.0020144093074136553,0.0011301239217757655,0.0020144087878683752,0.0011301226797147596,0.005040646362689174,0.002349903387546114,0.9990074450969696,0.9995198014974594,1.000000011086464,1.000000011086464,-0.0010040137968795903,-0.0004962629367077511,28.938,0.0
25,valid_unseen,additional20,tag_or_boundary,l2,0.6,500,50,5.575836970944467e-05,0.0001379206230072621,5.5758369713690385e-05,0.0001379206230078973,0.0005620652012120075,8.631457410764754e-05,0.9999208379983902,0.9999909882545471,0.9999999982118607,0.9999999988079071,-7.928491154706307e-05,-9.013476104470896e-06,28.83,0.0
25,valid_unseen,additional20,tag_or_boundary,l2,1.0,500,50,0.0004187041748137681,0.0007277547406785914,0.00041870343447329266,0.000727753538323699,0.005040646362689174,0.0019979935063397635,0.9990074450969696,0.999693801522255,1.0000000103712081,1.0000000151395798,-0.0010040137968795903,-0.0003070142423722615,28.83,0.0
25,valid_unseen,additional20,tag_or_boundary,l3,0.6,500,50,5.8112322108599296e-05,0.00016708029836550397,5.8112322108100557e-05,0.0001670802983632102,0.0005620652012120075,7.786804240662934e-05,0.9999208379983902,0.999991683959961,0.9999999982118607,0.9999999983310699,-7.928491154706307e-05,-8.318490201475016e-06,28.978,0.0
25,valid_unseen,additional20,tag_or_boundary,l3,1.0,500,50,0.0004519791008725098,0.0008494107740812723,0.00045197844599386826,0.0008494093275481022,0.005040646362689174,0.0017856676805360293,0.9990074450969696,0.9997273639440537,1.0000000125169755,1.0000000118017196,-0.0010040137968795903,-0.00027342840361255585,28.978,0.0
25,valid_unseen,additional20,valid_reasoning_body,l1,0.6,10301,50,1.7325549181938635,1.12650717688405,1.7325549067684407,1.1164298690256962,0.11283293989348446,0.13911815198935984,0.9547339506073376,0.9444835452839722,0.9980029370797298,0.9999999968753996,-0.10514530884896035,-1.21624317785622,25.534025822735657,0.16765362586156685
25,valid_unseen,additional20,valid_reasoning_body,l1,1.0,10301,50,1.0414662543298432,0.6817805287647727,1.0414579406892508,0.673171581120231,0.19584219794496488,0.23802065567610164,0.9243557918619709,0.9080251493105992,0.9979850110873665,0.9999973830719872,-0.12460535984725801,-0.8049920424032524,25.534025822735657,0.16765362586156685
25,valid_unseen,additional20,valid_reasoning_body,l2,0.6,10301,50,2.3185475326782785,1.5768759462547628,2.318547456887339,1.552305635546516,0.11283293989348446,0.1581142558210634,0.9547339506073376,0.9373524138972824,0.9961998504952498,0.9999999891796247,-0.10514530884896035,-1.6652306426289905,23.545481021260073,0.2123094845160664
25,valid_unseen,additional20,valid_reasoning_body,l2,1.0,10301,50,1.406313505616483,0.9576680130998788,1.4062867436514412,0.9378274645812531,0.19584219794496488,0.27368662011936484,0.9243557918619709,0.8959159789855197,0.9962093087545947,0.9999938732315621,-0.12460535984725801,-1.0852729477804346,23.545481021260073,0.2123094845160664
25,valid_unseen,additional20,valid_reasoning_body,l3,0.6,10301,50,2.238067719750455,1.559359220850756,2.2380676827542194,1.5414007910281455,0.11283293989348446,0.14278007167679516,0.9547339506073376,0.9431685276568925,0.9969530329864762,0.9999999945608808,-0.10514530884896035,-1.6709720683883333,24.282885156780896,0.19842733715173283
25,valid_unseen,additional20,valid_reasoning_body,l3,1.0,10301,50,1.3505319946627765,0.9426958356357417,1.3505097213504316,0.9274734354293928,0.19584219794496488,0.24820797912446296,0.9243557918619709,0.9051972921482395,0.9967490680016204,0.9999960174075424,-0.12460535984725801,-1.0805212525379961,24.282885156780896,0.19842733715173283
26,valid_unseen,additional20,action_body,l1,0.6,70,11,5.057527071339665e-08,5.289100846520726e-08,5.057527080103648e-08,5.289101491081407e-08,9.15525639351701e-07,7.492960642749083e-07,0.9999999352863856,0.9999999472073147,0.9999999991485051,0.9999999982970101,-6.471351444555954e-08,-5.279263167575924e-08,29.82857142857143,0.0
26,valid_unseen,additional20,action_body,l1,1.0,70,11,4.390575722101935e-06,4.49888134574689e-06,4.390574740982215e-06,4.498880674633895e-06,0.0001253214044220498,0.00011040238542611089,0.9999865387167249,0.9999882255281721,1.0000000068119594,0.9999999948910304,-1.3466449166596054e-05,-1.1776021832738642e-05,29.82857142857143,0.0
26,valid_unseen,additional20,action_body,l2,0.6,70,11,2.7118569124316227e-07,1.511881493013058e-07,2.71185687968923e-07,1.5118815275357516e-07,9.15525639351701e-07,1.7146117228872205e-06,0.9999999352863856,0.9999998671667917,0.9999999991485051,1.0,-6.471351444555954e-08,-1.328326853971313e-07,28.67142857142857,0.0
26,valid_unseen,additional20,action_body,l2,1.0,70,11,1.5398557405449665e-05,1.178114419452236e-05,1.539855471846528e-05,1.1781141959019602e-05,0.0001253214044220498,0.00014391666690035757,0.9999865387167249,0.9999831174101148,1.0000000068119594,1.0000000034059797,-1.3466449166596054e-05,-1.6890803225473e-05,28.67142857142857,0.0
26,valid_unseen,additional20,action_body,l3,0.6,70,11,2.3687335029305013e-06,7.007042949887306e-07,2.3687337109870263e-06,7.007042886015765e-07,9.15525639351701e-07,7.235873957047968e-06,0.9999999352863856,0.9999993443489075,0.9999999991485051,0.9999999982970101,-6.471351444555954e-08,-6.556363318160103e-07,28.728571428571428,0.0
26,valid_unseen,additional20,action_body,l3,1.0,70,11,6.815811690203428e-05,3.336714490021737e-05,6.815811450518588e-05,3.3367144782119894e-05,0.0001253214044220498,0.00028598335568052194,0.9999865387167249,0.9999611394745963,1.0000000068119594,1.0000000017029897,-1.3466449166596054e-05,-3.8905090003688816e-05,28.728571428571428,0.0
26,valid_unseen,additional20,all_response,l1,0.6,1843,11,0.9430535994555119,0.7959751801516355,0.943053588756296,0.7953698766515155,0.08063159177959725,0.09159415357163525,0.9675093319062882,0.9608840026968016,0.9999358775948158,0.9999999928849583,-0.0718502043376849,-0.8868338594716003,27.139446554530657,0.12262615301139447
26,valid_unseen,additional20,all_response,l1,1.0,1843,11,0.5576205296400781,0.47521542068821665,0.5576179026255607,0.47394137512428813,0.13912679602966865,0.14960868477556444,0.9455946048219374,0.9391383427320067,0.9997889838720623,0.9999986688080393,-0.08695589422554956,-0.5801524264846338,27.139446554530657,0.12262615301139447
26,valid_unseen,additional20,all_response,l2,0.6,1843,11,1.8166938783253037,1.374062051559169,1.8166937769371558,1.3676448292905345,0.08063159177959725,0.10045787022388454,0.9675093319062882,0.9605765795487783,0.9989549309395281,0.9999999901036238,-0.0718502043376849,-1.5448784898515984,25.160065111231688,0.16983179598480738
26,valid_unseen,additional20,all_response,l2,1.0,1843,11,1.0747371339683995,0.8247727453525175,1.074712328556607,0.8186722843694494,0.13912679602966865,0.17203900982528197,0.9455946048219374,0.9339012530143663,0.9987336859567878,0.999995889090612,-0.08695589422554956,-0.9813475364739322,25.160065111231688,0.16983179598480738
26,valid_unseen,additional20,all_response,l3,0.6,1843,11,1.4071599861995525,1.1752251861387846,1.4071599373243,1.1629846883671588,0.08063159177959725,0.08725820770143926,0.9675093319062882,0.965287313002707,0.9985021535479982,0.9999999956986338,-0.0718502043376849,-1.2832408292018334,26.02767227346717,0.15138361367335865
26,valid_unseen,additional20,all_response,l3,1.0,1843,11,0.8438805145000985,0.7056017633897904,0.8438640896278898,0.695174677969292,0.13912679602966865,0.15131652336741425,0.9455946048219374,0.9416089721561707,0.9982358084852482,0.9999981535173148,-0.08695589422554956,-0.8175011941002569,26.02767227346717,0.15138361367335865
26,valid_unseen,additional20,reasoning_body,l1,0.6,1608,11,1.0806307640856472,0.9116049550489961,1.0806307518228113,0.9109111899055127,0.09163085984365192,0.10488305115943101,0.9629921773402252,0.9551837821467896,0.9999265069540461,0.9999999923640815,-0.08210551236650171,-1.0164231071228371,26.83271144278607,0.14054726368159204
26,valid_unseen,additional20,reasoning_body,l1,1.0,1608,11,0.638542018318745,0.5438164354473694,0.6385390075203804,0.5423561955686856,0.15773937047621098,0.1708127385204723,0.9382316669384342,0.9303824557779143,0.9997581451093379,0.9999984750033017,-0.09901648726104328,-0.6647967778219074,26.83271144278607,0.14054726368159204
26,valid_unseen,additional20,reasoning_body,l2,0.6,1608,11,2.0819917051479897,1.5742657894723762,2.0819915889425586,1.5669107268846225,0.09163085984365192,0.11505705551182875,0.9629921773402252,0.9548286975023166,0.9988022005574694,0.9999999883978521,-0.08210551236650171,-1.7706399402589592,24.6181592039801,0.19465174129353233
26,valid_unseen,additional20,reasoning_body,l2,1.0,1608,11,1.231394403012854,0.9445579813757682,1.2313659725750286,0.9375659730570289,0.15773937047621098,0.1965532208811935,0.9382316669384342,0.9243680655363187,0.9985486211079122,0.9999952891202115,-0.09901648726104328,-1.1246367000853827,24.6181592039801,0.19465174129353233
26,valid_unseen,additional20,reasoning_body,l3,0.6,1608,11,1.6125728313445562,1.3461736289380581,1.612572775326456,1.3321442524498086,0.09163085984365192,0.0999701658539578,0.9629921773402252,0.9602195175540684,0.9982832523406847,0.9999999956260273,-0.08210551236650171,-1.4707738647093929,25.611940298507463,0.17350746268656717
26,valid_unseen,additional20,reasoning_body,l3,1.0,1608,11,0.9666995678671458,0.8077378928584716,0.9666807427182815,0.7957869487307762,0.15773937047621098,0.1729659620208335,0.9382316669384342,0.9331600837298294,0.99797798184073,0.9999978836644349,-0.09901648726104328,-0.9368890009923887,25.611940298507463,0.17350746268656717
26,valid_unseen,additional20,reasoning_close_tag,l1,0.6,44,11,0.0014587738107629073,0.000161050435650749,0.0014587738104105427,0.00016105043565543218,1.257350698771487e-05,0.0010294700725233586,0.9999988864768635,0.9998359720815312,0.9999999945813959,0.9999999918720939,-1.1134995800561724e-06,-0.00016454092868979262,28.431818181818183,0.0
26,valid_unseen,additional20,reasoning_close_tag,l1,1.0,44,11,0.006406510442818586,0.0013782588151454928,0.006406509103463424,0.0013782584413343528,0.0006507945158501272,0.007675152877497168,0.9999180625785481,0.9984408264810388,1.0000000027093021,1.000000001354651,-8.20167391936234e-05,-0.0015866391125960242,28.431818181818183,0.0
26,valid_unseen,additional20,reasoning_close_tag,l2,0.6,44,11,5.5520205814350186e-05,1.4853597794809358e-05,5.552020530792702e-05,1.485359812747253e-05,1.257350698771487e-05,0.0001780060860177766,0.9999988864768635,0.9999815361066298,0.9999999945813959,1.0,-1.1134995800561724e-06,-1.8467164109026157e-05,28.363636363636363,0.0
26,valid_unseen,additional20,reasoning_close_tag,l2,1.0,44,11,0.0011233287339339681,0.0004322960116523698,0.0011233270145538572,0.00043229563870694846,0.0006507945158501272,0.004262078591022858,0.9999180625785481,0.9993522397496484,1.000000006773255,0.9999999796802347,-8.20167391936234e-05,-0.0006494200096807325,28.363636363636363,0.0
26,valid_unseen,additional20,reasoning_close_tag,l3,0.6,44,11,0.00024667949398254327,6.713454465881345e-05,0.00024667949400846193,6.713454464815528e-05,1.257350698771487e-05,0.0005135653252083019,0.9999988864768635,0.9999274895949797,0.9999999945813959,0.9999999905174429,-1.1134995800561724e-06,-7.260621217481338e-05,28.318181818181817,0.0
26,valid_unseen,additional20,reasoning_close_tag,l3,1.0,44,11,0.0016857076905007846,0.0006795446964728533,0.0016857072393065054,0.0006795443490229765,0.0006507945158501272,0.004766235022777482,0.9999180625785481,0.9990839944644407,1.000000006773255,1.000000005418604,-8.20167391936234e-05,-0.0009265148121078552,28.318181818181817,0.0
26,valid_unseen,additional20,special,l1,0.6,11,11,2.5310232456338957e-12,-6.606850680498175e-13,2.5285121462350286e-12,-6.640273507154298e-13,5.873490507089165e-10,6.245278915229978e-10,1.0,1.0,1.0,1.0,0.0,0.0,29.0,0.0
26,valid_unseen,additional20,special,l1,1.0,11,11,2.3150877538246174e-08,1.923987030300561e-08,1.7166376441547403e-08,1.2190209892020737e-08,1.537529186118098e-05,1.4758953677135816e-05,0.9999992630698464,0.9999992847442627,0.9999998428604819,0.9999998645348982,-7.15255499595845e-07,-6.935810936490518e-07,29.0,0.0
26,valid_unseen,additional20,special,l2,0.6,11,11,6.582558499399077e-12,-2.2211227885336116e-12,6.579742926538029e-12,-2.2249707852901127e-12,5.873490507089165e-10,6.851220752340288e-10,1.0,1.0,1.0,1.0,0.0,0.0,28.272727272727273,0.0
26,valid_unseen,additional20,special,l2,1.0,11,11,3.464010541036218e-08,3.332304775550587e-08,2.775620912907264e-08,2.505116130697099e-08,1.537529186118098e-05,1.502599579081024e-05,0.9999992630698464,0.9999992576512423,0.9999998428604819,0.9999998645348982,-7.15255499595845e-07,-7.152554840930944e-07,28.272727272727273,0.0
26,valid_unseen,additional20,special,l3,0.6,11,11,3.3841160298392033e-12,-1.462730538628885e-12,3.3802522462366375e-12,-1.4666979563275323e-12,5.873490507089165e-10,6.439500372328928e-10,1.0,1.0,1.0,1.0,0.0,0.0,28.09090909090909,0.0
26,valid_unseen,additional20,special,l3,1.0,11,11,3.444046266358343e-08,9.492174803747068e-09,2.6209283793770573e-08,1.1142923351702518e-09,1.537529186118098e-05,1.5859688325938556e-05,0.9999992630698464,0.9999992413954302,0.9999998374418779,0.9999998428604819,-7.15255499595845e-07,-7.369298952074711e-07,28.09090909090909,0.0
26,valid_unseen,additional20,tag_or_boundary,l1,0.6,110,11,0.0029938687165254165,0.01013090344678903,0.0029938687165247894,0.010130903446786783,0.011463488124021589,0.0010066329761215247,0.9966211915016174,0.9998265109278939,0.9999999956651168,0.9999999967488375,-0.0035837198644635103,-0.00017457505718961773,29.20909090909091,0.0
26,valid_unseen,additional20,tag_or_boundary,l1,1.0,110,11,0.005789787415254692,0.01185666916194624,0.0057897865138415,0.011856667749620109,0.02480182519740587,0.00651204780332393,0.9914444717493924,0.9986037498170679,1.0000000097534874,1.000000005418604,-0.009424020783214682,-0.001427810924347222,29.20909090909091,0.0
26,valid_unseen,additional20,tag_or_boundary,l2,0.6,110,11,0.0029244909403650047,0.008875521913803787,0.0029244909403643594,0.00887552191380153,0.011463488124021589,0.0011287023768804941,0.9966211915016174,0.9998082930391485,0.9999999956651168,1.0000000037930228,-0.0035837198644635103,-0.0001928273325543986,29.254545454545454,0.0
26,valid_unseen,additional20,tag_or_boundary,l2,1.0,110,11,0.0055257555885379825,0.010791723284499774,0.005525754876285729,0.010791722305360501,0.02480182519740587,0.0073867729126709265,0.9914444717493924,0.9984168301929127,1.0000000130046498,1.0000000075860458,-0.009424020783214682,-0.001617557088178113,29.254545454545454,0.0
26,valid_unseen,additional20,tag_or_boundary,l3,0.6,110,11,0.0033429277691876154,0.011725634110301577,0.003342927769187024,0.011725634110298852,0.011463488124021589,0.0003795155274437854,0.9966211915016174,0.9999524544585835,0.9999999956651168,0.9999999967488375,-0.0035837198644635103,-4.7574530871230536e-05,29.263636363636362,0.0
26,valid_unseen,additional20,tag_or_boundary,l3,1.0,110,11,0.006726731890005419,0.014084385815993616,0.006726731075977683,0.014084384314252536,0.02480182519740587,0.0047016182197524205,0.9914444717493924,0.9991541261022742,1.0000000113790686,1.0000000124627895,-0.009424020783214682,-0.0008517183340961248,29.263636363636362,0.0
26,valid_unseen,additional20,valid_reasoning_body,l1,0.6,1608,11,1.0806307640856472,0.9116049550489961,1.0806307518228113,0.9109111899055127,0.09163085984365192,0.10488305115943101,0.9629921773402252,0.9551837821467896,0.9999265069540461,0.9999999923640815,-0.08210551236650171,-1.0164231071228371,26.83271144278607,0.14054726368159204
26,valid_unseen,additional20,valid_reasoning_body,l1,1.0,1608,11,0.638542018318745,0.5438164354473694,0.6385390075203804,0.5423561955686856,0.15773937047621098,0.1708127385204723,0.9382316669384342,0.9303824557779143,0.9997581451093379,0.9999984750033017,-0.09901648726104328,-0.6647967778219074,26.83271144278607,0.14054726368159204
26,valid_unseen,additional20,valid_reasoning_body,l2,0.6,1608,11,2.0819917051479897,1.5742657894723762,2.0819915889425586,1.5669107268846225,0.09163085984365192,0.11505705551182875,0.9629921773402252,0.9548286975023166,0.9988022005574694,0.9999999883978521,-0.08210551236650171,-1.7706399402589592,24.6181592039801,0.19465174129353233
26,valid_unseen,additional20,valid_reasoning_body,l2,1.0,1608,11,1.231394403012854,0.9445579813757682,1.2313659725750286,0.9375659730570289,0.15773937047621098,0.1965532208811935,0.9382316669384342,0.9243680655363187,0.9985486211079122,0.9999952891202115,-0.09901648726104328,-1.1246367000853827,24.6181592039801,0.19465174129353233
26,valid_unseen,additional20,valid_reasoning_body,l3,0.6,1608,11,1.6125728313445562,1.3461736289380581,1.612572775326456,1.3321442524498086,0.09163085984365192,0.0999701658539578,0.9629921773402252,0.9602195175540684,0.9982832523406847,0.9999999956260273,-0.08210551236650171,-1.4707738647093929,25.611940298507463,0.17350746268656717
26,valid_unseen,additional20,valid_reasoning_body,l3,1.0,1608,11,0.9666995678671458,0.8077378928584716,0.9666807427182815,0.7957869487307762,0.15773937047621098,0.1729659620208335,0.9382316669384342,0.9331600837298294,0.99797798184073,0.9999978836644349,-0.09901648726104328,-0.9368890009923887,25.611940298507463,0.17350746268656717
27,valid_unseen,additional20,action_body,l1,0.6,301,50,1.182570375910538e-05,1.3618094372561204e-05,1.1825706904483686e-05,1.3618100563850544e-05,0.0006853451023053298,0.000504158825381732,0.9998280863429225,0.9998850236303386,0.9999999984158234,0.9999999980197792,-0.00017644680464374375,-0.00011699332534900584,29.837209302325583,0.0
27,valid_unseen,additional20,action_body,l1,1.0,301,50,2.9984654419314105e-05,3.029615384132895e-05,2.9984644793871277e-05,3.0296155177547318e-05,0.0017652811145062294,0.0015580345731997024,0.9994561389039125,0.9995605446571527,1.0000000071287947,1.0000000013861545,-0.0005844910070161138,-0.00046517212413694755,29.837209302325583,0.0
27,valid_unseen,additional20,action_body,l2,0.6,301,50,0.00017631852804575964,0.001816848282992831,0.00017631852804817608,0.0018168480849587527,0.0006853451023053298,4.812030142549351e-06,0.9998280863429225,0.9999996003914513,0.9999999984158234,0.9999999988118675,-0.00017644680464374375,-3.992072418519045e-07,29.083056478405314,0.0
27,valid_unseen,additional20,action_body,l2,1.0,301,50,0.0005559531988873217,0.0029435319257518962,0.0005559532328188607,0.0029435317161014894,0.0017652811145062294,0.0003181848734287738,0.9994561389039125,0.9999611866830591,1.0000000073268167,1.0000000005940661,-0.0005844910070161138,-3.883822738148875e-05,29.083056478405314,0.0
27,valid_unseen,additional20,action_body,l3,0.6,301,50,0.00017523360867358496,0.0011065894583823935,0.00017523359629537702,0.0011065894585725342,0.0006853451023053298,3.668177205675392e-06,0.9998280863429225,0.9999997025708424,0.9999999984158234,0.999999997227691,-0.00017644680464374375,-2.9703055672507917e-07,29.27574750830565,0.0
27,valid_unseen,additional20,action_body,l3,1.0,301,50,0.0005156836997002449,0.001717774846880516,0.0005156836426710656,0.0017177746374469412,0.0017652811145062294,0.0002748338270025713,0.9994561389039125,0.9999672641785834,1.0000000071287947,1.0000000007920884,-0.0005844910070161138,-3.275408690188557e-05,29.27574750830565,0.0
27,valid_unseen,additional20,all_response,l1,0.6,12218,50,0.9671524492141516,0.7749508796058503,0.9671524402499946,0.7682074565370857,0.09840834698374057,0.11072031397090992,0.9608282872577368,0.9562115766355617,0.9989882245129116,0.9999999946581203,-0.08812184799629749,-0.8479319237167967,26.846128662628907,0.12211491242429202
27,valid_unseen,additional20,all_response,l1,1.0,12218,50,0.5816512881908391,0.46780021790081033,0.5816431819935425,0.462090234694482,0.17204812791212418,0.19448444098518317,0.9337864416535717,0.9259189036012399,0.9988922652225043,0.9999971608568046,-0.10677376492025938,-0.5695955498864562,26.846128662628907,0.12211491242429202
27,valid_unseen,additional20,all_response,l2,0.6,12218,50,1.4792779728129173,1.2236986084376338,1.479277950718661,1.2050022755558336,0.09840834698374057,0.12099991404326933,0.9608282872577368,0.9512827090320191,0.9973421898081725,0.9999999958240648,-0.08812184799629749,-1.2976198370742715,25.298166639384515,0.16385660500900312
27,valid_unseen,additional20,all_response,l2,1.0,12218,50,0.889552050633887,0.738050257357634,0.8895389566308546,0.7231592382564958,0.17204812791212418,0.20820614167560234,0.9337864416535717,0.9195321949482705,0.997286341371807,0.9999970338469072,-0.10677376492025938,-0.8442217879386157,25.298166639384515,0.16385660500900312
27,valid_unseen,additional20,all_response,l3,0.6,12218,50,1.2646551206547478,1.0350516130596936,1.2646550973018547,1.0251611396689442,0.09840834698374057,0.11118337927054432,0.9608282872577368,0.955121236722956,0.9981389255966401,0.9999999959021197,-0.08812184799629749,-1.1189162918025277,26.067441479783927,0.14282206580455067
27,valid_unseen,additional20,all_response,l3,1.0,12218,50,0.7606233573848298,0.6233388837340904,0.7606107922952497,0.6150134856393267,0.17204812791212418,0.19361006232007524,0.9337864416535717,0.9254495649407822,0.9981548214223182,0.9999971654571631,-0.10677376492025938,-0.7320525741464825,26.067441479783927,0.14282206580455067
27,valid_unseen,additional20,reasoning_body,l1,0.6,11167,50,1.0564469213939578,0.8469558187566577,1.0564469115861437,0.8395777276797544,0.10739104694281666,0.12092827020539082,0.9572363206396985,0.9521734605381437,0.9988929998694854,0.9999999943581884,-0.0961581768890864,-0.9271494319316248,26.64036894421062,0.133339303304379
27,valid_unseen,additional20,reasoning_body,l1,1.0,11167,50,0.6352167035166653,0.5111419802767362,0.6352078346468035,0.5048945930571712,0.18753746851910907,0.21220401988905696,0.9277831048034902,0.91913098250703,0.9987880093456488,0.9999968940679865,-0.11647784510658749,-0.6227021003985859,26.64036894421062,0.133339303304379
27,valid_unseen,additional20,reasoning_body,l2,0.6,11167,50,1.6178359655396652,1.3380838894756335,1.6178359413660857,1.3176279214367492,0.10739104694281666,0.13218611136435696,0.9572363206396985,0.9467907268582328,0.9970920459908343,0.999999995617855,-0.0961581768890864,-1.4194070317864804,24.97412017551715,0.17909913136921285
27,valid_unseen,additional20,reasoning_body,l2,1.0,11167,50,0.9726859781856937,0.8068766166786364,0.9726716522061967,0.7905841057672287,0.18753746851910907,0.22730180255233134,0.9277831048034902,0.9121276103357091,0.9970309413539347,0.9999967554459547,-0.11647784510658749,-0.9233429866251514,24.97412017551715,0.17909913136921285
27,valid_unseen,additional20,reasoning_body,l3,0.6,11167,50,1.3833387156130548,1.1318408942548694,1.383338690062599,1.121019563200156,0.10739104694281666,0.12154109979505064,0.9572363206396985,0.9509417901264796,0.9979637678376595,0.9999999957726445,-0.0961581768890864,-1.223872091940872,25.808453479000626,0.156084892988269
27,valid_unseen,additional20,reasoning_body,l3,1.0,11167,50,0.8319203418390598,0.6815399571125611,0.8319065943303933,0.6724310010836989,0.18753746851910907,0.21145987278751127,0.9277831048034902,0.9185368116880643,0.997981159857741,0.9999968991066526,-0.11647784510658749,-0.8006539676603253,25.808453479000626,0.156084892988269
27,valid_unseen,additional20,reasoning_close_tag,l1,0.6,200,50,0.003682876984573805,0.000588821363222993,0.003682876978774856,0.0005888213619640784,1.7838109520020464e-05,0.002650568116071213,0.9999984532594681,0.9994143655896187,0.999999994635582,0.9999999961256981,-1.5455106614581382e-06,-0.0005968631078755137,28.47,0.0
27,valid_unseen,additional20,reasoning_close_tag,l1,1.0,200,50,0.007930271125806519,0.002423097646156225,0.00793026098812818,0.002423094878998502,0.0010220416440530698,0.010855877245038857,0.9998722919821739,0.9972952428460121,1.0000000026822091,0.9999999806284905,-0.00012781281338188676,-0.002833596356587904,28.47,0.0
27,valid_unseen,additional20,reasoning_close_tag,l2,0.6,200,50,0.020538541258014104,0.0025183759775228797,0.020538541251673745,0.0025183759775091663,1.7838109520020464e-05,0.005656023207648461,0.9999984532594681,0.9977969497442245,0.9999999943375587,0.999999994635582,-1.5455106614581382e-06,-0.0025265282848646107,28.21,0.0
27,valid_unseen,additional20,reasoning_close_tag,l2,1.0,200,50,0.01837117842264259,0.004668829939222693,0.018371161329157042,0.0046688270903588605,0.0010220416440530698,0.013330359492648904,0.9998722919821739,0.9955740922689438,1.0000000020861626,0.9999999696016312,-0.00012781281338188676,-0.005077431969381579,28.21,0.0
27,valid_unseen,additional20,reasoning_close_tag,l3,0.6,200,50,0.00020050948162732586,4.793839297118378e-05,0.00020050948166723314,4.793839177261416e-05,1.7838109520020464e-05,0.00039517256782721526,0.9999984532594681,0.9999486637115479,0.9999999943375587,0.9999999964237213,-1.5455106614581382e-06,-5.138731665926599e-05,28.55,0.0
27,valid_unseen,additional20,reasoning_close_tag,l3,1.0,200,50,0.0016752440899373625,0.0006348760648894519,0.0016752393914419952,0.0006348736436444053,0.0010220416440530698,0.005235275629545047,0.9998722919821739,0.9990936094522476,1.0000000020861626,0.9999999856948852,-0.00012781281338188676,-0.0009131298424617285,28.55,0.0
27,valid_unseen,additional20,special,l1,0.6,50,50,3.9388943851508896e-12,-1.1155426741041047e-12,3.936065561312575e-12,-1.1199363925660805e-12,5.451578705129024e-10,6.025064713810479e-10,1.0,1.0,1.0,1.0,0.0,0.0,28.24,0.0
27,valid_unseen,additional20,special,l1,1.0,50,50,3.514083878997098e-08,2.5886086767457072e-08,2.874206046499239e-08,1.7668281699911858e-08,1.5640829551557545e-05,1.453461505661835e-05,0.99999924659729,0.9999992954730987,0.9999997901916504,0.9999998676776886,-7.176396616159763e-07,-6.747243446625361e-07,28.24,0.0
27,valid_unseen,additional20,special,l2,0.6,50,50,8.633986961660697e-12,-4.205236460024268e-12,8.631140029714866e-12,-4.2097688612255815e-12,5.451578705129024e-10,6.891268439224163e-10,1.0,1.0,1.0,1.0,0.0,0.0,27.94,0.0
27,valid_unseen,additional20,special,l2,1.0,50,50,5.008101271464227e-08,2.2470616460879e-08,4.330372028960028e-08,1.3677977683812515e-08,1.5640829551557545e-05,1.5055345375003527e-05,0.99999924659729,0.9999992704391479,0.9999997913837433,0.9999998795986176,-7.176396616159763e-07,-7.033345571016981e-07,27.94,0.0
27,valid_unseen,additional20,special,l3,0.6,50,50,5.3333554372796505e-12,-2.9375874875789323e-12,5.329895032014774e-12,-2.9421771006381095e-12,5.451578705129024e-10,6.409086533709641e-10,1.0,1.0,1.0,1.0,0.0,0.0,28.04,0.0
27,valid_unseen,additional20,special,l3,1.0,50,50,4.240752193851449e-08,5.822828654800105e-09,3.495892931582034e-08,-2.8400700280428737e-09,1.5640829551557545e-05,1.5572108968626707e-05,0.99999924659729,0.9999992489814759,0.9999997901916504,0.9999998450279236,-7.176396616159763e-07,-7.152554815093026e-07,28.04,0.0
27,valid_unseen,additional20,tag_or_boundary,l1,0.6,500,50,0.03717143671647397,0.02054471129937679,0.03717143671647303,0.020544711299373783,0.005815011423905527,0.0033858745063972628,0.9979881529808045,0.9984474885463714,0.9999999982118607,0.9999999982118607,-0.005641915816009558,-0.012799899957729038,28.852,0.006
27,valid_unseen,additional20,tag_or_boundary,l1,1.0,500,50,0.0231108591637762,0.014333657191886505,0.023110858166870828,0.01433365565165959,0.014233151783375779,0.007775478539150895,0.995276188492775,0.9972294905185699,1.000000007867813,1.000000010728836,-0.007304466505391531,-0.00979460708962374,28.852,0.006
27,valid_unseen,additional20,tag_or_boundary,l2,0.6,500,50,0.006566529035612947,0.015432515176282616,0.0065665290356116965,0.015432515176274263,0.005815011423905527,0.0022439821556648346,0.9979881529808045,0.9988016449213027,0.9999999982118607,0.9999999986886978,-0.005641915816009558,-0.006590839190946283,28.828,0.004
27,valid_unseen,additional20,tag_or_boundary,l2,1.0,500,50,0.005442112287485347,0.010574191448428062,0.005442111150177187,0.010574189533416932,0.014233151783375779,0.005641623155849178,0.995276188492775,0.9980244681835174,1.0000000091791152,1.0000000067949295,-0.007304466505391531,-0.005406923047785653,28.828,0.004
27,valid_unseen,additional20,tag_or_boundary,l3,0.6,500,50,0.007439959391866154,0.01330134222756786,0.0074399593918652515,0.013301342227563944,0.005815011423905527,0.0022178556984611816,0.9979881529808045,0.9990293134450913,0.9999999982118607,0.9999999973773956,-0.005641915816009558,-0.007858471340071446,28.73,0.004
27,valid_unseen,additional20,tag_or_boundary,l3,1.0,500,50,0.0055029029581993355,0.009107509308233544,0.005502901946367654,0.009107507374059565,0.014233151783375779,0.00604956659051156,0.995276188492775,0.9980667549371719,1.000000007867813,1.0000000112056733,-0.007304466505391531,-0.0062459466948953804,28.73,0.004
27,valid_unseen,additional20,valid_reasoning_body,l1,0.6,11167,50,1.0564469213939578,0.8469558187566577,1.0564469115861437,0.8395777276797544,0.10739104694281666,0.12092827020539082,0.9572363206396985,0.9521734605381437,0.9988929998694854,0.9999999943581884,-0.0961581768890864,-0.9271494319316248,26.64036894421062,0.133339303304379
27,valid_unseen,additional20,valid_reasoning_body,l1,1.0,11167,50,0.6352167035166653,0.5111419802767362,0.6352078346468035,0.5048945930571712,0.18753746851910907,0.21220401988905696,0.9277831048034902,0.91913098250703,0.9987880093456488,0.9999968940679865,-0.11647784510658749,-0.6227021003985859,26.64036894421062,0.133339303304379
27,valid_unseen,additional20,valid_reasoning_body,l2,0.6,11167,50,1.6178359655396652,1.3380838894756335,1.6178359413660857,1.3176279214367492,0.10739104694281666,0.13218611136435696,0.9572363206396985,0.9467907268582328,0.9970920459908343,0.999999995617855,-0.0961581768890864,-1.4194070317864804,24.97412017551715,0.17909913136921285
27,valid_unseen,additional20,valid_reasoning_body,l2,1.0,11167,50,0.9726859781856937,0.8068766166786364,0.9726716522061967,0.7905841057672287,0.18753746851910907,0.22730180255233134,0.9277831048034902,0.9121276103357091,0.9970309413539347,0.9999967554459547,-0.11647784510658749,-0.9233429866251514,24.97412017551715,0.17909913136921285
27,valid_unseen,additional20,valid_reasoning_body,l3,0.6,11167,50,1.3833387156130548,1.1318408942548694,1.383338690062599,1.121019563200156,0.10739104694281666,0.12154109979505064,0.9572363206396985,0.9509417901264796,0.9979637678376595,0.9999999957726445,-0.0961581768890864,-1.223872091940872,25.808453479000626,0.156084892988269
27,valid_unseen,additional20,valid_reasoning_body,l3,1.0,11167,50,0.8319203418390598,0.6815399571125611,0.8319065943303933,0.6724310010836989,0.18753746851910907,0.21145987278751127,0.9277831048034902,0.9185368116880643,0.997981159857741,0.9999968991066526,-0.11647784510658749,-0.8006539676603253,25.808453479000626,0.156084892988269
28,valid_unseen,additional20,action_body,l1,0.6,300,50,2.2997203882082794e-07,3.1948432453325765e-07,2.2997202544545645e-07,3.1948431224367976e-07,3.0889018414863576e-05,2.4916136220797493e-05,0.999996773203214,0.9999973499774932,0.9999999992052714,0.9999999984105428,-3.227622815037042e-06,-2.6510597058641377e-06,29.683333333333334,0.0
28,valid_unseen,additional20,action_body,l1,1.0,300,50,7.639640314634701e-06,9.653660675193953e-06,7.639143375890173e-06,9.653208063472837e-06,0.0008123561604206741,0.0006655098004734046,0.9998807573318481,0.999903624256452,0.999999998609225,0.9999999982118607,-0.00011959157159021554,-9.669550813377725e-05,29.683333333333334,0.0
28,valid_unseen,additional20,action_body,l2,0.6,300,50,6.389542947254783e-05,9.289693297816135e-06,6.389543567438915e-05,9.289694068812586e-06,3.0889018414863576e-05,7.269508791624118e-05,0.999996773203214,0.9999904543161392,0.9999999992052714,0.9999999994039536,-3.227622815037042e-06,-9.557638569646088e-06,28.79,0.0
28,valid_unseen,additional20,action_body,l2,1.0,300,50,0.00040021252658620915,0.00011261957633724434,0.00040020944149768845,0.00011261763848137129,0.0008123561604206741,0.0010057009398688733,0.9998807573318481,0.9998311497767767,0.9999999966224035,0.9999999982118607,-0.00011959157159021554,-0.0001709035037975326,28.79,0.0
28,valid_unseen,additional20,action_body,l3,0.6,300,50,0.002704303249341537,8.213246010655078e-05,0.0027043032489585434,8.213245934051783e-05,3.0889018414863576e-05,0.0003782352407709104,0.999996773203214,0.9999221813678741,0.9999999992052714,0.9999999980131785,-3.227622815037042e-06,-7.871174986545289e-05,28.993333333333332,0.0
28,valid_unseen,additional20,action_body,l3,1.0,300,50,0.00668183756610739,0.0004054893866490662,0.0066818347775811525,0.00040548186676370217,0.0008123561604206741,0.0016208066089273031,0.9998807573318481,0.9996059030294419,0.9999999938408534,1.0,-0.00011959157159021554,-0.0004105383425324997,28.993333333333332,0.0
28,valid_unseen,additional20,all_response,l1,0.6,12009,50,1.0367220337336607,0.8659975119173793,1.0367220220770619,0.8610695882622053,0.10646339278974373,0.12283097596379922,0.9573804115745803,0.9511044461995758,0.9993356051811083,0.999999996615008,-0.09847059914587827,-0.9520171926473138,26.701473894579067,0.1332334082771255
28,valid_unseen,additional20,all_response,l1,1.0,12009,50,0.6286260300055803,0.5238306869371631,0.6286194777453521,0.5195907096415837,0.1858344536033727,0.21378840782864794,0.9284397267634669,0.9183636493406999,0.9992488625816064,0.99999720374356,-0.11735157959220212,-0.6383067181072863,26.701473894579067,0.1332334082771255
28,valid_unseen,additional20,all_response,l2,0.6,12009,50,1.631022323414111,1.3402544270781171,1.631022282832613,1.3276337222144454,0.10646339278974373,0.13586000207987897,0.9573804115745803,0.9456778728715763,0.9983297226215092,0.9999999916566402,-0.09847059914587827,-1.4137592973786548,24.951786160379715,0.1797818302939462
28,valid_unseen,additional20,all_response,l2,1.0,12009,50,0.993186158881719,0.8135389951291065,0.9931694733033477,0.8027702712946954,0.1858344536033727,0.23369129795243668,0.9284397267634669,0.9103347919983713,0.9981096231540082,0.9999953502123278,-0.11735157959220212,-0.9219510244161906,24.951786160379715,0.1797818302939462
28,valid_unseen,additional20,all_response,l3,0.6,12009,50,1.4268798667391471,1.1574821864755638,1.4268798192380958,1.144534136607588,0.10646339278974373,0.12823005832427808,0.9573804115745803,0.9488282839923747,0.9982671275887284,0.9999999943020957,-0.09847059914587827,-1.2318212790313365,25.702722957781663,0.1627945707386127
28,valid_unseen,additional20,all_response,l3,1.0,12009,50,0.8611262074185938,0.7009876069197327,0.8611080905750133,0.6899322146458547,0.1858344536033727,0.22328370917312637,0.9284397267634669,0.9146689990533362,0.9981025147824274,0.9999961149326242,-0.11735157959220212,-0.8091789642732683,25.702722957781663,0.1627945707386127
28,valid_unseen,additional20,reasoning_body,l1,0.6,10959,50,1.1336202798667445,0.948332241153712,1.133620267093355,0.9429321649447052,0.11631569879331681,0.13426487984922547,0.9534145413371635,0.946560203642923,0.9992719486161971,0.999999996568069,-0.10777287597401528,-1.0425196403703751,26.475408340177022,0.14572497490646957
28,valid_unseen,additional20,reasoning_body,l1,1.0,10959,50,0.6873216547397047,0.5735095001369617,0.6873144749070268,0.5688632837122474,0.2028628304255348,0.23353824360748168,0.921847097021579,0.9107958366223328,0.9991768956569389,0.9999969362374999,-0.12829610300068472,-0.6988342040320411,26.475408340177022,0.14572497490646957
28,valid_unseen,additional20,reasoning_body,l2,0.6,10959,50,1.7871506601203906,1.4684151596364488,1.7871506156505312,1.4545852440685976,0.11631569879331681,0.14870674284887456,0.9534145413371635,0.9405285442889264,0.9981696907771402,0.9999999909986598,-0.10777287597401528,-1.5489585776553658,24.590108586549867,0.19691577698695137
28,valid_unseen,additional20,reasoning_body,l2,1.0,10959,50,1.088117909110433,0.8912203907428574,1.0880996252133988,0.87941989777614,0.2028628304255348,0.2555607569939733,0.921847097021579,0.9018880093181445,0.9979285037578177,0.999994905306721,-0.12829610300068472,-1.0100047224853237,24.590108586549867,0.19691577698695137
28,valid_unseen,additional20,reasoning_body,l3,0.6,10959,50,1.5633747358464654,1.2679365390856863,1.5633746837942453,1.253747915044781,0.11631569879331681,0.14042139143951735,0.9534145413371635,0.9439468320262988,0.9981010984102577,0.9999999940335528,-0.10777287597401528,-1.3493276275411332,25.404325212154394,0.17830093986677617
28,valid_unseen,additional20,reasoning_body,l3,1.0,10959,50,0.9432504398864577,0.7677796535246191,0.9432305874262801,0.7556650260913417,0.2028628304255348,0.24425066311224128,0.921847097021579,0.9065944415729013,0.9979207143866108,0.9999957431982399,-0.12829610300068472,-0.8863040464105123,25.404325212154394,0.17830093986677617
28,valid_unseen,additional20,reasoning_close_tag,l1,0.6,200,50,0.0007847852123673341,0.00014517071574407744,0.0007847852097617383,0.00014517071335437123,0.00020925689668017266,0.0011553479481944135,0.9999658152461052,0.9998179689049721,0.9999999955296517,0.9999999952316284,-3.429615344693104e-05,-0.00018267229585550382,28.63,0.0
28,valid_unseen,additional20,reasoning_close_tag,l1,1.0,200,50,0.004158664761764654,0.001313834670203009,0.004158656364421898,0.0013138329736930203,0.0015331278379506297,0.008675802092235884,0.9996942514181137,0.998223421573639,0.9999999991059303,0.9999999955296517,-0.00031160518629711473,-0.0018067623130454534,28.63,0.0
28,valid_unseen,additional20,reasoning_close_tag,l2,0.6,200,50,0.001061062159276724,0.00019478950116347566,0.001061062159874077,0.00019478950129763948,0.00020925689668017266,0.0009569012642770502,0.9999658152461052,0.999839506149292,0.9999999955296517,0.9999999967217446,-3.429615344693104e-05,-0.0001615057019256483,28.58,0.0
28,valid_unseen,additional20,reasoning_close_tag,l2,1.0,200,50,0.004433987242451068,0.0013529482183549859,0.004433976611257232,0.0013529465462700648,0.0015331278379506297,0.007438074323975541,0.9996942514181137,0.9985141792893409,1.0000000017881394,0.9999999785423279,-0.00031160518629711473,-0.001514419968957803,28.58,0.0
28,valid_unseen,additional20,reasoning_close_tag,l3,0.6,200,50,0.00020364716486057275,0.00022839398531078296,0.0002036471662190828,0.00022839398529156968,0.00020925689668017266,0.00031165145891028274,0.9999658152461052,0.9999581041932106,0.9999999955296517,0.9999999964237213,-3.429615344693104e-05,-4.1954397998758e-05,28.525,0.0
28,valid_unseen,additional20,reasoning_close_tag,l3,1.0,200,50,0.0015995813050795503,0.001223122298264603,0.001599579097973545,0.0012231211703105154,0.0015331278379506297,0.004149878665130055,0.9996942514181137,0.9992901507019997,1.000000001490116,0.9999999979138374,-0.00031160518629711473,-0.0007156479672896054,28.525,0.0
28,valid_unseen,additional20,special,l1,0.6,50,50,2.430377789820683e-12,-1.1077196211212387e-12,2.4272323524697526e-12,-1.1121597993911933e-12,5.562419025384458e-10,5.975370065414154e-10,1.0,1.0,1.0,1.0,0.0,0.0,28.48,0.0
28,valid_unseen,additional20,special,l1,1.0,50,50,3.180280081060971e-08,1.3124102808959038e-08,2.4974372170305515e-08,4.880680410934701e-09,1.5849147512199125e-05,1.5093685979081784e-05,0.9999992275238037,0.9999992704391479,0.9999997818470001,0.9999998438358307,-7.390973235033015e-07,-7.057187474401871e-07,28.48,0.0
28,valid_unseen,additional20,special,l2,0.6,50,50,2.964022639118493e-12,-1.0234866159610206e-12,2.9612085914988924e-12,-1.0281931107408357e-12,5.562419025384458e-10,6.021904996877936e-10,1.0,1.0,1.0,1.0,0.0,0.0,27.8,0.0
28,valid_unseen,additional20,special,l2,1.0,50,50,5.9136997565545355e-08,5.117914341212782e-09,5.2249273885252025e-08,-3.981912310990765e-09,1.5849147512199125e-05,1.447437287424691e-05,0.9999992275238037,0.999999315738678,0.9999997806549072,0.9999998831748962,-7.390973235033015e-07,-6.604192481063364e-07,27.8,0.0
28,valid_unseen,additional20,special,l3,0.6,50,50,1.564649750840602e-12,-1.839067467784188e-13,1.5607871747558852e-12,-1.8849972445575055e-13,5.562419025384458e-10,5.775092914994673e-10,1.0,1.0,1.0,1.0,0.0,0.0,28.06,0.0
28,valid_unseen,additional20,special,l3,1.0,50,50,2.5740157303388856e-08,1.868351866107787e-08,1.7805065404274956e-08,1.0051007475198049e-08,1.5849147512199125e-05,1.5621576294506668e-05,0.9999992275238037,0.9999992442131043,0.9999997794628144,0.9999998271465301,-7.390973235033015e-07,-7.319447740883334e-07,28.06,0.0
28,valid_unseen,additional20,tag_or_boundary,l1,0.6,500,50,0.0529864600273538,0.0139239196477871,0.05298646002735332,0.013923919647784054,0.0075280456468012,0.006859655242441306,0.9974384181499482,0.9969944478273391,0.9999999977350235,0.9999999967813492,-0.002885299652170133,-0.015528795811123203,28.918,0.006
28,valid_unseen,additional20,tag_or_boundary,l1,1.0,500,50,0.03195590722000254,0.010652887477957368,0.03195590694642356,0.010652886164135959,0.015922139632750024,0.012207619753907193,0.994414607167244,0.9952035125494003,1.0000000054836273,1.0000000095367432,-0.006359782149296834,-0.01302187872455569,28.918,0.006
28,valid_unseen,additional20,tag_or_boundary,l2,0.6,500,50,0.002663233119702808,0.005423871034176473,0.0026632331197020565,0.005423871034174227,0.0075280456468012,0.0033047625742207215,0.9974384181499482,0.9988564418554307,0.9999999977350235,0.9999999985694885,-0.002885299652170133,-0.005526362526315381,28.84,0.002
28,valid_unseen,additional20,tag_or_boundary,l2,1.0,500,50,0.0029631038120255847,0.005202309163996727,0.0029631028381948174,0.005202307695152215,0.015922139632750024,0.007836824696917849,0.994414607167244,0.9975353528261185,1.0000000067949295,1.000000008225441,-0.006359782149296834,-0.005427820862956949,28.84,0.002
28,valid_unseen,additional20,tag_or_boundary,l3,0.6,500,50,0.0030491382423050565,0.009633454019850414,0.00304913824230454,0.00963345401984711,0.0075280456468012,0.0017218814753910863,0.9974384181499482,0.9995945100784301,0.9999999977350235,0.9999999965429306,-0.002885299652170133,-0.011256530518971885,28.904,0.002
28,valid_unseen,additional20,tag_or_boundary,l3,1.0,500,50,0.00371717071268884,0.007393352625893268,0.0037171699352122733,0.007393350900826601,0.015922139632750024,0.006708095237007564,0.994414607167244,0.9983035223484039,1.0000000072717667,1.0000000071525574,-0.006359782149296834,-0.008315619302833057,28.904,0.002
28,valid_unseen,additional20,valid_reasoning_body,l1,0.6,10959,50,1.1336202798667445,0.948332241153712,1.133620267093355,0.9429321649447052,0.11631569879331681,0.13426487984922547,0.9534145413371635,0.946560203642923,0.9992719486161971,0.999999996568069,-0.10777287597401528,-1.0425196403703751,26.475408340177022,0.14572497490646957
28,valid_unseen,additional20,valid_reasoning_body,l1,1.0,10959,50,0.6873216547397047,0.5735095001369617,0.6873144749070268,0.5688632837122474,0.2028628304255348,0.23353824360748168,0.921847097021579,0.9107958366223328,0.9991768956569389,0.9999969362374999,-0.12829610300068472,-0.6988342040320411,26.475408340177022,0.14572497490646957
28,valid_unseen,additional20,valid_reasoning_body,l2,0.6,10959,50,1.7871506601203906,1.4684151596364488,1.7871506156505312,1.4545852440685976,0.11631569879331681,0.14870674284887456,0.9534145413371635,0.9405285442889264,0.9981696907771402,0.9999999909986598,-0.10777287597401528,-1.5489585776553658,24.590108586549867,0.19691577698695137
28,valid_unseen,additional20,valid_reasoning_body,l2,1.0,10959,50,1.088117909110433,0.8912203907428574,1.0880996252133988,0.87941989777614,0.2028628304255348,0.2555607569939733,0.921847097021579,0.9018880093181445,0.9979285037578177,0.999994905306721,-0.12829610300068472,-1.0100047224853237,24.590108586549867,0.19691577698695137
28,valid_unseen,additional20,valid_reasoning_body,l3,0.6,10959,50,1.5633747358464654,1.2679365390856863,1.5633746837942453,1.253747915044781,0.11631569879331681,0.14042139143951735,0.9534145413371635,0.9439468320262988,0.9981010984102577,0.9999999940335528,-0.10777287597401528,-1.3493276275411332,25.404325212154394,0.17830093986677617
28,valid_unseen,additional20,valid_reasoning_body,l3,1.0,10959,50,0.9432504398864577,0.7677796535246191,0.9432305874262801,0.7556650260913417,0.2028628304255348,0.24425066311224128,0.921847097021579,0.9065944415729013,0.9979207143866108,0.9999957431982399,-0.12829610300068472,-0.8863040464105123,25.404325212154394,0.17830093986677617
29,valid_unseen,additional20,action_body,l1,0.6,237,50,0.0781771897075851,0.09183126492144598,0.07817718958968548,0.09183126403912292,0.007432801513514006,0.004588852115984644,0.9967690947689588,0.9987869831077157,0.999999996730547,0.9999999997485036,-0.0091172866419383,-0.08213189606361512,29.940928270042193,0.016877637130801686
29,valid_unseen,additional20,action_body,l1,1.0,237,50,0.044404719756154766,0.0511342709166032,0.04440472159595391,0.05113426991894784,0.01293087168126737,0.010803134376097688,0.994695012327991,0.9964605974748668,1.000000004526935,1.0000000030179568,-0.009485908763688516,-0.05235814131437904,29.940928270042193,0.016877637130801686
29,valid_unseen,additional20,action_body,l2,0.6,237,50,0.07536208010441889,0.10799582420492461,0.07536208186383844,0.1079958237039063,0.007432801513514006,0.009224069739624502,0.9967690947689588,0.9954165859061455,0.9999999972335397,0.9999999982395252,-0.0091172866419383,-0.09017386115917467,28.780590717299578,0.02109704641350211
29,valid_unseen,additional20,action_body,l2,1.0,237,50,0.04885193889265718,0.058190445571737665,0.04885193360894432,0.05819043812903672,0.01293087168126737,0.015223012445520372,0.994695012327991,0.9933764705678079,1.0000000010059855,1.0000000002514964,-0.009485908763688516,-0.058915419487289504,28.780590717299578,0.02109704641350211
29,valid_unseen,additional20,action_body,l3,0.6,237,50,0.10246457510082024,0.36939966425142623,0.10246457522657096,0.36939966220752646,0.007432801513514006,0.0026605928253476663,0.9967690947689588,0.9992633011773668,0.999999996730547,0.9999999972335397,-0.0091172866419383,-0.3181052849338119,29.059071729957807,0.02109704641350211
29,valid_unseen,additional20,action_body,l3,1.0,237,50,0.06640457608559301,0.21131303278287955,0.06640457410384117,0.21131295906638906,0.01293087168126737,0.006351430941786508,0.994695012327991,0.9979439194192363,0.999999983904231,1.000000001257482,-0.009485908763688516,-0.19264142890054314,29.059071729957807,0.02109704641350211
29,valid_unseen,additional20,all_response,l1,0.6,12193,50,1.39321032999793,0.9100174574532726,1.3932103104045992,0.8993999771921987,0.11672478083416389,0.1389643146272278,0.9532321099010727,0.9441707783137218,0.9981461090775812,0.9999999935766011,-0.10082562810211082,-1.0015165334001521,26.117198392520297,0.1464774870827524
29,valid_unseen,additional20,all_response,l1,1.0,12193,50,0.8363995838072101,0.5497345343674521,0.8363881559208174,0.5403296392891042,0.2005266011880126,0.23794516918972616,0.9224606117425047,0.9084514662321544,0.998028069361042,0.9999962284822494,-0.12376357770770552,-0.6760712228570691,26.117198392520297,0.1464774870827524
29,valid_unseen,additional20,all_response,l2,0.6,12193,50,2.0195629443807306,1.4320608254728202,2.0195626177223374,1.4148022759645968,0.11672478083416389,0.16493737988022236,0.9532321099010727,0.9342860474047195,0.9976043557365616,0.9999999731234038,-0.10082562810211082,-1.527175563380137,23.968506520134504,0.2046256048552448
29,valid_unseen,additional20,all_response,l2,1.0,12193,50,1.2341934178244947,0.8680015674976331,1.2341232279566912,0.8532041026101509,0.2005266011880126,0.28321696395491475,0.9224606117425047,0.8921980506480889,0.9973389275720372,0.9999876707550305,-0.12376357770770552,-1.0057064891978067,23.968506520134504,0.2046256048552448
29,valid_unseen,additional20,all_response,l3,0.6,12193,50,1.937263042944262,1.410851566121035,1.937262959690084,1.3910289630772574,0.11672478083416389,0.14391426132664814,0.9532321099010727,0.9427182310122046,0.99630971599299,0.9999999916261169,-0.10082562810211082,-1.51407078433267,24.761994587058147,0.18879685065201346
29,valid_unseen,additional20,all_response,l3,1.0,12193,50,1.1716560496232187,0.848706623122939,1.1716218215829148,0.8313369965212365,0.2005266011880126,0.24932465928509018,0.9224606117425047,0.904785471711481,0.9961070259228174,0.9999940052773948,-0.12376357770770552,-0.9868449403532153,24.761994587058147,0.18879685065201346
29,valid_unseen,additional20,reasoning_body,l1,0.6,11206,50,1.5142044801109538,0.9880984037226783,1.5142044587943866,0.9765457590132067,0.12673893780370493,0.15107466272026882,0.9492121416528204,0.9392854659744145,0.9979828226490765,0.9999999932448779,-0.1093317408451494,-1.0874266737969653,25.858290201677672,0.1590219525254328
29,valid_unseen,additional20,reasoning_body,l1,1.0,11206,50,0.9089779793453967,0.5968860820630422,0.908965545095719,0.5866528245751667,0.21753039127804258,0.25842832614427497,0.9158458694012468,0.9005114482664198,0.9978543869489558,0.9999958964015849,-0.13426415440717296,-0.7341262896295406,25.858290201677672,0.1590219525254328
29,valid_unseen,additional20,reasoning_body,l2,0.6,11206,50,2.1954274230546504,1.5557512446175075,2.195427067582289,1.5369725997814225,0.12673893780370493,0.1791393355698888,0.9492121416528204,0.9286454634838353,0.997393352846626,0.9999999708838279,-0.1093317408451494,-1.6592348624374111,23.560146350169553,0.22220239157594146
29,valid_unseen,additional20,reasoning_body,l2,1.0,11206,50,1.3414353496755225,0.9429851536896949,1.3413589782289186,0.9268843607666679,0.21753039127804258,0.3074058244562461,0.9158458694012468,0.8829663675674025,0.9971045471842918,0.9999865858379952,-0.13426415440717296,-1.0926121237724693,23.560146350169553,0.22220239157594146
29,valid_unseen,additional20,reasoning_body,l3,0.6,11206,50,2.10511935267148,1.527085158489895,2.105119262081653,1.5055166239165962,0.12673893780370493,0.15645659805257056,0.9492121416528204,0.937718645480197,0.995984684073276,0.9999999910481334,-0.1093317408451494,-1.6401061009975944,24.409066571479563,0.204890237372836
29,valid_unseen,additional20,reasoning_body,l3,1.0,11206,50,1.2730457738743275,0.9187230844468658,1.2730085313893438,0.8998235808164617,0.21753039127804258,0.27084584752360863,0.9158458694012468,0.896521261351174,0.9957641426214968,0.9999934777646708,-0.13426415440717296,-1.069267560902474,24.409066571479563,0.204890237372836
29,valid_unseen,additional20,reasoning_close_tag,l1,0.6,200,50,0.0017579510270687708,0.0003067868415015607,0.0017579510266292379,0.000306786842400113,5.402266511884689e-05,0.0014789278478392056,0.9999943998456001,0.9996839344501496,0.999999997317791,0.9999999988079071,-5.6001451508436165e-06,-0.0003229381195281888,28.655,0.0
29,valid_unseen,additional20,reasoning_close_tag,l1,1.0,200,50,0.003981305606007355,0.0013547759391675613,0.003981296501397005,0.0013547708878431147,0.0015797299654732302,0.00835247344583701,0.9997753661870956,0.9981724378466607,0.999999980032444,0.999999980032444,-0.0002251489842501897,-0.0018959977576562892,28.655,0.0
29,valid_unseen,additional20,reasoning_close_tag,l2,0.6,200,50,0.021917667717074717,0.0033084816493801606,0.021917668019717042,0.003308481640103883,5.402266511884689e-05,0.006883087309751686,0.9999943998456001,0.9972278383374215,0.999999997317791,0.9999999979138374,-5.6001451508436165e-06,-0.003336541556644974,28.245,0.0
29,valid_unseen,additional20,reasoning_close_tag,l2,1.0,200,50,0.02057473928817025,0.005954838812534128,0.020574716226313666,0.005954833709351833,0.0015797299654732302,0.018235327052636374,0.9997753661870956,0.9941276115179062,0.999999980032444,0.9999999344348908,-0.0002251489842501897,-0.006737131703981909,28.245,0.0
29,valid_unseen,additional20,reasoning_close_tag,l3,0.6,200,50,0.032334205895183626,0.006077193942392105,0.03233420590315719,0.006077193942430972,5.402266511884689e-05,0.0039563278380640885,0.9999943998456001,0.9983614856004714,0.999999997317791,0.9999999988079071,-5.6001451508436165e-06,-0.006095096535621209,28.31,0.005
29,valid_unseen,additional20,reasoning_close_tag,l3,1.0,200,50,0.0187638585022355,0.005950768286686922,0.018763848205118918,0.0059507636428022025,0.0015797299654732302,0.012091817283775133,0.9997753661870956,0.9964413392543793,0.9999999812245369,0.999999980032444,-0.0002251489842501897,-0.006559088661086818,28.31,0.005
29,valid_unseen,additional20,special,l1,0.6,50,50,2.470783058808627e-12,-7.245572139502349e-13,2.4683351761459973e-12,-7.284996881880003e-13,4.810063730653624e-10,5.174170347732599e-10,1.0,1.0,1.0,1.0,0.0,0.0,28.32,0.0
29,valid_unseen,additional20,special,l1,1.0,50,50,6.520669510123866e-08,-1.121907516221654e-08,5.9110944974349875e-08,-1.919320347099074e-08,1.4923674680176191e-05,1.3588880538009107e-05,0.9999992907047272,0.9999993765354156,0.9999997985363006,0.9999998915195465,-6.818769043093198e-07,-5.936620868851606e-07,28.32,0.0
29,valid_unseen,additional20,special,l2,0.6,50,50,6.706872873643143e-12,-2.814240731863768e-12,6.704237667543587e-12,-2.8189093568338918e-12,4.810063730653624e-10,5.880535208779847e-10,1.0,1.0,1.0,1.0,0.0,0.0,28.1,0.0
29,valid_unseen,additional20,special,l2,1.0,50,50,7.642033835963958e-08,2.8303604437951436e-09,6.926565024656383e-08,-6.906811762519282e-09,1.4923674680176191e-05,1.3854320677637588e-05,0.9999992907047272,0.9999993550777435,0.999999793767929,0.999999897480011,-6.818769043093198e-07,-6.175039322897647e-07,28.1,0.0
29,valid_unseen,additional20,special,l3,0.6,50,50,5.535841425122537e-12,-2.3712215228995604e-12,5.53273772833552e-12,-2.375486934843565e-12,4.810063730653624e-10,5.698939065101882e-10,1.0,1.0,1.0,1.0,0.0,0.0,28.12,0.0
29,valid_unseen,additional20,special,l3,1.0,50,50,3.8834520701414023e-08,1.8585582557406612e-08,3.143739411015645e-08,9.79797665223714e-09,1.4923674680176191e-05,1.460422769014258e-05,0.9999992907047272,0.9999992907047272,0.999999793767929,0.9999998426437378,-6.818769043093198e-07,-6.747243492100096e-07,28.12,0.0
29,valid_unseen,additional20,tag_or_boundary,l1,0.6,500,50,0.0007171307503528599,0.0027735589135455567,0.0007171307503451668,0.00277355891354257,0.0024326743337313747,0.00013174851905926188,0.9993094024658203,0.9999841327667236,0.9999999973773956,0.9999999953508377,-0.004066957150246239,-0.012515876376558396,28.872,0.0
29,valid_unseen,additional20,tag_or_boundary,l1,1.0,500,50,0.0017854117060985164,0.0036359302195559454,0.0017854110516767586,0.0036359289480591746,0.007987949716806761,0.0021722163545129496,0.9977913415431976,0.9996436409950257,1.0000000051259994,1.0000000150203705,-0.004383928871168379,-0.007858219962940794,28.872,0.0
29,valid_unseen,additional20,tag_or_boundary,l2,0.6,500,50,0.0006538631106679922,0.0022249822799999697,0.0006538631106637428,0.002224982280000102,0.0024326743337313747,0.000166712927466553,0.9993094024658203,0.9999788273572922,0.9999999973773956,0.9999999988079071,-0.004066957150246239,-0.010854524828639455,28.716,0.0
29,valid_unseen,additional20,tag_or_boundary,l2,1.0,500,50,0.00140590774789957,0.0029387534947865656,0.0014059069375996663,0.0029387522823490332,0.007987949716806761,0.0024383211388636894,0.9977913415431976,0.9995880060195923,1.0000000044107438,1.000000013589859,-0.004383928871168379,-0.0069147043201713675,28.716,0.0
29,valid_unseen,additional20,tag_or_boundary,l3,0.6,500,50,0.0006597422091497156,0.0024674009201463717,0.0006597422091529264,0.002467400920144572,0.0024326743337313747,0.00014424896599863927,0.9993094024658203,0.9999810999631882,0.9999999973773956,0.9999999982118607,-0.004066957150246239,-0.010852267505520813,28.88,0.0
29,valid_unseen,additional20,tag_or_boundary,l3,1.0,500,50,0.001521225691468751,0.003595256140521312,0.001521225071976606,0.0035952548739373973,0.007987949716806761,0.0019852410244026605,0.9977913415431976,0.9996621211767197,1.0000000054836273,1.0000000121593475,-0.004383928871168379,-0.006840400271526889,28.88,0.0
29,valid_unseen,additional20,valid_reasoning_body,l1,0.6,11206,50,1.5142044801109538,0.9880984037226783,1.5142044587943866,0.9765457590132067,0.12673893780370493,0.15107466272026882,0.9492121416528204,0.9392854659744145,0.9979828226490765,0.9999999932448779,-0.1093317408451494,-1.0874266737969653,25.858290201677672,0.1590219525254328
29,valid_unseen,additional20,valid_reasoning_body,l1,1.0,11206,50,0.9089779793453967,0.5968860820630422,0.908965545095719,0.5866528245751667,0.21753039127804258,0.25842832614427497,0.9158458694012468,0.9005114482664198,0.9978543869489558,0.9999958964015849,-0.13426415440717296,-0.7341262896295406,25.858290201677672,0.1590219525254328
29,valid_unseen,additional20,valid_reasoning_body,l2,0.6,11206,50,2.1954274230546504,1.5557512446175075,2.195427067582289,1.5369725997814225,0.12673893780370493,0.1791393355698888,0.9492121416528204,0.9286454634838353,0.997393352846626,0.9999999708838279,-0.1093317408451494,-1.6592348624374111,23.560146350169553,0.22220239157594146
29,valid_unseen,additional20,valid_reasoning_body,l2,1.0,11206,50,1.3414353496755225,0.9429851536896949,1.3413589782289186,0.9268843607666679,0.21753039127804258,0.3074058244562461,0.9158458694012468,0.8829663675674025,0.9971045471842918,0.9999865858379952,-0.13426415440717296,-1.0926121237724693,23.560146350169553,0.22220239157594146
29,valid_unseen,additional20,valid_reasoning_body,l3,0.6,11206,50,2.10511935267148,1.527085158489895,2.105119262081653,1.5055166239165962,0.12673893780370493,0.15645659805257056,0.9492121416528204,0.937718645480197,0.995984684073276,0.9999999910481334,-0.1093317408451494,-1.6401061009975944,24.409066571479563,0.204890237372836
29,valid_unseen,additional20,valid_reasoning_body,l3,1.0,11206,50,1.2730457738743275,0.9187230844468658,1.2730085313893438,0.8998235808164617,0.21753039127804258,0.27084584752360863,0.9158458694012468,0.896521261351174,0.9957641426214968,0.9999934777646708,-0.13426415440717296,-1.069267560902474,24.409066571479563,0.204890237372836
30,valid_unseen,additional20,action_body,l1,0.6,76,10,0.00019448536306370092,9.214405019703968e-06,0.0001944853630666963,9.214404996143843e-06,9.748820780125621e-07,7.438805211898398e-05,0.9999999309840956,0.9999910357751345,1.0,0.9999999992157284,-6.901573656430053e-08,-8.96744773025061e-06,29.93421052631579,0.0
30,valid_unseen,additional20,action_body,l1,1.0,76,10,0.002072321267794554,0.00019361613992167735,0.0020723212184985793,0.0001936149076136163,0.00012329934780388782,0.0009182327736030581,0.9999864995479584,0.9998328968098289,0.9999999992157284,0.9999999984314567,-1.3508153658560817e-05,-0.00016813173607030239,29.93421052631579,0.0
30,valid_unseen,additional20,action_body,l2,0.6,76,10,0.17749631066988855,0.07683194507278572,0.17749631066988855,0.07683194507278572,9.748820780125621e-07,0.0005353590199159439,0.9999999309840956,0.9999223406377592,1.0,1.0000000007842715,-6.901573656430053e-08,-0.07683230857709954,28.763157894736842,0.013157894736842105
30,valid_unseen,additional20,action_body,l2,1.0,76,10,0.10282553556389394,0.04682862469073526,0.10282552931129038,0.046828624688782114,0.00012329934780388782,0.0038209574260837076,0.9999864995479584,0.9991930268312755,0.9999999992157284,0.9999999984314567,-1.3508153658560817e-05,-0.046883888616390854,28.763157894736842,0.013157894736842105
30,valid_unseen,additional20,action_body,l3,0.6,76,10,0.003250909707998153,0.00013398829929516093,0.0032509097080938893,0.00013398829928327563,9.748820780125621e-07,0.0007456571233452905,0.9999999309840956,0.9998667467581598,1.0,1.0,-6.901573656430053e-08,-0.00013393134210933736,28.592105263157894,0.0
30,valid_unseen,additional20,action_body,l3,1.0,76,10,0.01131615239985005,0.0008329290280564323,0.011316150008025156,0.0008329289884680515,0.00012329934780388782,0.0031571739665972325,0.9999864995479584,0.9991904152067084,0.9999999992157284,0.9999999968629134,-1.3508153658560817e-05,-0.0008343713638452087,28.592105263157894,0.0
30,valid_unseen,additional20,all_response,l1,0.6,1774,10,0.883520734033253,0.6418847717493713,0.8835207124850389,0.64183736971573,0.07710648380756932,0.07924858776454194,0.9685681370226614,0.968401336968953,0.9999871742832889,0.9999999627050983,-0.06504674468857533,-0.7275967482520246,27.179255918827508,0.10484780157835401
30,valid_unseen,additional20,all_response,l1,1.0,1774,10,0.5288541330482005,0.39390621540806203,0.5288513077935236,0.3936068916476471,0.1315712575791743,0.14263506354025754,0.9478312755568455,0.9455544681297752,0.9999127005979738,0.9999947029143874,-0.08069443982445047,-0.4807573040012921,27.179255918827508,0.10484780157835401
30,valid_unseen,additional20,all_response,l2,0.6,1774,10,1.742721116728501,1.2786952072891982,1.742720934642539,1.271852059223555,0.07710648380756932,0.09721859309418927,0.9685681370226614,0.96016608911074,0.9993317260857676,0.9999999633098804,-0.06504674468857533,-1.342540664260173,25.00056369785795,0.157271702367531
30,valid_unseen,additional20,all_response,l2,1.0,1774,10,1.0512230892093906,0.7823347321944827,1.0512072026197263,0.7763642998224972,0.1315712575791743,0.16578124835689878,0.9478312755568455,0.9346721156625226,0.9991187826838458,0.9999941020632812,-0.08069443982445047,-0.857952933033162,25.00056369785795,0.157271702367531
30,valid_unseen,additional20,all_response,l3,0.6,1774,10,1.151772081739112,0.942150098643976,1.1517717553777864,0.9408572419515557,0.07710648380756932,0.08470008214542621,0.9685681370226614,0.9649821949247039,0.9996879715661454,0.9999998598585269,-0.06504674468857533,-0.9768730612830269,26.093010146561443,0.13528748590755355
30,valid_unseen,additional20,all_response,l3,1.0,1774,10,0.6972439695475314,0.5697924961008392,0.6972325658991699,0.5677958487306092,0.1315712575791743,0.1454833370219383,0.9478312755568455,0.9425916398508977,0.9994901559465768,0.9999915747457051,-0.08069443982445047,-0.6320239299393412,26.093010146561443,0.13528748590755355
30,valid_unseen,additional20,reasoning_body,l1,0.6,1548,10,1.010347749772095,0.7328177013867159,1.0103477250779418,0.7327633789011381,0.08670786385494125,0.09023217852146888,0.9647245853754285,0.9639412530671411,0.9999853021029662,0.9999999574527568,-0.07365062723618006,-0.8304328946088065,26.881782945736433,0.11886304909560723
30,valid_unseen,additional20,reasoning_body,l1,1.0,1548,10,0.6037874384943237,0.44978780005948893,0.6037842010953799,0.4494447767861282,0.1482604354357157,0.1618389358155049,0.9413537962857913,0.9380945984745827,0.999899956029515,0.9999939301063232,-0.09110092546709465,-0.5484814372090301,26.881782945736433,0.11886304909560723
30,valid_unseen,additional20,reasoning_body,l2,0.6,1548,10,1.9866780239335802,1.457971564220468,1.9866778152640043,1.4501293519023466,0.08670786385494125,0.1110050485212892,0.9647245853754285,0.9544341969436145,0.9992341618559359,0.999999958530877,-0.07365062723618006,-1.530384783660119,24.468992248062015,0.17829457364341086
30,valid_unseen,additional20,reasoning_body,l2,1.0,1548,10,1.198127222317917,0.8924064857814316,1.1981090173764806,0.8855644013131483,0.1482604354357157,0.18840310613213423,0.9413537962857913,0.9255484699991168,0.9989901302028592,0.9999932419191035,-0.09110092546709465,-0.9779326650154093,24.468992248062015,0.17829457364341086
30,valid_unseen,additional20,reasoning_body,l3,0.6,1548,10,1.3182035954988012,1.0767368137908766,1.3182032214904045,1.0752552067027934,0.08670786385494125,0.09662027843368061,0.9647245853754285,0.9599750040421499,0.9996424173353871,0.9999998395526132,-0.07365062723618006,-1.1158841835617421,25.75,0.15374677002583978
30,valid_unseen,additional20,reasoning_body,l3,1.0,1548,10,0.7973149139981576,0.6513320722599547,0.7973018458748273,0.6490439248934121,0.1482604354357157,0.16529268801479977,0.9413537962857913,0.9346142989085164,0.9994157221967244,0.9999903454337009,-0.09110092546709465,-0.721768612270602,25.75,0.15374677002583978
30,valid_unseen,additional20,reasoning_close_tag,l1,0.6,40,10,0.025812526075395914,0.0013943055129987728,0.025812526075805187,0.001394305512924166,4.766659767635383e-06,0.005666133666539618,0.9999996408820152,0.9986378818750381,0.9999999955296517,1.0,-3.57626822555801e-07,-0.0013962941289136666,28.225,0.0
30,valid_unseen,additional20,reasoning_close_tag,l1,1.0,40,10,0.045403034916354945,0.005067398940766821,0.0454030258236257,0.005067398026758331,0.0004957955801641649,0.01732696388201713,0.9999438121914863,0.9950413838028908,1.000000001490116,1.0000000134110452,-5.620378646451485e-05,-0.005273263511682558,28.225,0.0
30,valid_unseen,additional20,reasoning_close_tag,l2,0.6,40,10,0.003421694802279366,0.00024312539394275397,0.003421694802452738,0.00024312539398822867,4.766659767635383e-06,0.0015409259775466238,0.9999996408820152,0.9997563824057579,0.9999999955296517,0.9999999940395355,-3.57626822555801e-07,-0.0002442852003092355,28.1,0.0
30,valid_unseen,additional20,reasoning_close_tag,l2,1.0,40,10,0.01478500478578082,0.0020316590471763036,0.014784982766963935,0.002031658268240773,0.0004957955801641649,0.009774992199938356,0.9999438121914863,0.9978555649518966,1.0000000029802323,0.9999999985098839,-5.620378646451485e-05,-0.002184646272406532,28.1,0.0
30,valid_unseen,additional20,reasoning_close_tag,l3,0.6,40,10,0.0005255525227239106,6.817131710887416e-05,0.0005255525226997452,6.817131713154368e-05,4.766659767635383e-06,0.0005379664463141331,0.9999996408820152,0.9999307662248611,0.9999999955296517,1.0,-3.57626822555801e-07,-6.92870010709612e-05,27.875,0.0
30,valid_unseen,additional20,reasoning_close_tag,l3,1.0,40,10,0.00482813317580715,0.0010078345892365807,0.004828127888072072,0.001007834012315161,0.0004957955801641649,0.0062153167817352445,0.9999438121914863,0.9988634929060936,1.0000000059604646,1.000000001490116,-5.620378646451485e-05,-0.0011453591096028503,27.875,0.0
30,valid_unseen,additional20,special,l1,0.6,10,10,8.597585897341872e-12,-1.9539317778642435e-12,8.593746478595833e-12,-1.959230856131628e-12,7.859164874446379e-10,9.002621481624118e-10,1.0,1.0,1.0,1.0,0.0,0.0,27.7,0.0
30,valid_unseen,additional20,special,l1,1.0,10,10,5.152650599526964e-08,2.2276638822482652e-08,4.401877893300821e-08,1.3586949476618316e-08,1.78929534740746e-05,1.756112942530308e-05,0.9999991059303284,0.9999991118907928,0.9999997854232788,0.9999998271465301,-8.702273873950616e-07,-8.58306486861693e-07,27.7,0.0
30,valid_unseen,additional20,special,l2,0.6,10,10,4.687389755855809e-12,1.6648327031201782e-12,4.683651990550208e-12,1.6583422135507674e-12,7.859164874446379e-10,8.207301366303099e-10,1.0,1.0,1.0,1.0,0.0,0.0,27.7,0.0
30,valid_unseen,additional20,special,l2,1.0,10,10,5.89167967746107e-08,5.975966548277256e-08,5.0352037206380373e-08,4.9007471014661516e-08,1.78929534740746e-05,1.6674809103278676e-05,0.9999991059303284,0.9999991297721863,0.9999997913837433,0.9999997973442077,-8.702273873950616e-07,-8.225437568398775e-07,27.7,0.0
30,valid_unseen,additional20,special,l3,0.6,10,10,-2.1262011574117724e-12,5.885016356611122e-12,-2.136317267835072e-12,5.874802638176739e-12,7.859164874446379e-10,6.974404331838713e-10,1.0,1.0,1.0,1.0,0.0,0.0,26.9,0.0
30,valid_unseen,additional20,special,l3,1.0,10,10,7.229729259705664e-08,1.1583787262736678e-08,5.658779151929139e-08,-3.657316405281108e-09,1.78929534740746e-05,1.7666732128418515e-05,0.9999991059303284,0.9999991416931152,0.9999997854232788,0.9999997973442077,-8.702273873950616e-07,-8.225437454711937e-07,26.9,0.0
30,valid_unseen,additional20,tag_or_boundary,l1,0.6,100,10,0.023001835970937513,0.04245310821466625,0.02300183597093709,0.04245310821466276,0.025628642618911138,0.006752834954383541,0.9884623652696609,0.9981807804107666,0.9999999970197677,0.9999999976158143,-0.013817345656569984,-0.051899772534751636,29.22,0.02
30,valid_unseen,additional20,tag_or_boundary,l1,1.0,100,10,0.015506589100231156,0.023007006347821254,0.015506588443242651,0.023007005280807652,0.0387087538779291,0.0174489022064657,0.9824028867483139,0.9945424139499665,1.000000010728836,1.0000000047683715,-0.021244201521021255,-0.03590475363239868,29.22,0.02
30,valid_unseen,additional20,tag_or_boundary,l2,0.6,100,10,0.02583092624129958,0.05616363476446563,0.025830926241299183,0.05616363476446231,0.025628642618911138,0.005276447053133388,0.9884623652696609,0.9988615202903748,0.9999999970197677,0.9999999928474427,-0.013817345656569984,-0.06782466431810769,28.86,0.02
30,valid_unseen,additional20,tag_or_boundary,l2,1.0,100,10,0.017626786258681516,0.02776332487376572,0.017626785067455096,0.027763323552048677,0.0387087538779291,0.01766367092123636,0.9824028867483139,0.9950641769170762,1.0000000095367432,1.0000000077486038,-0.021244201521021255,-0.04518168145796381,28.86,0.02
30,valid_unseen,additional20,tag_or_boundary,l3,0.6,100,10,0.02396415934345131,0.04572777282646753,0.02396415934345091,0.04572777282646479,0.025628642618911138,0.0061156610444729,0.9884623652696609,0.9985000413656234,0.9999999970197677,0.9999999976158143,-0.013817345656569984,-0.055711443004693634,28.71,0.02
30,valid_unseen,additional20,tag_or_boundary,l3,1.0,100,10,0.01614161475778799,0.02446224118938946,0.016141614088841957,0.02446223986055749,0.0387087538779291,0.017256242699564595,0.9824028867483139,0.9948163169622422,1.000000006556511,1.000000010728836,-0.021244201521021255,-0.0380340510402533,28.71,0.02
30,valid_unseen,additional20,valid_reasoning_body,l1,0.6,1548,10,1.010347749772095,0.7328177013867159,1.0103477250779418,0.7327633789011381,0.08670786385494125,0.09023217852146888,0.9647245853754285,0.9639412530671411,0.9999853021029662,0.9999999574527568,-0.07365062723618006,-0.8304328946088065,26.881782945736433,0.11886304909560723
30,valid_unseen,additional20,valid_reasoning_body,l1,1.0,1548,10,0.6037874384943237,0.44978780005948893,0.6037842010953799,0.4494447767861282,0.1482604354357157,0.1618389358155049,0.9413537962857913,0.9380945984745827,0.999899956029515,0.9999939301063232,-0.09110092546709465,-0.5484814372090301,26.881782945736433,0.11886304909560723
30,valid_unseen,additional20,valid_reasoning_body,l2,0.6,1548,10,1.9866780239335802,1.457971564220468,1.9866778152640043,1.4501293519023466,0.08670786385494125,0.1110050485212892,0.9647245853754285,0.9544341969436145,0.9992341618559359,0.999999958530877,-0.07365062723618006,-1.530384783660119,24.468992248062015,0.17829457364341086
30,valid_unseen,additional20,valid_reasoning_body,l2,1.0,1548,10,1.198127222317917,0.8924064857814316,1.1981090173764806,0.8855644013131483,0.1482604354357157,0.18840310613213423,0.9413537962857913,0.9255484699991168,0.9989901302028592,0.9999932419191035,-0.09110092546709465,-0.9779326650154093,24.468992248062015,0.17829457364341086
30,valid_unseen,additional20,valid_reasoning_body,l3,0.6,1548,10,1.3182035954988012,1.0767368137908766,1.3182032214904045,1.0752552067027934,0.08670786385494125,0.09662027843368061,0.9647245853754285,0.9599750040421499,0.9996424173353871,0.9999998395526132,-0.07365062723618006,-1.1158841835617421,25.75,0.15374677002583978
30,valid_unseen,additional20,valid_reasoning_body,l3,1.0,1548,10,0.7973149139981576,0.6513320722599547,0.7973018458748273,0.6490439248934121,0.1482604354357157,0.16529268801479977,0.9413537962857913,0.9346142989085164,0.9994157221967244,0.9999903454337009,-0.09110092546709465,-0.721768612270602,25.75,0.15374677002583978
